346	CAA AAA AAK AKG KGA GAQ AQK QKL KLV LVF	CAS ASS SSV SVD VDR DRA RAQ AQL QLF LFG FGY GYT YTF	TTDPSFLGRY
460	CVV VVN VNR NRR RRD RDD DDM DMR MRF	CAS AST STE TEG EGN GNT NTG TGE GEL ELF LFF	YLQPRTFLL
204	CAM AMS MSA SAR ARS RSG SGY GYS YST STL TLT LTF	CAS ASS SSL SLL LLP LPE PEQ EQE QET ETQ TQY QYF	TTDPSFLGRY
406	CGA GAE AET ETS TSG SGS GSR SRL RLT LTF	CAS ASS SSL SLA LAE AEG EGP GPR PRY RYG YGY GYT YTF	YLQPRTFLL
172	CAL ALS LSG SGY GYT YTG TGG GGG GGN GNK NKL KLT LTF	CAS ASS SSP SPR PRD RDH DHQ HQE QET ETQ TQY QYF	TTDPSFLGRY
514	CVV VVN VNQ NQA QAD ADK DKL KLI LIF	CAT ATG TGL GLA LAN ANT NTG TGE GEL ELF LFF	YLQPRTFLL
199	CAA AAS ASV SVG VGY GYG YGG GGA GAT ATN TNK NKL KLI LIF	CAS ASR SRQ RQA QAG AGD GDE DEQ EQY QYF	TTDPSFLGRY
304	CGP GPG PGG GGY GYN YNK NKL KLI LIF	CSV SVE VEG EGD GDL DLS LSG SGD GDE DEQ EQF QFF	TTDPSFLGRY
218	CAV AVR VRS RSR SRG RGN GNN NNR NRL RLA LAF	CAS ASS SSP SPS PSG SGS GSL SLE LEQ EQY QYF	TTDPSFLGRY
156	CAV AVG VGL GLN LNT NTG TGT GTA TAS ASK SKL KLT LTF	CAS ASS SSW SWT WTS TSG SGS GSH SHE HEQ EQY QYF	TTDPSFLGRY
206	CAA AAS ASS SSG SGN GNT NTG TGK GKL KLI LIF	CAS ASW SWT WTD TDS DSQ SQG QGE GET ETQ TQY QYF	TTDPSFLGRY
161	CAA AAS ASL SLS LSL SLN LNS NSG SGY GYA YAL ALN LNF	CAS ASS SSP SPG PGR GRM RMS MSS SSR SRY RYE YEQ EQY QYF	TTDPSFLGRY
47	CAA AAR ARE REI EIG IGN GNQ NQF QFY FYF	CAR ARR RRG RGD GDR DRA RAE AEQ EQY QYF	LTDEMIAQY
231	CAA AAS ASD SDG DGN GNT NTG TGK GKL KLI LIF	CAS ASW SWT WTD TDD DDN DNQ NQP QPQ PQH QHF	TTDPSFLGRY
370	CAM AMR MRE REE EEY EYY YYG YGN GNN NNR NRL RLA LAF	CAS ASS SSL SLY LYG YGQ GQS QSD SDS DSP SPL PLH LHF	TTDPSFLGRY
2	CAV AVR VRT RTS TSG SGT GTY TYK YKY KYI YIF	CAS ASS SSE SEG EGI GIT ITS TSN SNQ NQP QPQ PQH QHF	LTDEMIAQY
109	CAV AVR VRR RRR RRF RFL FLN LND NDM DMR MRF	CAS ASS SSL SLK LKA KAP APP PPH PHS HSN SNT NTE TEA EAF AFF	LTDEMIAQY
585	CAV AVR VRV RVS VSG SGG GGY GYN YNK NKL KLI LIF	CAI AIS ISG SGD GDP DPT PTG TGV GVN VNN NNE NEQ EQF QFF	YLQPRTFLL
463	CVV VVN VNK NKE KED EDR DRL RLM LMF	CAS ASG SGD GDT DTN TNT NTG TGE GEL ELF LFF	YLQPRTFLL
349	CAM AMR MRA RAT ATA TAR ARQ RQL QLT LTF	CSA SAR ARD RDR DRE REG EGP GPN PNY NYE YEQ EQY QYF	TTDPSFLGRY
362	CVV VVN VNP NPV PVT VTG TGN GNT NTP TPL PLV LVF	CAS ASR SRW RWT WTD TDG DGI GIM IMN MNT NTE TEA EAF AFF	TTDPSFLGRY
452	CLV LVG VGD GDT DTY TYS YSG SGA GAG AGS GSY SYQ YQL QLT LTF	CAS ASS SSL SLL LLG LGE GEP EPG PGE GEA EAF AFF	YLQPRTFLL
263	CAP APH PHR HRR RRE REA EAG AGG GGS GSY SYI YIP IPT PTF	CAS ASS SSV SVS VSY SYG YGY GYT YTF	TTDPSFLGRY
29	CVV VVN VNI NIG IGS GST STL TLT LTF	CAS ASS SST STG TGG GGR GRG RGE GEQ EQF QFF	LTDEMIAQY
264	CAL ALP LPL PLG LGE GED EDK DKI KII IIF	CAS ASS SSL SLS LSS SSP SPF PFW FWE WEQ EQF QFF	TTDPSFLGRY
25	CAA AAL ALG LGN GNQ NQF QFY FYF	CAS ASS SSL SLG LGA GAG AGT GTY TYE YEQ EQY QYF	LTDEMIAQY
175	CAG AGL GLI LIG IGF GFG FGN GNV NVL VLH LHC	CSV SVA VAS ASS SSE SEA EAF AFF	TTDPSFLGRY
345	CAT ATD TDA DAN ANY NYG YGQ GQN QNF NFV FVF	CAS ASS SSP SPR PRD RDW DWY WYN YNE NEQ EQF QFF	TTDPSFLGRY
332	CAL ALD LDV DVS VSG SGS GSA SAR ARQ RQL QLT LTF	CSA SAR ARD RDG DGD GDS DSI SIS ISY SYN YNE NEQ EQF QFF	TTDPSFLGRY
559	CAV AVN VNT NTL TLM LMY MYS YSG SGG GGG GGA GAD ADG DGL GLT LTF	CAS ASS SSP SPD PDI DIE IEA EAF AFF	YLQPRTFLL
454	CVV VVN VNN NNN NNN NND NDM DMR MRF	CAT ATQ TQD QDT DTN TNT NTG TGE GEL ELF LFF	YLQPRTFLL
461	CVV VVN VNE NEA EAD ADK DKL KLI LIF	CSA SAR ARD RDG DGV GVA VAH AHN HNT NTG TGE GEL ELF LFF	YLQPRTFLL
364	CLV LVG VGD GDW DWG WGN GNY NYG YGQ GQN QNF NFV FVF	CSG SGK GKP KPR PRG RGG GGA GAI AIY IYE YEQ EQY QYF	TTDPSFLGRY
428	CAV AVN VNS NSA SAD ADK DKL KLI LIF	CAS ASS SSR SRD RDI DIE IEA EAF AFF	YLQPRTFLL
294	CAV AVV VVP VPT PTF TFG FGG GGS GSY SYI YIP IPT PTF	CSV SVE VEG EGT GTE TES ESY SYE YEQ EQY QYF	TTDPSFLGRY
11	CAM AMS MSG SGR GRA RAG AGG GGT GTS TSY SYG YGK GKL KLT LTF	CAS ASS SSL SLV LVE VET ETN TNY NYG YGY GYT YTF	LTDEMIAQY
193	CIV IVR VRA RAL ALL LLG LGG GGY GYQ YQK QKV KVT VTF	CSA SAR ARD RDR DRT RTS TSG SGT GTY TYE YEQ EQY QYF	TTDPSFLGRY
42	CAS ASA SAG AGG GGG GGN GNK NKL KLT LTF	CAS ASR SRE REG EGR GRA RAY AYN YNE NEQ EQF QFF	LTDEMIAQY
45	CAV AVR VRG RGS GSP SPG PGT GTY TYK YKY KYI YIF	CAS ASL SLN LNR NRA RAA AAN ANT NTG TGE GEL ELF LFF	LTDEMIAQY
90	CAM AMR MRE REG EGP GPG PGA GAG AGS GSY SYQ YQL QLT LTF	CAS ASR SRS RSG SGQ GQR QRN RNT NTE TEA EAF AFF	LTDEMIAQY
389	CVV VVN VNK NKE KED EDR DRL RLM LMF	CAS ASS SSL SLD LDI DIE IEL ELF LFF	YLQPRTFLL
519	CAV AVP VPP PPG PGF GFQ FQK QKL KLV LVF	CAS ASS SSQ SQD QDG DGG GGG GGN GNT NTE TEA EAF AFF	YLQPRTFLL
274	CAA AAV AVG VGG GGY GYQ YQK QKV KVT VTF	CAS ASS SSY SYR YRG RGS GSS SSL SLS LSS SSY SYE YEQ EQY QYF	TTDPSFLGRY
8	CAE AEN ENI NIF IFS FSG SGG GGY GYN YNK NKL KLI LIF	CAS ASS SSD SDT DTQ TQG QGS GSQ SQP QPQ PQH QHF	LTDEMIAQY
382	CAL ALH LHD HDY DYK YKL KLS LSF	CAS ASS SSL SLS LSA SAG AGL GLD LDE DEQ EQF QFF	TTDPSFLGRY
368	CAG AGP GPK PKN KNT NTG TGN GNQ NQF QFY FYF	CAS ASS SSL SLD LDH DHP HPW PWG WGS GSP SPL PLH LHF	TTDPSFLGRY
31	CAV AVR VRD RDG DGG GGF GFG FGN GNV NVL VLH LHC	CAS ASS SSY SYD YDN DNG NGG GGN GNT NTG TGE GEL ELF LFF	LTDEMIAQY
76	CAA AAR ARN RNH NHM HMN MNY NYG YGG GGS GSQ SQG QGN GNL NLI LIF	CAS ASS SSY SYS YSR SRP RPT PTG TGH GHT HTE TEA EAF AFF	LTDEMIAQY
77	CAC ACN CNT NTG TGN GNQ NQF QFY FYF	CAS ASS SSL SLA LAS ASN SNQ NQP QPQ PQH QHF	LTDEMIAQY
16	CAV AVN VND NDA DAG AGG GGT GTS TSY SYG YGK GKL KLT LTF	CAS ASS SSL SLG LGG GGP GPG PGT GTG TGY GYE YEQ EQY QYF	LTDEMIAQY
0	CAV AVD VDI DIR IRA RAG AGN GNM NML MLT LTF	CAS ASS SSL SLA LAG AGY GYE YEQ EQY QYF	LTDEMIAQY
129	CAG AGA GAA AAG AGN GNK NKL KLT LTF	CAS ASS SSY SYG YGP GPP PPY PYE YEQ EQY QYF	LTDEMIAQY
469	CVV VVN VNE NEG EGD GDK DKL KLI LIF	CAW AWD WDR DRD RDH DHN HNT NTG TGE GEL ELF LFF	YLQPRTFLL
6	CAA AAN ANS NSG SGY GYA YAL ALN LNF	CAS ASS SSL SLA LAL ALA LAG AGI GIR IRY RYN YNE NEQ EQF QFF	LTDEMIAQY
265	CAM AMR MRE REF EFS FSN SND NDY DYK YKL KLS LSF	CAS ASS SSL SLR LRD RDS DSG SGD GDT DTQ TQY QYF	TTDPSFLGRY
473	CVV VVN VNR NRV RVD VDG DGY GYA YAL ALN LNF	CAW AWE WED EDR DRN RNT NTG TGE GEL ELF LFF	YLQPRTFLL
339	CAV AVP VPN PNF NFG FGN GNE NEK EKL KLT LTF	CAS ASS SSP SPL PLG LGT GTY TYE YEQ EQY QYF	TTDPSFLGRY
380	CAV AVE VER ERN RNA NAG AGN GNM NML MLT LTF	CAS ASS SSP SPL PLS LSG SGL GLK LKE KEY EYF	TTDPSFLGRY
221	CAE AES ESK SKS KSG SGY GYN YNK NKL KLI LIF	CAS ASS SSL SLV LVP VPG PGH GHN HNE NEQ EQF QFF	TTDPSFLGRY
138	CAS ASP SPN PNY NYG YGN GNM NML MLT LTF	CAS ASK SKQ KQG QGW GWS WSN SNQ NQP QPQ PQH QHF	TTDPSFLGRY
101	CAA AAS ASN SNQ NQA QAG AGT GTA TAL ALI LIF	CAS ASI SIG IGM GMY MYR YRN RNE NEQ EQF QFF	LTDEMIAQY
305	CLV LVG VGG GGG GGF GFK FKT KTI TIF	CAS ASS SSE SEK EKL KLP LPE PEF EFN FNQ NQP QPQ PQH QHF	TTDPSFLGRY
79	CAV AVP VPS PSG SGY GYA YAL ALN LNF	CAT ATT TTE TEQ EQG QGS GSL SLI LIE IEQ EQY QYF	LTDEMIAQY
247	CAM AMR MRE REG EGS GSG SGG GGF GFG FGN GNV NVL VLH LHC	CSV SVL VLT LTT TTG TGP GPG PGQ GQP QPQ PQH QHF	TTDPSFLGRY
520	CAL ALS LSG SGL GLI LIQ IQG QGG GGS GSE SEK EKL KLV LVF	CAS ASS SSL SLG LGI GIA IAK AKN KNI NIQ IQY QYF	YLQPRTFLL
388	CAG AGD GDG DGN GNF NFG FGN GNE NEK EKL KLT LTF	CAS ASS SSQ SQD QDP DPG PGR GRG RGS GSP SPL PLH LHF	YLQPRTFLL
211	CAA AAR ARR RRW RWA WAI AIG IGA GAG AGK GKS KST STF	CAS ASS SSD SDR DRA RAG AGT GTD TDT DTQ TQY QYF	TTDPSFLGRY
233	CAV AVW VWD WDN DNQ NQG QGG GGK GKL KLI LIF	CSV SVE VEE EEA EAG AGS GSY SYE YEQ EQY QYF	TTDPSFLGRY
201	CAL ALM LMG MGS GSQ SQG QGN GNL NLI LIF	CAS ASS SSL SLD LDS DSP SPY PYE YEQ EQY QYF	TTDPSFLGRY
327	CAA AAL ALM LMG MGN GNQ NQF QFY FYF	CAS ASS SSL SLM LML MLG LGE GEE EET ETQ TQY QYF	TTDPSFLGRY
84	CVV VVR VRG RGF GFQ FQK QKL KLV LVF	CAT ATS TSP SPH PHQ HQE QEG EGR GRT RTE TEA EAF AFF	LTDEMIAQY
116	CAV AVR VRY RYR YRG RGS GST STL TLG LGR GRL RLY LYF	CAS ASS SSR SRG RGT GTS TSG SGR GRG RGI GIN INE NEQ EQF QFF	LTDEMIAQY
243	CAA AAS ASI SIG IGY GYS YST STL TLT LTF	CSV SVR VRL RLA LAG AGG GGS GSG SGE GET ETQ TQY QYF	TTDPSFLGRY
356	CAL ALN LNA NAG AGN GNM NML MLT LTF	CAS AST STT TTG TGT GTG TGY GYA YAE AEA EAF AFF	TTDPSFLGRY
541	CAV AVR VRD RDR DRG RGS GSQ SQG QGN GNL NLI LIF	CAS ASS SSP SPD PDR DRG RGG GGG GGY GYT YTF	YLQPRTFLL
530	CVV VVN VNK NKE KEN ENN NNL NLF LFF	CAW AWG WGS GSM SMN MNT NTG TGE GEL ELF LFF	YLQPRTFLL
190	CAE AEF EFT FTR TRQ RQA QAG AGT GTA TAL ALI LIF	CAS ASS SSL SLS LSA SAG AGL GLD LDE DEQ EQF QFF	TTDPSFLGRY
91	CAV AVS VSP SPS PSE SEG EGT GTY TYK YKY KYI YIF	CAS ASS SSL SLD LDD DDG DGD GDR DRW RWG WGY GYT YTF	LTDEMIAQY
481	CAA AAS ASG SGG GGG GGG GGG GGA GAD ADG DGL GLT LTF	CAS ASS SSY SYG YGN GNQ NQP QPQ PQH QHF	YLQPRTFLL
150	CVG VGT GTP TPD PDY DYQ YQL QLI LIW	CAS ASR SRL RLQ LQG QGA GAG AGT GTE TEA EAF AFF	TTDPSFLGRY
75	CAA AAR ARP RPG PGA GAD ADK DKL KLI LIF	CAS AST STT TTE TEE EEN ENR NRP RPY PYE YEQ EQY QYF	LTDEMIAQY
408	CAM AMW MWG WGS GSR SRN RNA NAG AGN GNN NNR NRK RKL KLI LIW	CAS ASS SSH SHG HGG GGP GPG PGG GGL GLN LNE NEQ EQF QFF	YLQPRTFLL
323	CAA AAA AAT ATD TDS DSW SWG WGK GKL KLQ LQF	CAS ASS SSL SLE LEQ EQG QGL GLP LPH PHA HAQ AQY QYF	TTDPSFLGRY
552	CVV VVN VNN NNN NNN NND NDM DMR MRF	CAI AIE IED EDL DLN LNT NTG TGE GEL ELF LFF	YLQPRTFLL
429	CAT ATA TAS ASG SGG GGG GGA GAD ADG DGL GLT LTF	CAS ASS SSL SLV LVS VSP SPG PGF GFG FGT GTE TEA EAF AFF	YLQPRTFLL
41	CAV AVN VNV NVG VGG GGG GGS GSN SNY NYK YKL KLT LTF	CSV SVG VGT GTG TGW GWP WPY PYE YEQ EQY QYF	LTDEMIAQY
170	CAA AAG AGP GPG PGG GGA GAD ADG DGL GLT LTF	CAS ASS SSP SPQ PQG QGV GVT VTQ TQY QYF	TTDPSFLGRY
582	CAP APN PNA NAG AGG GGT GTS TSY SYG YGK GKL KLT LTF	CAS ASS SSV SVA VAY AYR YRG RGN GNE NEQ EQF QFF	YLQPRTFLL
497	CVV VVN VNM NMP MPG PGA GAG AGS GSY SYQ YQL QLT LTF	CAS ASS SSP SPV PVA VAG AGG GGN GNT NTG TGE GEL ELF LFF	YLQPRTFLL
485	CVV VVG VGT GTG TGG GGG GGN GNK NKL KLT LTF	CSA SAN ANR NRA RAG AGK GKN KNI NIQ IQY QYF	YLQPRTFLL
553	CAG AGN GNQ NQG QGG GGK GKL KLI LIF	CSA SAR ARD RDR DRS RSS SSY SYE YEQ EQY QYF	YLQPRTFLL
451	CAV AVN VNM NMR MRR RRD RDD DDK DKI KII IIF	CAS ASR SRY RYG YGG GGQ GQG QGD GDS DSE SEQ EQF QFF	YLQPRTFLL
568	CAA AAS ASE SEG EGG GGG GGS GST STL TLG LGR GRL RLY LYF	CAS ASS SSE SES EST STG TGY GYG YGY GYT YTF	YLQPRTFLL
44	CAF AFM FMK MKP KPK PKN KNY NYG YGG GGS GSQ SQG QGN GNL NLI LIF	CAS ASS SSS SSR SRQ RQG QGP GPK PKE KEY EYG YGY GYT YTF	LTDEMIAQY
178	CAA AAS ASE SEG EGD GDS DSN SNY NYQ YQL QLI LIW	CAS ASD SDL DLL LLN LNR NRA RAS ASY SYE YEQ EQY QYF	TTDPSFLGRY
377	CAE AEA EAA AAP APT PTG TGT GTA TAS ASK SKL KLT LTF	CAS ASS SSF SFT FTS TSG SGS GSY SYE YEQ EQY QYF	TTDPSFLGRY
67	CAV AVG VGA GAY AYN YNQ NQG QGG GGK GKL KLI LIF	CAS ASS SSL SLP LPG PGA GAR ARS RSG SGA GAN ANV NVL VLT LTF	LTDEMIAQY
159	CAM AMS MST STG TGN GNN NNA NAR ARL RLM LMF	CAS AST STD TDG DGG GGF GFG FGY GYT YTF	TTDPSFLGRY
369	CAL ALS LSA SAN ANQ NQA QAG AGT GTA TAL ALI LIF	CAS ASS SSL SLR LRS RSG SGL GLD LDT DTQ TQY QYF	TTDPSFLGRY
113	CAV AVR VRD RDI DIS ISD SDG DGQ GQK QKL KLL LLF	CAS ASS SSP SPL PLS LSY SYE YEQ EQY QYF	LTDEMIAQY
123	CAV AVV VVR VRS RSG SGT GTY TYK YKY KYI YIF	CAS ASS SSL SLT LTG TGT GTG TGA GAL ALY LYE YEQ EQY QYF	LTDEMIAQY
539	CIP IPI PIS ISG SGG GGY GYN YNK NKL KLI LIF	CAS ASS SSQ SQE QEG EGV GVG VGQ GQG QGW GWS WSP SPL PLH LHF	YLQPRTFLL
66	CAL ALR LRS RSN SNY NYQ YQL QLI LIW	CAW AWG WGL GLA LAG AGG GGP GPI PIE IEQ EQF QFF	LTDEMIAQY
486	CVV VVN VNM NME MED EDK DKL KLV LVF	CAS ASL SLR LRQ RQN QNS NSG SGE GEQ EQF QFF	YLQPRTFLL
72	CAV AVG VGG GGG GGA GAD ADG DGL GLT LTF	CAS ASV SVN VNP NPT PTG TGA GAK AKN KNI NIQ IQY QYF	LTDEMIAQY
384	CAM AMR MRE REK EKN KNQ NQG QGG GGK GKL KLI LIF	CAS ASS SSE SED EDR DRG RGS GSY SYG YGY GYT YTF	TTDPSFLGRY
337	CAV AVA VAG AGR GRN RNT NTG TGR GRR RRA RAL ALT LTF	CAS ASS SSQ SQD QDG DGI GIA IAG AGY GYN YNE NEQ EQF QFF	TTDPSFLGRY
232	CAA AAS ASA SAG AGP GPI PIG IGF GFG FGN GNV NVL VLH LHC	CAS ASS SSP SPG PGQ GQR QRS RSY SYN YNE NEQ EQF QFF	TTDPSFLGRY
466	CVV VVN VNR NRE RED EDM DML MLT LTF	CAW AWT WTR TRD RDR DRN RNT NTG TGE GEL ELF LFF	YLQPRTFLL
185	CAM AMR MRE REG EGL GLG LGS GSG SGG GGS GSN SNY NYK YKL KLT LTF	CAS ASS SSL SLT LTA TAP APT PTD TDT DTQ TQY QYF	TTDPSFLGRY
267	CAT ATD TDP DPT PTL TLN LNT NTG TGN GNQ NQF QFY FYF	CSV SVR VRG RGR GRT RTH THN HNE NEQ EQF QFF	TTDPSFLGRY
216	CAM AMR MRV RVW VWG WGN GNN NNN NND NDM DMR MRF	CAS ASS SSS SSR SRG RGR GRT RTS TSS SSY SYE YEQ EQY QYF	TTDPSFLGRY
250	CAV AVF VFS FSG SGN GNT NTG TGK GKL KLI LIF	CSV SVE VEQ EQG QGT GTY TYE YEQ EQY QYF	TTDPSFLGRY
442	CVV VVN VNE NEN ENN NND NDM DMR MRF	CAS ASG SGD GDE DEN ENT NTG TGE GEL ELF LFF	YLQPRTFLL
496	CAV AVN VNT NTG TGF GFQ FQK QKL KLV LVF	CAS ASS SSL SLY LYG YGG GGY GYE YEQ EQY QYF	YLQPRTFLL
410	CAM AMR MRE RET ETN TNF NFG FGN GNE NEK EKL KLT LTF	CAS ASS SSR SRN RNR NRY RYT YTD TDT DTQ TQY QYF	YLQPRTFLL
301	CAL ALF LFS FSS SSG SGN GNQ NQF QFY FYF	CAS ASS SSL SLD LDS DSP SPY PYE YEQ EQY QYF	TTDPSFLGRY
538	CAV AVE VEV EVY VYS YSG SGG GGG GGA GAD ADG DGL GLT LTF	CAW AWS WSG SGF GFA FAN ANT NTG TGE GEL ELF LFF	YLQPRTFLL
397	CAV AVT VTN TNS NSN SNY NYQ YQL QLI LIW	CAS ASR SRL RLG LGT GTG TGE GEV EVG VGE GEL ELF LFF	YLQPRTFLL
279	CAV AVR VRD RDR DRW RWD WDD DDY DYK YKL KLS LSF	CAC ACA CAG AGF GFL FLH LHH HHT HTG TGE GEL ELF LFF	TTDPSFLGRY
280	CAM AMS MSL SLG LGS GSF SFG FGN GNV NVL VLH LHC	CAS ASN SNP NPG PGG GGV GVE VET ETQ TQY QYF	TTDPSFLGRY
152	CAL ALS LSP SPW PWV WVG VGS GSQ SQG QGN GNL NLI LIF	CAS ASS SSL SLY LYI YIS ISV SVG VGS GSN SNT NTE TEA EAF AFF	TTDPSFLGRY
23	CAV AVD VDL DLS LSG SGS GSA SAR ARQ RQL QLT LTF	CSA SAR ARG RGD GDR DRG RGE GEG EGY GYE YEQ EQY QYF	LTDEMIAQY
447	CAC ACN CNA NAG AGN GNM NML MLT LTF	CAS ASR SRT RTD TDG DGL GLA LAG AGY GYN YNE NEQ EQF QFF	YLQPRTFLL
1	CGT GTE TEL ELR LRG RGK GKL KLI LIF	CAS ASS SSL SLG LGF GFP FPN PNQ NQP QPQ PQH QHF	LTDEMIAQY
61	CAV AVG VGT GTN TNY NYG YGN GNN NNR NRL RLA LAF	CAS ASS SSE SEA EAP API PIG IGN GNT NTI TIY IYF	LTDEMIAQY
238	CAE AEN ENS NSG SGG GGA GAT ATN TNK NKL KLI LIF	CAS ASS SSL SLS LSG SGY GYN YNE NEQ EQF QFF	TTDPSFLGRY
566	CAV AVA VAN ANQ NQA QAG AGT GTA TAL ALI LIF	CAT ATC TCL CLG LGS GSS SSA SAG AGE GEL ELF LFF	YLQPRTFLL
420	CAV AVM VMD MDS DSN SNY NYQ YQL QLI LIW	CSA SAR ARV RVL VLT LTS TSG SGE GET ETY TYE YEQ EQY QYF	YLQPRTFLL
324	CAL ALS LSG SGT GTG TGN GNQ NQF QFY FYF	CAS ASS SSL SLS LSG SGP GPL PLE LET ETQ TQY QYF	TTDPSFLGRY
464	CVV VVN VNS NSA SAD ADK DKL KLI LIF	CAS ASS SSP SPE PEI EIK IKA KAF AFF	YLQPRTFLL
271	CAE AEV EVN VNG NGG GGS GSQ SQG QGN GNL NLI LIF	CAS ASS SSP SPK PKT KTG TGR GRH RHQ HQE QET ETQ TQY QYF	TTDPSFLGRY
24	CAL ALS LSA SAL ALN LNT NTG TGG GGF GFK FKT KTI TIF	CAS ASH SHP HPG PGT GTG TGT GTS TSS SSY SYN YNS NSP SPL PLH LHF	LTDEMIAQY
104	CAT ATP TPR PRS RSG SGG GGS GSY SYI YIP IPT PTF	CAI AIS ISE SEE EEH EHT HTG TGE GEY EYQ YQP QPQ PQH QHF	LTDEMIAQY
78	CAN ANG NGE GEG EGS GSQ SQG QGN GNL NLI LIF	CAW AWS WSV SVG VGQ GQG QGA GAR ARE REQ EQY QYF	LTDEMIAQY
550	CAA AAR ARE REG EGT GTG TGN GNQ NQF QFY FYF	CAS ASS SSL SLG LGP GPE PEA EAF AFF	YLQPRTFLL
321	CAL ALR LRT RTG TGN GNQ NQF QFY FYF	CAS ASL SLG LGL GLA LAG AGE GEL ELF LFF	TTDPSFLGRY
4	CAR ARQ RQA QAG AGN GNM NML MLT LTF	CAS ASQ SQG QGG GGA GAG AGY GYL YLY LYG YGY GYT YTF	LTDEMIAQY
36	CAV AVR VRG RGG GGQ GQK QKL KLL LLF	CAS ASS SSL SLD LDW DWN WNY NYG YGY GYT YTF	LTDEMIAQY
318	CAV AVK VKS KSL SLD LDT DTG TGR GRR RRA RAL ALT LTF	CAS ASS SSL SLL LLG LGA GAR ARN RNE NEQ EQF QFF	TTDPSFLGRY
65	CAV AVR VRG RGG GGS GSG SGT GTY TYK YKY KYI YIF	CAS ASS SSP SPT PTV TVS VSN SNT NTG TGE GEL ELF LFF	LTDEMIAQY
412	CAV AVN VNE NED EDD DDK DKI KII IIF	CAS ASS SSS SSD SDI DIS ISA SAF AFF	YLQPRTFLL
430	CAA AAS ASI SIK IKA KAG AGS GSA SAR ARQ RQL QLT LTF	CAS ASS SSL SLD LDI DIE IEQ EQY QYF	YLQPRTFLL
5	CAA AAN ANT NTG TGN GNQ NQF QFY FYF	CAS ASS SSL SLA LAV AVN VNT NTE TEA EAF AFF	LTDEMIAQY
63	CIV IVP VPR PRG RGG GGA GAD ADG DGL GLT LTF	CAS ASS SSP SPG PGI GIP IPN PNY NYG YGY GYT YTF	LTDEMIAQY
59	CAG AGR GRT RTN TNA NAG AGK GKS KST STF	CAW AWS WST STG TGG GGT GTW TWT WTG TGE GEL ELF LFF	LTDEMIAQY
419	CAV AVN VNR NRD RDD DDK DKI KII IIF	CAS ASS SSL SLD LDI DIE IEA EAF AFF	YLQPRTFLL
60	CAV AVR VRV RVD VDS DSN SNY NYQ YQL QLI LIW	CAS ASS SSF SFT FTG TGR GRR RRE RET ETQ TQY QYF	LTDEMIAQY
411	CAV AVN VNG NGL GLG LGM GMG MGG GGG GGA GAD ADG DGL GLT LTF	CAS ASS SSP SPD PDI DIE IEA EAF AFF	YLQPRTFLL
476	CAV AVR VRD RDA DAS ASG SGA GAA AAG AGN GNK NKL KLT LTF	CAS ASS SSA SAP APD PDR DRG RGN GNT NTE TEA EAF AFF	YLQPRTFLL
574	CAT ATE TEE EET ETS TSG SGS GSR SRL RLT LTF	CAS ASS SSL SLE LEA EAG AGD GDY DYN YNE NEQ EQF QFF	YLQPRTFLL
230	CAP APP PPD PDS DSS SSY SYK YKL KLI LIF	CAS ASS SSL SLQ LQG QGV GVS VSY SYE YEQ EQY QYF	TTDPSFLGRY
564	CAA AAY AYS YSG SGG GGG GGA GAD ADG DGL GLT LTF	CAC ACT CTG TGR GRG RGG GGN GNG NGY GYT YTF	YLQPRTFLL
433	CVV VVN VNR NRA RAD ADK DKL KLI LIF	CAS ASS SSP SPD PDI DIE IEQ EQY QYF	YLQPRTFLL
558	CAL ALG LGG GGS GSN SND NDY DYK YKL KLS LSF	CAS ASS SSL SLA LAG AGG GGF GFT FTG TGE GEL ELF LFF	YLQPRTFLL
261	CVV VVN VNP NPL PLG LGS GSG SGG GGY GYN YNK NKL KLI LIF	CAS ASS SSS SSS SSA SAE AES ESS SSY SYN YNE NEQ EQF QFF	TTDPSFLGRY
283	CAE AES ESR SRT RTG TGN GNT NTP TPL PLV LVF	CAT ATD TDS DSS SSS SSY SYE YEQ EQY QYF	TTDPSFLGRY
26	CAY AYR YRS RSS SSN SNY NYQ YQL QLI LIW	CAS ASS SSL SLV LVP VPQ PQG QGP GPN PNY NYG YGY GYT YTF	LTDEMIAQY
244	CLV LVG VGD GDT DTG TGT GTG TGG GGF GFK FKT KTI TIF	CAS AST STS TSG SGG GGT GTQ TQH QHF	TTDPSFLGRY
465	CAM AMR MRE REG EGN GNN NNY NYG YGQ GQN QNF NFV FVF	CAS ASQ SQR QRG RGG GGR GRE REE EET ETQ TQY QYF	YLQPRTFLL
396	CAV AVS VSE SEP EPS PSA SAG AGK GKS KST STF	CAS ASS SSQ SQG QGP GPN PNG NGY GYT YTF	YLQPRTFLL
88	CAF AFM FMR MRG RGD GDG DGQ GQK QKL KLL LLF	CAS ASS SSL SLA LAI AIG IGD GDK DKV KVE VEQ EQY QYF	LTDEMIAQY
117	CAM AMR MRE REA EAD ADS DSS SSG SGS GSA SAR ARQ RQL QLT LTF	CAS ASS SSP SPQ PQV QVG VGV GVA VAN ANE NEK EKL KLF LFF	LTDEMIAQY
467	CAA AAS ASY SYD YDS DSG SGA GAG AGS GSY SYQ YQL QLT LTF	CAS ASS SSD SDL DLK LKG KGS GST STD TDT DTQ TQY QYF	YLQPRTFLL
453	CVV VVN VND NDA DAA AAA AAG AGN GNK NKL KLT LTF	CAS ASQ SQG QGL GLN LNT NTG TGE GEL ELF LFF	YLQPRTFLL
535	CAV AVN VNG NGF GFS FSG SGG GGY GYN YNK NKL KLI LIF	CAS ASS SSP SPG PGE GEA EAR ARG RGE GEQ EQF QFF	YLQPRTFLL
418	CVV VVN VNR NRA RAD ADK DKL KLV LVF	CAS ASS SSD SDA DAN ANT NTG TGE GEL ELF LFF	YLQPRTFLL
586	CAV AVP VPH PHP HPS PSN SNF NFG FGN GNE NEK EKL KLT LTF	CAS ASS SSI SIL ILA LAG AGT GTY TYN YNE NEQ EQF QFF	YLQPRTFLL
352	CAM AMS MSH SHS HSG SGA GAG AGS GSY SYQ YQL QLT LTF	CAS ASS SSL SLW LWG WGA GAH AHT HTE TEA EAF AFF	TTDPSFLGRY
95	CAT ATM TMG MGF GFG FGN GNV NVL VLH LHC	CAS ASS SSY SYS YSR SRA RAS ASG SGD GDD DDN DNE NEQ EQF QFF	LTDEMIAQY
365	CAE AES ESL SLG LGG GGY GYN YNK NKL KLI LIF	CAS AST STP TPG PGS GSE SED EDT DTQ TQY QYF	TTDPSFLGRY
309	CAV AVG VGD GDA DAS ASG SGG GGS GSY SYI YIP IPT PTF	CAS ASS SSS SSL SLT LTD TDT DTQ TQY QYF	TTDPSFLGRY
529	CAE AEK EKR KRS RSS SSG SGD GDK DKL KLT LTF	CAS ASS SSL SLD LDI DIK IKA KAF AFF	YLQPRTFLL
13	CAV AVN VNS NSG SGG GGS GSN SNY NYK YKL KLT LTF	CSV SVH VHQ HQG QGW GWP WPY PYE YEQ EQY QYF	LTDEMIAQY
546	CAV AVS VSG SGG GGG GGA GAD ADG DGL GLT LTF	CAS ASS SSV SVG VGA GAG AGS GSN SNQ NQP QPQ PQH QHF	YLQPRTFLL
70	CAL ALS LSP SPP PPG PGS GSR SRL RLT LTF	CAS ASV SVD VDR DRD RDW DWT WTW TWG WGT GTE TEA EAF AFF	LTDEMIAQY
507	CAG AGG GGS GSQ SQG QGN GNL NLI LIF	CAS ASS SSY SYP YPW PWD WDS DSQ SQS QSS SSY SYN YNE NEQ EQF QFF	YLQPRTFLL
236	CIL ILP LPL PLL LLG LGG GGT GTS TSY SYG YGK GKL KLT LTF	CAS ASS SSL SLG LGQ GQA QAY AYE YEQ EQY QYF	TTDPSFLGRY
96	CAV AVR VRP RPG PGT GTY TYK YKY KYI YIF	CAS ASS SSY SYR YRL RLA LAG AGG GGV GVP VPH PHN HNE NEQ EQF QFF	LTDEMIAQY
501	CVV VVN VND NDR DRD RDR DRL RLM LMF	CAS ASQ SQD QDR DRN RNT NTG TGE GEL ELF LFF	YLQPRTFLL
141	CAE AES ESR SRG RGN GNT NTG TGF GFQ FQK QKL KLV LVF	CAS ASG SGT GTG TGG GGT GTE TET ETQ TQY QYF	TTDPSFLGRY
124	CAT ATD TDI DIV IVR VRE REG EGG GGS GSE SEK EKL KLV LVF	CSV SVH VHQ HQG QGW GWP WPY PYE YEQ EQY QYF	LTDEMIAQY
425	CVV VVN VNK NKD KDD DDK DKI KII IIF	CAL ALS LSD SDQ DQN QNT NTG TGE GEL ELF LFF	YLQPRTFLL
515	CVV VVT VTG TGG GGG GGN GNK NKL KLT LTF	CAS ASS SSQ SQD QDI DIL ILA LAR ARY RYN YNE NEQ EQF QFF	YLQPRTFLL
215	CAV AVH VHS HSG SGY GYS YST STL TLT LTF	CAS ASS SSE SED EDH DHR HRV RVT VTG TGN GNT NTI TIY IYF	TTDPSFLGRY
176	CAF AFM FMK MKP KPP PPY PYG YGN GNY NYQ YQL QLI LIW	CAT ATS TSD SDL DLG LGP GPT PTG TGE GEL ELF LFF	TTDPSFLGRY
436	CAP APP PPP PPR PRG RGK GKS KST STF	CAW AWQ WQV QVM VMN MNT NTG TGE GEL ELF LFF	YLQPRTFLL
307	CAT ATG TGF GFS FSG SGG GGY GYN YNK NKL KLI LIF	CAS ASS SSQ SQY QYR YRE RET ETS TSD SDT DTQ TQY QYF	TTDPSFLGRY
342	CVL VLR LRD RDA DAG AGN GNM NML MLT LTF	CAS ASS SSR SRD RDR DRG RGE GEY EYN YNE NEQ EQF QFF	TTDPSFLGRY
120	CAM AMR MRD RDN DNY NYQ YQL QLI LIW	CAS ASS SSE SEA EAQ AQG QGP GPQ PQY QYF	LTDEMIAQY
542	CAV AVI VIN INS NSG SGY GYS YST STL TLT LTF	CAS ASS SSP SPT PTP TPS PSG SGQ GQG QGT GTA TAD ADT DTQ TQY QYF	YLQPRTFLL
421	CVV VVN VNK NKE KED EDD DDM DMR MRF	CAR ARG RGD GDR DRN RNT NTG TGE GEL ELF LFF	YLQPRTFLL
502	CAA AAI AIG IGA GAD ADG DGL GLT LTF	CAI AIS ISE SES ESV SVR VRN RNS NSN SNQ NQP QPQ PQH QHF	YLQPRTFLL
205	CAL ALG LGG GGS GSQ SQG QGN GNL NLI LIF	CAS ASS SSD SDR DRA RAP APS PSS SSD SDT DTQ TQY QYF	TTDPSFLGRY
526	CAV AVI VIG IGG GGS GSQ SQG QGN GNL NLI LIF	CAI AIE IED EDR DRN RNT NTG TGE GEL ELF LFF	YLQPRTFLL
28	CGA GAS ASL SLA LAG AGS GSA SAR ARQ RQL QLT LTF	CAS ASS SSR SRG RGA GAG AGH GHS HSD SDG DGY GYT YTF	LTDEMIAQY
317	CAV AVD VDP DPS PSN SNS NSG SGY GYA YAL ALN LNF	CAS ASS SSL SLT LTQ TQG QGG GGV GVL VLF LFF	TTDPSFLGRY
311	CGA GAN ANG NGA GAN ANN NNL NLF LFF	CAS ASS SSS SST STS TSG SGV GVT VTD TDT DTQ TQY QYF	TTDPSFLGRY
51	CAT ATD TDY DYR YRG RGG GGQ GQK QKL KLL LLF	CAW AWT WTR TRR RRD RDG DGG GGE GEL ELF LFF	LTDEMIAQY
508	CVV VVN VNR NRN RNN NND NDM DMR MRF	CAT ATQ TQS QSD SDP DPN PNT NTG TGE GEL ELF LFF	YLQPRTFLL
361	CAV AVV VVF VFS FSG SGG GGY GYN YNK NKL KLI LIF	CAS ASS SSQ SQS QSR SRD RDR DRV RVD VDF	TTDPSFLGRY
401	CVV VVK VKN KNR NRD RDD DDK DKI KII IIF	CAS ASS SSQ SQK QKA KAA AAQ AQG QGV GVS VSS SSY SYE YEQ EQY QYF	YLQPRTFLL
154	CAR ARK RKG KGG GGS GST STD TDK DKL KLI LIF	CAS ASS SSL SLG LGG GGG GGL GLN LNY NYG YGY GYT YTF	TTDPSFLGRY
320	CAA AAI AIL ILG LGF GFG FGN GNE NEK EKL KLT LTF	CAS ASS SSA SAG AGT GTG TGG GGY GYT YTF	TTDPSFLGRY
328	CAV AVS VSA SAI AIS ISN SNF NFG FGN GNE NEK EKL KLT LTF	CAS ASS SSV SVG VGF GFP FPG PGE GEL ELF LFF	TTDPSFLGRY
22	CAL ALS LSN SNA NAG AGG GGT GTS TSY SYG YGK GKL KLT LTF	CAS ASS SSV SVI VIQ IQG QGA GAA AAG AGE GEL ELF LFF	LTDEMIAQY
37	CAS ASD SDN DNA NAG AGN GNN NNR NRK RKL KLI LIW	CAT ATR TRG RGE GEG EGA GAQ AQY QYS YSP SPL PLH LHF	LTDEMIAQY
281	CVV VVN VNA NAP APS PSG SGG GGY GYN YNK NKL KLI LIF	CAS ASS SSQ SQE QED EDA DAG AGF GFS FSY SYN YNE NEQ EQF QFF	TTDPSFLGRY
136	CVG VGG GGG GGA GAD ADG DGL GLT LTF	CAS ASS SSL SLG LGA GAG AGG GGS GSG SGE GEQ EQY QYF	TTDPSFLGRY
334	CIL ILR LRG RGG GGG GGG GGT GTS TSY SYG YGK GKL KLT LTF	CAS ASS SSD SDQ DQG QGA GAN ANY NYE YEQ EQY QYF	TTDPSFLGRY
517	CVV VVN VNE NEY EYD YDD DDM DMR MRF	CSA SAR ARD RDA DAA AAG AGQ GQN QNT NTG TGE GEL ELF LFF	YLQPRTFLL
443	CAV AVR VRS RSS SSG SGG GGS GSY SYI YIP IPT PTF	CAS ASS SST STR TRD RDS DSN SNQ NQP QPQ PQH QHF	YLQPRTFLL
128	CAV AVR VRG RGG GGD GDM DMR MRF	CAS AST STN TNR NRG RGG GGI GIT ITY TYE YEQ EQY QYF	LTDEMIAQY
338	CAV AVR VRS RSS SSG SGG GGS GSY SYI YIP IPT PTF	CAS ASS SSL SLK LKV KVD VDG DGY GYN YNE NEQ EQF QFF	TTDPSFLGRY
554	CVV VVN VNA NAG AGD GDK DKL KLT LTF	CAS ASS SSP SPD PDI DIE IEQ EQF QFF	YLQPRTFLL
375	CAM AMR MRE REW EWN WND NDK DKI KII IIF	CAS ASS SSL SLS LSG SGS GSP SPS PSP SPL PLH LHF	TTDPSFLGRY
399	CAV AVQ VQD QDL DLG LGT GTS TSG SGS GSR SRL RLT LTF	CAS ASS SSA SAR ART RTG TGE GEL ELF LFF	YLQPRTFLL
534	CLV LVG VGE GEN ENF NFN FNK NKF KFY FYF	CAS ASS SSL SLG LGQ GQS QSL SLE LEQ EQY QYF	YLQPRTFLL
499	CAL ALN LND NDY DYK YKL KLS LSF	CSA SAS ASL SLG LGG GGI GIT ITS TSS SST STD TDT DTQ TQY QYF	YLQPRTFLL
179	CAM AMS MSR SRN RND NDY DYK YKL KLS LSF	CAS ASS SSA SAF AFR FRG RGE GEG EGE GEK EKL KLF LFF	TTDPSFLGRY
56	CAG AGN GNA NAG AGN GNM NML MLT LTF	CAS AST STG TGP GPG PGG GGL GLA LAA AAG AGE GEQ EQY QYF	LTDEMIAQY
140	CAM AMR MRD RDW DWA WAL ALT LTG TGG GGG GGN GNK NKL KLT LTF	CAS ASS SSG SGD GDR DRE REQ EQF QFF	TTDPSFLGRY
35	CAA AAN ANS NSG SGY GYA YAL ALN LNF	CAS ASS SSL SLA LAL ALA LAG AGR GRN RNY NYN YNE NEQ EQF QFF	LTDEMIAQY
498	CAA AAS ASG SGL GLK LKM KMD MDS DSS SSY SYK YKL KLI LIF	CAS ASS SSS SST STP TPN PNR NRG RGL GLA LAV AVG VGQ GQY QYF	YLQPRTFLL
351	CAV AVP VPA PAG AGT GTA TAL ALI LIF	CAS AST STQ TQD QDS DSY SYG YGY GYT YTF	TTDPSFLGRY
350	CAL ALS LSG SGP GPT PTG TGT GTA TAS ASK SKL KLT LTF	CAS ASS SSW SWT WTS TSG SGS GSY SYE YEQ EQY QYF	TTDPSFLGRY
449	CAV AVR VRD RDL DLN LNM NMD MDT DTG TGR GRR RRA RAL ALT LTF	CAS ASS SSL SLG LGG GGE GEG EGK GKT KTQ TQY QYF	YLQPRTFLL
249	CAE AEW EWT WTG TGG GGY GYQ YQK QKV KVT VTF	CAS ASG SGF GFD FDA DAG AGQ GQG QGS GSY SYE YEQ EQY QYF	TTDPSFLGRY
100	CAV AVR VRE RER ERG RGG GGY GYN YNK NKL KLI LIF	CAS ASS SSY SYT YTR TRL RLV LVQ VQN QNT NTG TGE GEL ELF LFF	LTDEMIAQY
302	CAV AVK VKL KLK LKR KRR RRG RGQ GQN QNF NFV FVF	CAS ASS SSL SLG LGG GGG GGG GGG GGT GTQ TQP QPQ PQH QHF	TTDPSFLGRY
303	CAL ALS LSA SAG AGR GRR RRA RAL ALT LTF	CAS ASS SSL SLY LYE YES ESH SHN HNE NEQ EQF QFF	TTDPSFLGRY
316	CAL ALS LSE SEA EAS ASH SHL HLF LFQ FQG QGA GAQ AQK QKL KLV LVF	CAT ATT TTG TGG GGP GPE PEE EEK EKL KLF LFF	TTDPSFLGRY
194	CAT ATG TGG GGD GDS DSG SGA GAG AGS GSY SYQ YQL QLT LTF	CAS ASS SSY SYS YST STT TTG TGR GRY RYE YEQ EQF QFF	TTDPSFLGRY
208	CAV AVR VRA RAL ALI LIG IGF GFG FGN GNV NVL VLH LHC	CAT ATS TSG SGD GDY DYG YGG GGS GSI SIS ISD SDT DTQ TQY QYF	TTDPSFLGRY
103	CAH AHA HAG AGG GGT GTS TSY SYG YGK GKL KLT LTF	CAS ASR SRS RSG SGT GTG TGT GTY TYE YEQ EQY QYF	LTDEMIAQY
590	CAL ALT LTY TYS YSG SGG GGY GYN YNK NKL KLI LIF	CAS ASS SSV SVG VGG GGS GSE SEK EKN KNT NTE TEA EAF AFF	YLQPRTFLL
112	CAG AGA GAL ALE LET ETS TSG SGS GSR SRL RLT LTF	CAS ASS SSR SRD RDS DSG SGY GYS YSP SPL PLH LHF	LTDEMIAQY
97	CAV AVR VRP RPR PRG RGE GEW EWR WRS RSG SGT GTY TYK YKY KYI YIF	CAS ASS SSA SAG AGE GEA EAG AGE GEL ELF LFF	LTDEMIAQY
423	CVV VVN VNG NGG GGD GDK DKI KII IIF	CAS ASS SSL SLD LDI DIE IEA EAF AFF	YLQPRTFLL
273	CAA AAS ASE SEG EGQ GQK QKL KLL LLF	CAS AST STL TLD LDI DIL ILG LGY GYT YTF	TTDPSFLGRY
570	CVV VVN VNR NRD RDD DDK DKI KII IIF	CAS ASS SSE SES ESN SNS NSL SLE LEA EAF AFF	YLQPRTFLL
30	CAA AAN ANT NTG TGN GNQ NQF QFY FYF	CAS ASS SSF SFA FAV AVN VNT NTE TEA EAF AFF	LTDEMIAQY
543	CAL ALS LSV SVG VGT GTG TGA GAN ANN NNL NLF LFF	CAS ASS SSI SIS ISG SGS GSG SGS GSD SDT DTQ TQY QYF	YLQPRTFLL
107	CAL ALT LTN TNA NAG AGG GGT GTS TSY SYG YGK GKL KLT LTF	CAS ASS SSL SLG LGQ GQP QPA PAG AGE GEQ EQF QFF	LTDEMIAQY
82	CAV AVR VRG RGG GGQ GQK QKL KLL LLF	CAR ART RTG TGQ GQV QVK VKA KAK AKN KNI NIQ IQY QYF	LTDEMIAQY
589	CAG AGQ GQL QLR LRG RGG GGS GSE SEK EKL KLV LVF	CSA SAS AST STD TDR DRE REL ELN LNE NEQ EQY QYF	YLQPRTFLL
14	CAF AFM FMK MKT KTG TGA GAN ANS NSK SKL KLT LTF	CAI AIS ISG SGP GPE PET ETN TNQ NQP QPQ PQH QHF	LTDEMIAQY
177	CAM AMR MRD RDA DAG AGG GGG GGA GAD ADG DGL GLT LTF	CAI AIG IGT GTG TGP GPM PMN MNT NTE TEA EAF AFF	TTDPSFLGRY
540	CAA AAS ASV SVG VGS GSN SNN NNN NND NDM DMR MRF	CAS ASS SSP SPT PTG TGE GEP EPN PNY NYG YGY GYT YTF	YLQPRTFLL
513	CVV VVN VNG NGA GAD ADK DKL KLI LIF	CAS ASS SSL SLD LDI DIE IEA EAF AFF	YLQPRTFLL
562	CVV VVN VNR NRY RYD YDD DDM DMR MRF	CSA SAL ALR LRD RDK DKN KNT NTG TGE GEL ELF LFF	YLQPRTFLL
536	CVV VVN VNN NNE NED EDD DDM DMR MRF	CGS GSG SGI GIQ IQN QNT NTG TGE GEL ELF LFF	YLQPRTFLL
374	CAL ALI LIL ILP LPY PYS YSG SGG GGG GGA GAD ADG DGL GLT LTF	CSA SAR ARD RDP DPG PGT GTG TGA GAY AYY YYG YGY GYT YTF	TTDPSFLGRY
491	CVV VVN VNN NNN NNN NND NDM DMR MRF	CAS ASN SNE NEE EEN ENT NTG TGE GEL ELF LFF	YLQPRTFLL
329	CAV AVP VPN PNF NFG FGN GNE NEK EKL KLT LTF	CAS ASG SGL GLG LGS GSS SSY SYE YEQ EQY QYF	TTDPSFLGRY
139	CAL ALS LSA SAG AGN GNQ NQF QFY FYF	CAS ASS SSD SDR DRT RTS TSQ SQE QET ETQ TQY QYF	TTDPSFLGRY
475	CGG GGN GNR NRD RDD DDK DKI KII IIF	CAS ASS SSP SPD PDI DIE IEQ EQY QYF	YLQPRTFLL
34	CVA VAR ARM RMD MDS DSS SSY SYK YKL KLI LIF	CAS ASS SSD SDS DSG SGF GFG FGY GYG YGY GYT YTF	LTDEMIAQY
298	CAA AAV AVG VGP GPT PTG TGT GTA TAS ASK SKL KLT LTF	CAS ASS SSW SWT WTS TSG SGS GSY SYE YEQ EQY QYF	TTDPSFLGRY
569	CIV IVR VRV RVP VPG PGP GPW PWS WSR SRG RGS GSN SNY NYK YKL KLT LTF	CSG SGI GIR IRL RLA LAS ASG SGR GRS RSY SYE YEQ EQY QYF	YLQPRTFLL
162	CAL ALG LGG GGS GSQ SQG QGN GNL NLI LIF	CAS ASS SSM SMR MRS RSG SGS GSD SDE DEQ EQY QYF	TTDPSFLGRY
127	CAM AMR MRS RSN SNY NYQ YQL QLI LIW	CAS ASS SSL SLS LSQ SQG QGS GSQ SQY QYF	LTDEMIAQY
217	CAM AMR MRD RDW DWA WAL ALT LTG TGG GGG GGN GNK NKL KLT LTF	CAS ASA SAL ALA LAQ AQA QAY AYE YEQ EQY QYF	TTDPSFLGRY
573	CAV AVN VNA NAL ALD LDD DDY DYK YKL KLS LSF	CAI AIS ISE SES ESQ SQE QEF EFY FYG YGY GYT YTF	YLQPRTFLL
246	CAA AAN ANS NSG SGG GGY GYQ YQK QKV KVT VTF	CAT ATG TGQ GQS QSN SNT NTG TGE GEL ELF LFF	TTDPSFLGRY
551	CAL ALS LSE SEG EGT GTY TYN YNN NNN NND NDM DMR MRF	CAI AIR IRS RSG SGN GNT NTY TYS YSY SYE YEQ EQY QYF	YLQPRTFLL
531	CAT ATR TRN RNT NTD TDK DKL KLI LIF	CAS ASS SSF SFG FGR GRG RGG GGS GSQ SQP QPQ PQH QHF	YLQPRTFLL
492	CVP VPR PRD RDT DTG TGR GRR RRA RAL ALT LTF	CAS ASS SSS SSI SIY IYG YGT GTS TSY SYE YEQ EQY QYF	YLQPRTFLL
532	CVV VVN VNQ NQV QVP VPG PGY GYA YAL ALN LNF	CSV SVE VEK EKD KDR DRN RNT NTG TGE GEL ELF LFF	YLQPRTFLL
253	CAL ALS LSD SDY DYN YNQ NQG QGG GGK GKL KLI LIF	CAS ASS SSG SGE GEG EGG GGP GPW PWG WGS GSL SLQ LQF QFF	TTDPSFLGRY
299	CAA AAS ASA SAQ AQG QGG GGA GAD ADG DGL GLT LTF	CAS ASS SSF SFL FLA LAG AGA GAV AVE VEQ EQF QFF	TTDPSFLGRY
424	CAR ARM RMD MDS DSN SNY NYQ YQL QLI LIW	CAS ASS SSV SVK VKP KPD PDS DSP SPA PAE AEA EAF AFF	YLQPRTFLL
239	CAG AGQ GQS QSN SNQ NQF QFY FYF	CAS ASS SSF SFG FGD GDQ DQP QPQ PQH QHF	TTDPSFLGRY
427	CVV VVN VNG NGG GGD GDK DKI KII IIF	CAS ASS SSA SAD ADI DIE IEA EAF AFF	YLQPRTFLL
197	CAA AAS ASG SGG GGF GFG FGN GNE NEK EKL KLT LTF	CAS ASS SSA SAG AGD GDY DYG YGY GYT YTF	TTDPSFLGRY
43	CAA AAL ALF LFT FTG TGG GGG GGN GNK NKL KLT LTF	CAS ASS SSL SLG LGI GIG IGT GTQ TQP QPQ PQH QHF	LTDEMIAQY
89	CAV AVD VDF DFS FSG SGT GTY TYK YKY KYI YIF	CAS ASS SSQ SQD QDG DGQ GQG QGA GAM AMY MYE YEQ EQY QYF	LTDEMIAQY
315	CAL ALS LSD SDY DYS YSS SSG SGG GGS GSY SYI YIP IPT PTF	CAS ASS SST STA TAR ARL RLG LGD GDT DTG TGE GEL ELF LFF	TTDPSFLGRY
403	CAV AVN VNM NMD MDD DDK DKI KII IIF	CAS ASS SSP SPD PDI DIE IEA EAF AFF	YLQPRTFLL
62	CAV AVR VRH RHR HRG RGG GGQ GQK QKL KLL LLF	CAS ASS SSP SPS PSG SGS GSF SFE FEQ EQF QFF	LTDEMIAQY
68	CAV AVS VSS SSA SAR ARQ RQL QLT LTF	CAS ASS SSG SGT GTV TVT VTS TSS SSS SST STD TDT DTQ TQY QYF	LTDEMIAQY
258	CAV AVR VRV RVP VPS PSG SGA GAG AGS GSY SYQ YQL QLT LTF	CAS ASR SRE RET ETG TGR GRA RAA AAG AGN GNT NTI TIY IYF	TTDPSFLGRY
545	CAQ AQD QDG DGQ GQN QNF NFV FVF	CAS ASS SSP SPS PSP SPK PKR KRG RGA GAY AYE YEQ EQY QYF	YLQPRTFLL
9	CAV AVR VRG RGG GGS GSG SGT GTY TYK YKY KYI YIF	CAS ASI SIN INR NRA RAA AAN ANT NTG TGE GEL ELF LFF	LTDEMIAQY
248	CAM AMR MRD RDW DWE WEL ELT LTG TGG GGG GGN GNK NKL KLT LTF	CAS ASG SGD GDS DSP SPL PLH LHF	TTDPSFLGRY
462	CAA AAI AIN IND NDY DYK YKL KLS LSF	CAS ASS SSG SGS GSP SPG PGT GTG TGD GDY DYG YGY GYT YTF	YLQPRTFLL
306	CVV VVN VNR NRG RGG GGY GYS YST STL TLT LTF	CAS ASS SSL SLP LPD PDL DLQ LQE QET ETQ TQY QYF	TTDPSFLGRY
213	CVV VVN VNM NMD MDS DSN SNY NYQ YQL QLI LIW	CAS ASS SSL SLQ LQR QRE REY EYP YPY PYE YEQ EQY QYF	TTDPSFLGRY
341	CAL ALS LSD SDV DVD VDM DMR MRF	CAS ASS SSE SET ETH THS HSN SNQ NQP QPQ PQH QHF	TTDPSFLGRY
489	CAV AVG VGD GDN DNF NFN FNK NKF KFY FYF	CAS ASS SSR SRT RTS TSA SAK AKL KLG LGE GEQ EQY QYF	YLQPRTFLL
111	CAG AGG GGH GHT HTP TPL PLV LVF	CAS ASS SSL SLT LTD TDL DLY LYG YGY GYT YTF	LTDEMIAQY
379	CAV AVP VPH PHF HFG FGN GNE NEK EKL KLT LTF	CAS ASS SST STE TEP EPL PLG LGS GSD SDI DIQ IQY QYF	TTDPSFLGRY
441	CAG AGV GVG VGP GPS PSD SDS DSN SNY NYQ YQL QLI LIW	CAS ASS SSW SWD WDR DRF RFN FNE NEQ EQF QFF	YLQPRTFLL
398	CAV AVN VNR NRD RDD DDK DKI KII IIF	CAS ASS SSP SPD PDI DIE IEA EAF AFF	YLQPRTFLL
157	CAA AAG AGA GAG AGT GTA TAS ASK SKL KLT LTF	CAS ASS SSS SSD SDL DLG LGG GGG GGT GTD TDT DTQ TQY QYF	TTDPSFLGRY
493	CAL ALS LSE SED EDY DYD YDY DYK YKL KLS LSF	CAS ASR SRH RHF HFR FRE REV EVN VNT NTE TEA EAF AFF	YLQPRTFLL
504	CVV VVN VND NDG DGN GNK NKL KLV LVF	CAS ASQ SQE QEL ELD LDT DTG TGE GEL ELF LFF	YLQPRTFLL
69	CAM AMR MRS RSN SNY NYQ YQL QLI LIW	CAS ASS SSE SEA EAQ AQG QGP GPQ PQH QHF	LTDEMIAQY
17	CIV IVR VRV RVF VFR FRK RKK KKG KGQ GQN QNF NFV FVF	CAS ASS SSL SLA LAH AHQ HQT QTY TYE YEQ EQY QYF	LTDEMIAQY
322	CAL ALT LTG TGS GSQ SQG QGN GNL NLI LIF	CAS ASS SSL SLR LRD RDG DGG GGD GDT DTQ TQY QYF	TTDPSFLGRY
289	CAG AGQ GQP QPA PAG AGT GTA TAL ALI LIF	CAS ASS SSF SFR FRT RTS TSG SGN GNE NEQ EQY QYF	TTDPSFLGRY
158	CAF AFS FSS SSG SGN GNT NTP TPL PLV LVF	CAS ASS SSQ SQE QED EDR DRW RWV WVI VIG IGE GEL ELF LFF	TTDPSFLGRY
544	CAE AER ERD RDN DND NDM DMR MRF	CAS ASS SST STA TAG AGT GTS TSG SGR GRG RGE GEL ELF LFF	YLQPRTFLL
336	CAA AAS ASA SAE AEG EGN GNT NTG TGK GKL KLI LIF	CAS ASS SSD SDP DPG PGA GAR ARV RVW VWE WEQ EQY QYF	TTDPSFLGRY
49	CAF AFM FMK MKL KLY LYN YNF NFN FNK NKF KFY FYF	CAS ASS SSG SGP GPL PLA LAG AGR GRR RRT RTD TDT DTQ TQY QYF	LTDEMIAQY
587	CVV VVN VNN NNP NPD PDS DSG SGY GYA YAL ALN LNF	CAS ASS SSP SPL PLG LGG GGG GGN GNT NTG TGE GEL ELF LFF	YLQPRTFLL
144	CAV AVQ VQR QRP RPP PPT PTD TDS DSW SWG WGK GKL KLQ LQF	CAS ASS SSL SLS LSL SLI LIY IYE YEQ EQY QYF	TTDPSFLGRY
80	CAT ATD TDG DGN GNN NNN NNA NAG AGN GNM NML MLT LTF	CAS ASS SSV SVA VAG AGS GSS SSY SYE YEQ EQY QYF	LTDEMIAQY
414	CVV VVN VNA NAP APS PSG SGN GNT NTP TPL PLV LVF	CSA SAR ARD RDL DLG LGA GAQ AQN QNT NTG TGE GEL ELF LFF	YLQPRTFLL
422	CAA AAS ASK SKG KGT GTG TGF GFQ FQK QKL KLV LVF	CAS ASS SSH SHP HPS PSE SEG EGS GSR SRK RKK KKY KYE YEQ EQY QYF	YLQPRTFLL
146	CAM AMR MRG RGY GYG YGG GGS GSQ SQG QGN GNL NLI LIF	CAS ASS SSQ SQE QEW EWR WRE REF EFL FLR LRE REQ EQF QFF	TTDPSFLGRY
3	CAV AVP VPG PGN GNN NND NDM DMR MRF	CAS ASS SSN SNP NPG PGP GPW PWG WGS GSP SPL PLH LHF	LTDEMIAQY
92	CAA AAR ARG RGP GPS PSG SGY GYS YST STL TLT LTF	CAI AIS ISE SEP EPG PGS GSN SNT NTE TEA EAF AFF	LTDEMIAQY
38	CVF VFY FYQ YQG QGG GGK GKL KLI LIF	CAS ASR SRD RDE DEG EGR GRG RGR GRY RYG YGA GAN ANV NVL VLT LTF	LTDEMIAQY
165	CAL ALM LMT MTG TGN GNQ NQF QFY FYF	CAS ASS SSP SPG PGF GFP FPE PEQ EQF QFF	TTDPSFLGRY
203	CAV AVR VRT RTS TSG SGT GTY TYK YKY KYI YIF	CAS ASS SSI SIP IPA PAS ASG SGT GTL TLE LEQ EQF QFF	TTDPSFLGRY
457	CVV VVN VNG NGN GNT NTD TDK DKL KLI LIF	CAS ASN SNE NEQ EQN QNS NSN SNE NEQ EQF QFF	YLQPRTFLL
135	CAP APA PAV AVY VYN YNF NFN FNK NKF KFY FYF	CAS ASS SSL SLD LDN DNS NSP SPL PLH LHF	TTDPSFLGRY
240	CAL ALS LSG SGN GNT NTD TDK DKL KLI LIF	CAS ASS SSL SLA LAG AGG GGI GIV IVD VDE DEQ EQF QFF	TTDPSFLGRY
378	CAA AAN ANR NRL RLG LGG GGT GTS TSY SYG YGK GKL KLT LTF	CAS ASS SSE SEG EGL GLV LVY VYE YEQ EQY QYF	TTDPSFLGRY
237	CAV AVK VKE KER ERH RHS HSS SSA SAS ASK SKI KII IIF	CAS ASS SSF SFE FEN ENT NTG TGE GEL ELF LFF	TTDPSFLGRY
548	CVV VVN VNN NNA NAD ADK DKL KLI LIF	CSA SAR ARD RDS DSM SMA MAQ AQN QNT NTG TGE GEL ELF LFF	YLQPRTFLL
480	CAF AFF FFP FPR PRS RSS SST STL TLG LGR GRL RLY LYF	CAT ATL TLG LGT GTS TSG SGH GHN HNE NEQ EQF QFF	YLQPRTFLL
528	CAA AAS ASN SNS NSQ SQE QET ETS TSG SGS GSR SRL RLT LTF	CAS AST STN TNW NWG WGL GLR LRQ RQP QPQ PQH QHF	YLQPRTFLL
98	CAG AGR GRN RNA NAG AGK GKS KST STF	CAS ASS SSL SLV LVV VVT VTG TGE GEL ELF LFF	LTDEMIAQY
505	CAA AAS ASL SLN LNN NNF NFN FNK NKF KFY FYF	CAS ASS SSH SHR HRN RNT NTL TLE LEA EAF AFF	YLQPRTFLL
335	CAR ARG RGG GGA GAT ATN TNK NKL KLI LIF	CSA SAR ARI RIL ILA LAG AGD GDT DTG TGE GEL ELF LFF	TTDPSFLGRY
386	CAV AVR VRG RGT GTG TGR GRR RRA RAL ALT LTF	CSA SAG AGG GGT GTG TGI GIY IYG YGS GSY SYE YEQ EQY QYF	YLQPRTFLL
55	CVV VVN VNA NAR ARG RGY GYD YDK DKV KVI VIF	CAS ASS SSP SPS PST STG TGK GKV KVS VST STE TEA EAF AFF	LTDEMIAQY
228	CVV VVF VFP FPG PGS GSA SAR ARQ RQL QLT LTF	CSA SAR ARD RDP DPR PRT RTG TGS GSS SSY SYE YEQ EQY QYF	TTDPSFLGRY
591	CAP APG PGR GRI RIQ IQG QGA GAQ AQK QKL KLV LVF	CAS ASS SSG SGG GGA GAL ALS LSE SEQ EQY QYF	YLQPRTFLL
272	CAV AVN VNS NSG SGG GGY GYQ YQK QKV KVT VTF	CAS ASS SSF SFE FEN ENT NTG TGE GEL ELF LFF	TTDPSFLGRY
46	CAE AES EST STG TGG GGA GAG AGK GKS KST STF	CAS ASS SSS SSR SRH RHS HSG SGE GEK EKL KLF LFF	LTDEMIAQY
340	CAT ATD TDG DGD GDS DSG SGY GYA YAL ALN LNF	CAT ATL TLS LSG SGD GDI DIY IYN YNE NEQ EQF QFF	TTDPSFLGRY
391	CVV VVN VNR NRN RNN NND NDM DMR MRF	CAS ASM SMD MDE DEN ENT NTG TGE GEL ELF LFF	YLQPRTFLL
147	CLV LVG VGD GDP DPR PRG RGG GGY GYN YNK NKL KLI LIF	CAS ASK SKG KGG GGQ GQE QET ETQ TQY QYF	TTDPSFLGRY
143	CAL ALS LSE SEG EGR GRA RAY AYG YGG GGS GSQ SQG QGN GNL NLI LIF	CAS ASS SSA SAS ASN SNG NGG GGG GGE GET ETQ TQY QYF	TTDPSFLGRY
500	CVV VVN VNR NRR RRD RDD DDM DMR MRF	CSA SAH AHR HRD RDQ DQN QNT NTG TGE GEL ELF LFF	YLQPRTFLL
196	CAV AVT VTD TDS DSN SNY NYQ YQL QLI LIW	CAS ASR SRP RPP PPG PGA GAD ADT DTE TEA EAF AFF	TTDPSFLGRY
262	CAL ALD LDT DTG TGN GNQ NQF QFY FYF	CAS ASN SNP NPG PGH GHS HSN SNQ NQP QPQ PQH QHF	TTDPSFLGRY
549	CAM AMS MSG SGY GYK YKL KLS LSF	CAS ASS SSE SEG EGP GPG PGG GGD GDE DEQ EQY QYF	YLQPRTFLL
81	CAV AVR VRD RDE DED EDD DDK DKI KII IIF	CAS ASS SSL SLP LPG PGR GRG RGE GET ETQ TQY QYF	LTDEMIAQY
110	CAV AVN VNT NTG TGN GNQ NQF QFY FYF	CAS ASR SRW RWA WAP APG PGE GEL ELF LFF	LTDEMIAQY
487	CAV AVN VNA NAA AAG AGG GGG GGA GAD ADG DGL GLT LTF	CAS ASS SSE SES ESS SSG SGG GGF GFF FFN FNE NEQ EQF QFF	YLQPRTFLL
509	CAV AVK VKD KDT DTD TDK DKL KLI LIF	CAS ASS SSL SLA LAG AGS GSS SSY SYN YNS NSP SPL PLH LHF	YLQPRTFLL
241	CAV AVR VRD RDR DRM RMN MNR NRD RDD DDK DKI KII IIF	CAS ASS SSL SLT LTD TDS DST STD TDT DTQ TQY QYF	TTDPSFLGRY
163	CAE AES ESL SLG LGG GGY GYS YST STL TLT LTF	CAS AST STD TDS DSD SDT DTQ TQY QYF	TTDPSFLGRY
367	CAA AAS ASG SGG GGS GSY SYI YIP IPT PTF	CAS ASS SSV SVE VEE EET ETS TSA SAG AGG GGH GHE HEQ EQF QFF	TTDPSFLGRY
202	CAG AGG GGA GAD ADK DKL KLI LIF	CAS ASS SSL SLR LRQ RQG QGA GAD ADT DTQ TQY QYF	TTDPSFLGRY
326	CAL ALS LSE SED EDG DGT GTG TGG GGF GFK FKT KTI TIF	CAS ASE SER ERR RRG RGL GLS LSG SGY GYT YTF	TTDPSFLGRY
142	CAM AME MET ETG TGN GNQ NQF QFY FYF	CAS ASD SDS DSG SGY GYT YTE TEA EAF AFF	TTDPSFLGRY
225	CAM AMS MSA SAI AIE IET ETS TSG SGS GSR SRL RLT LTF	CAS ASS SSV SVA VAY AYE YEQ EQY QYF	TTDPSFLGRY
533	CAV AVK VKD KDK DKL KLI LIF	CAS ASS SSL SLT LTS TSG SGS GSE SEQ EQF QFF	YLQPRTFLL
32	CAL ALR LRI RIY IYN YNQ NQG QGG GGK GKL KLI LIF	CAS ASS SSV SVG VGL GLA LAG AGV GVY VYS YSY SYN YNE NEQ EQF QFF	LTDEMIAQY
404	CAV AVS VSR SRS RSR SRG RGG GGF GFG FGN GNV NVL VLH LHC	CSA SAR ARD RDP DPW PWQ WQV QVN VNT NTG TGE GEL ELF LFF	YLQPRTFLL
438	CAV AVT VTP TPL PLY LYG YGG GGS GSQ SQG QGN GNL NLI LIF	CAS ASS SSL SLV LVG VGT GTS TSG SGR GRP RPA PAG AGD GDE DEQ EQF QFF	YLQPRTFLL
395	CVV VVN VNT NTG TGL GLT LTG TGG GGG GGN GNK NKL KLT LTF	CAE AEQ EQD QDM DMN MNT NTG TGE GEL ELF LFF	YLQPRTFLL
259	CAV AVL VLS LSG SGN GNT NTG TGK GKL KLI LIF	CAS ASS SSL SLD LDG DGY GYT YTG TGE GEL ELF LFF	TTDPSFLGRY
479	CAG AGG GGD GDN DNF NFN FNK NKF KFY FYF	CAS ASS SSP SPR PRT RTA TAT ATY TYE YEQ EQY QYF	YLQPRTFLL
560	CAG AGL GLN LND NDY DYK YKL KLS LSF	CAS AST STG TGA GAD ADT DTQ TQY QYF	YLQPRTFLL
355	CVV VVG VGT GTG TGF GFQ FQK QKL KLV LVF	CAS ASS SSF SFV FVS VSE SEE EEH EHN HNG NGY GYT YTF	TTDPSFLGRY
521	CAG AGV GVT VTG TGG GGG GGN GNK NKL KLT LTF	CAS ASS SSA SAG AGT GTG TGF GFY FYG YGY GYT YTF	YLQPRTFLL
145	CAA AAG AGG GGS GSQ SQG QGN GNL NLI LIF	CAS ASS SSS SSR SRA RAG AGA GAT ATD TDT DTQ TQY QYF	TTDPSFLGRY
153	CAV AVP VPA PAF AFG FGN GNE NEK EKL KLT LTF	CAS ASS SSP SPT PTS TSG SGS GST STD TDT DTQ TQY QYF	TTDPSFLGRY
192	CAL ALG LGG GGS GSQ SQG QGN GNL NLI LIF	CAS ASS SSL SLR LRS RSG SGQ GQD QDE DEQ EQF QFF	TTDPSFLGRY
108	CAT ATD TDG DGA GAQ AQK QKL KLV LVF	CAS ASS SSY SYW YWG WGG GGT GTD TDT DTQ TQY QYF	LTDEMIAQY
468	CAG AGL GLN LNY NYG YGG GGS GSQ SQG QGN GNL NLI LIF	CAS ASS SSL SLS LSL SLS LSQ SQG QGS GSF SFG FGY GYT YTF	YLQPRTFLL
525	CAT ATD TDD DDR DRG RGA GAQ AQK QKL KLV LVF	CSA SAS ASG SGG GGS GSY SYG YGS GSY SYN YNE NEQ EQF QFF	YLQPRTFLL
148	CAM AMS MSD SDL DLT LTG TGT GTA TAS ASK SKL KLT LTF	CAS ASS SSL SLS LSD SDS DSY SYE YEQ EQY QYF	TTDPSFLGRY
234	CAA AAS ASV SVV VVS VSM SMD MDS DSS SSY SYK YKL KLI LIF	CAS ASS SSP SPN PNQ NQG QGL GLT LTQ TQY QYE YEQ EQY QYF	TTDPSFLGRY
296	CAV AVP VPS PSF SFG FGN GNE NEK EKL KLT LTF	CAS ASS SSA SAF AFF FFE FES ESG SGE GEL ELF LFF	TTDPSFLGRY
254	CVV VVS VSD SDQ DQE QEG EGA GAQ AQK QKL KLV LVF	CAS ASS SSL SLI LIL ILM LMG MGT GTS TSG SGG GGE GEQ EQF QFF	TTDPSFLGRY
373	CAV AVS VSG SGY GYG YGN GNK NKL KLV LVF	CAS ASS SSS SSS SSG SGP GPV PVN VNE NEQ EQF QFF	TTDPSFLGRY
155	CAA AAS ASE SEG EGN GNT NTG TGF GFQ FQK QKL KLV LVF	CAS ASS SSL SLP LPT PTG TGE GET ETQ TQY QYF	TTDPSFLGRY
83	CAL ALS LSN SNS NSN SNS NSG SGY GYA YAL ALN LNF	CSV SVG VGP GPR PRQ RQL QLM LMN MNT NTE TEA EAF AFF	LTDEMIAQY
226	CAV AVP VPT PTD TDS DSW SWG WGK GKL KLQ LQF	CAS ASS SSE SEI EII IIS ISG SGN GNY NYG YGY GYT YTF	TTDPSFLGRY
260	CAV AVP VPN PNF NFG FGN GNE NEK EKL KLT LTF	CAS ASS SSL SLS LSG SGL GLG LGE GET ETQ TQY QYF	TTDPSFLGRY
583	CAV AVR VRD RDS DSN SNY NYQ YQL QLI LIW	CAS ASS SSP SPG PGA GAP APG PGQ GQG QGS GSY SYE YEQ EQY QYF	YLQPRTFLL
181	CAQ AQS QSN SNY NYK YKL KLT LTF	CAS ASS SST STR TRA RAT ATN TNE NEK EKL KLF LFF	TTDPSFLGRY
224	CAF AFI FIR IRD RDY DYK YKL KLS LSF	CAS ASS SSL SLG LGL GLN LNE NEQ EQF QFF	TTDPSFLGRY
571	CVN VNM NMD MDS DSN SNY NYQ YQL QLI LIW	CSA SAR ARG RGS GSS SSQ SQW QWE WET ETQ TQY QYF	YLQPRTFLL
118	CAV AVR VRG RGG GGS GSG SGT GTY TYK YKY KYI YIF	CAS ASS SSL SLP LPR PRA RAN ANT NTG TGE GEL ELF LFF	LTDEMIAQY
220	CAA AAS ASQ SQD QDS DSW SWG WGK GKL KLQ LQF	CAS ASS SSL SLA LAS ASG SGQ GQG QGP GPY PYE YEQ EQY QYF	TTDPSFLGRY
198	CAV AVA VAP APS PSL SLG LGF GFG FGN GNV NVL VLH LHC	CAS AST STK TKG KGG GGT GTD TDT DTQ TQY QYF	TTDPSFLGRY
268	CGT GTG TGL GLA LAY AYN YNN NND NDM DMR MRF	CAS ASS SSR SRP RPE PEG EGE GEQ EQY QYF	TTDPSFLGRY
168	CAL ALS LSD SDN DNQ NQG QGN GNL NLI LIF	CAS ASS SSY SYP YPR PRR RRS RSS SSS SSY SYN YNE NEQ EQF QFF	TTDPSFLGRY
325	CAV AVS VSL SLG LGN GNR NRL RLA LAF	CAS ASG SGI GIA IAG AGP GPT PTD TDT DTQ TQY QYF	TTDPSFLGRY
523	CVV VVN VNN NNN NNN NND NDM DMR MRF	CAG AGQ GQG QGM GMN MNT NTG TGE GEL ELF LFF	YLQPRTFLL
282	CAA AAT ATP TPG PGS GSN SNY NYK YKL KLT LTF	CAS ASS SSF SFT FTP TPG PGG GGQ GQE QET ETQ TQY QYF	TTDPSFLGRY
57	CAM AMR MRG RGS GSE SEN ENT NTG TGT GTA TAS ASK SKL KLT LTF	CAS ASS SSV SVV VVL VLT LTS TSG SGP GPT PTD TDT DTQ TQY QYF	LTDEMIAQY
256	CAV AVG VGS GSM SMG MGG GGG GGY GYQ YQK QKV KVT VTF	CAS ASS SSQ SQY QYR YRE RET ETS TSD SDT DTQ TQY QYF	TTDPSFLGRY
27	CAG AGR GRL RLL LLI LIY IYG YGQ GQN QNF NFV FVF	CAT ATG TGL GLG LGF GFD FDY DYG YGY GYT YTF	LTDEMIAQY
297	CAV AVA VAP APL PLR LRA RAD ADG DGQ GQK QKL KLL LLF	CAS ASS SSL SLD LDQ DQD QDR DRA RAY AYT YTG TGE GEL ELF LFF	TTDPSFLGRY
291	CAM AMS MSP SPM PMG MGA GAG AGS GSY SYQ YQL QLT LTF	CAS ASA SAS ASE SEL ELA LAD ADT DTD TDT DTQ TQY QYF	TTDPSFLGRY
407	CAF AFG FGD GDT DTG TGR GRR RRA RAL ALT LTF	CAS ASS SSI SIS ISG SGF GFD FDG DGY GYT YTF	YLQPRTFLL
212	CAM AMR MRG RGR GRK RKY KYN YNF NFN FNK NKF KFY FYF	CSG SGG GGT GTG TGG GGF GFY FYN YNE NEQ EQF QFF	TTDPSFLGRY
275	CAA AAL ALN LNT NTG TGN GNQ NQF QFY FYF	CAS ASS SSL SLA LAG AGN GNE NEQ EQY QYF	TTDPSFLGRY
405	CVV VVN VNQ NQA QAD ADK DKL KLS LSF	CAS ASS SSP SPD PDI DIE IEA EAF AFF	YLQPRTFLL
132	CAA AAS ASA SAF AFI FIS ISN SNT NTG TGK GKL KLI LIF	CAS ASS SSD SDD DDG DGT GTG TGI GIE IET ETQ TQY QYF	TTDPSFLGRY
579	CAV AVG VGS GSA SAK AKG KGS GST STG TGA GAN ANN NNL NLF LFF	CAS ASR SRT RTG TGQ GQG QGA GAT ATQ TQY QYF	YLQPRTFLL
287	CAA AAS ASI SIG IGL GLN LNT NTG TGN GNQ NQF QFY FYF	CAS ASS SSF SFT FTG TGN GND NDD DDY DYE YEQ EQY QYF	TTDPSFLGRY
94	CAK AKY KYN YNF NFN FNK NKF KFY FYF	CAS ASG SGE GED EDS DSL SLV LVY VYG YGY GYT YTF	LTDEMIAQY
584	CVV VVN VNK NKM KMD MDD DDM DMR MRF	CSA SAR ART RTD TDH DHN HNT NTG TGE GEL ELF LFF	YLQPRTFLL
184	CAV AVS VSE SEI EIA IAA AAG AGN GNK NKL KLT LTF	CAT ATS TSA SAA AAS ASG SGR GRA RAY AYN YNE NEQ EQF QFF	TTDPSFLGRY
471	CAA AAS ASG SGM GMD MDT DTG TGR GRR RRA RAL ALT LTF	CAS ASS SST STR TRT RTE TEG EGT GTE TEA EAF AFF	YLQPRTFLL
522	CAT ATP TPG PGG GGQ GQK QKL KLV LVF	CAS AST STL TLR LRD RDR DRG RGN GNQ NQP QPQ PQH QHF	YLQPRTFLL
210	CAM AMI MIQ IQY QYN YNN NNN NND NDM DMR MRF	CAS ASS SSI SIE IES ESG SGQ GQL QLW LWE WEL ELF LFF	TTDPSFLGRY
511	CVV VVN VNR NRD RDD DDK DKI KII IIF	CAS ASS SSH SHR HRN RNT NTL TLE LEA EAF AFF	YLQPRTFLL
255	CAQ AQN QNS NSG SGG GGY GYQ YQK QKV KVT VTF	CAS ASS SSF SFE FEN ENT NTG TGE GEL ELF LFF	TTDPSFLGRY
371	CAA AAY AYM YMR MRF	CAS ASS SSL SLA LAP APG PGV GVS VSQ SQT QTQ TQY QYF	TTDPSFLGRY
455	CVV VVN VNS NSF SFD FDK DKL KLI LIF	CAS ASS SSL SLE LEI EIE IEQ EQY QYF	YLQPRTFLL
331	CAV AVP VPF PFS FSG SGG GGY GYN YNK NKL KLI LIF	CAT ATS TSR SRA RAG AGQ GQG QGH GHE HEQ EQY QYF	TTDPSFLGRY
74	CAY AYT YTS TSG SGG GGS GSN SNY NYK YKL KLT LTF	CAS ASS SSS SSR SRQ RQG QGP GPK PKE KEY EYG YGY GYT YTF	LTDEMIAQY
413	CVV VVN VNK NKE KED EDD DDM DMR MRF	CAS AST STE TET ETN TNT NTG TGE GEL ELF LFF	YLQPRTFLL
310	CLV LVG VGD GDI DIP IPP PPM PMK MKL KLI LIF	CAS ASS SSP SPG PGT GTS TSN SNT NTG TGE GEL ELF LFF	TTDPSFLGRY
506	CAL ALS LSG SGQ GQV QVQ VQD QDQ DQG QGG GGS GSE SEK EKL KLV LVF	CAS ASS SSH SHD HDI DIE IEA EAF AFF	YLQPRTFLL
242	CAV AVL VLG LGG GGG GGG GGA GAD ADG DGL GLT LTF	CAS ASS SSV SVY VYE YEL ELS LSL SLP LPG PGA GAA AAQ AQY QYF	TTDPSFLGRY
319	CAL ALG LGG GGT GTS TSY SYG YGK GKL KLT LTF	CAS ASS SSI SIE IEW EWS WSG SGG GGQ GQE QET ETQ TQY QYF	TTDPSFLGRY
171	CAS ASG SGG GGS GSQ SQG QGN GNL NLI LIF	CAS ASS SSS SSR SRA RAA AAS AST STD TDT DTQ TQY QYF	TTDPSFLGRY
358	CAL ALS LST STS TSQ SQG QGN GNL NLI LIF	CAS ASA SAA AAR ARQ RQG QGS GSD SDE DEQ EQY QYF	TTDPSFLGRY
581	CAV AVR VRP RPF PFL FLL LLS LSG SGG GGY GYN YNK NKL KLI LIF	CAS ASS SSL SLA LAS AST STD TDT DTQ TQY QYF	YLQPRTFLL
483	CAV AVS VSF SFQ FQT QTG TGA GAN ANN NNL NLF LFF	CAS ASR SRE REE EET ETG TGI GIR IRF RFY FYE YEQ EQY QYF	YLQPRTFLL
227	CVV VVN VNA NAP APR PRF RFW FWT WTG TGG GGY GYQ YQK QKV KVT VTF	CAS ASS SSL SLS LSA SAP APK PKP KPF PFY FYN YNS NSP SPL PLH LHF	TTDPSFLGRY
477	CVV VVN VNV NVR VRD RDR DRL RLM LMF	CAS AST STD TDD DDI DIE IEA EAF AFF	YLQPRTFLL
