1413	QQG QGF GFS FSS SSP SPF PFS	ARG RGD GDL DLE LET ETT TTI TIF IFF FFY FYN YNA NAV AVD VDV	0
1021	QVW VWD WDD DDS DSI SIN INA NAY AYV	ARN RNF NFV FVR VRG RGF GFG FGW GWH WHF HFD FDL	0
19557	QQY QYG YGQ GQS QSL SLS LST	ARE REG EGT GTT TTP TPP PPG PGW GWG WGW GWL WLG LGK GKP KPI PIG IGA GAF AFA FAH	1
907	QEY EYS YSS SST STP TPY PYN	ARD RDG DGL GLG LGE GEV EVA VAP APD PDY DYR YRY RYG YGI GID IDV	1
8675	QQS QSS SSS SSS SSL SLI LIT	ARG RGY GYY YYY YYT YTG TGL GLW LWY WYP YPY PYA YAM AMY MYE YEF EFG FGM GMD MDY	0
1344	QQS QSS SSS SSR SRP RPV PVT	ARG RGI GIW IWS WSY SYW YWY WYM YMV MVY VYP YPH PHD HDN DNY NYG YGM GMD MDY	0
355	ATW TWD WDS DSG SGL GLS LSA SAD ADW DWV	TTD TDG DGF GFI FIM IMI MIR IRG RGV GVS VSE SED EDY DYY YYY YYY YYY YYM YMD MDV	1
605	QHY HYS YSN SNW NWP WPP PPR PRL RLT	AVP VPG PGP GPV PVF VFG FGI GIF IFP FPP PPW PWS WSY SYF YFD FDN	0
1030	LQY QYN YNN NNW NWW WWT	ARN RNV NVA VAT ATE TEG EGS GSL SLL LLH LHY HYD YDY	1
1606	QCL CLE LEA	VRG RGR GRS RSC SCC CCG CGG GGR GRR RRH RHC HCN CNG NGA GAD ADC DCF CFN FNW NWD WDF DFQ FQH	1
1289	YSD SDI DIS ISN SNG NGY GYP YPL	ARV RVS VSD SDF DFG FGD GDY DYG YGP GPD PDF	0
424	LQI QIY IYN YNM NMP MPI PIT	ARG RGK GKG KGN GNT NTH THK HKP KPY PYG YGY GYV YVR VRY RYF YFD FDV	0
1602	SSY SYT YTS TSS SSS SST STL TLV	ARE REG EGD GDG DGA GAF AFD FDY	0
170	QAR ARL RLL LLL LLP LPQ PQT	ARV RVA VAI AIG IGV GVS VSG SGF GFL FLN LNY NYY YYY YYY YYM YMD MDV	1
19708	QQY QYG YGT GTS TSP SPL PLT	ASR SRQ RQH QHH HHE HEY EYF YFQ FQE	1
326	AAW AWD WDD DDS DSL SLN LNG NGF GFW FWV	ART RTL TLR LRV RVS VSG SGD GDY DYV YVR VRD RDF DFD FDL	0
19719	QSF SFD FDS DSI SIL ILS LSG SGD GDL DLV	ATS TSY SYV YVD VDN DNW NWH WHA HAG AGL GLH LHW HWF WFD FDS	0
19827	QQY QYY YYT YTA TAS ASP SPF	AKL KLL LLV LVG VGI GIT ITT TTD TDV DVF VFD FDV	0
19684	QQY QYG YGS GSS SSP SPP PPY PYT	AKE KES ESF SFG FGI GIP IPH PHF	0
1005	QTW TWD WDS DSS SST STD TDV DVV	ARA RAV AVV VVF VFT FTD TDS DSS SSA SAY AYY YYY YYS YSK SKY KYF YFD FDY	0
938	QQY QYD YDK DKL KLP LPT	VRD RDR DRD RDD DDF DFW FWS WSG SGY GYY YYK YKH	0
1022	QVW VWD WDD DDS DSI SIN INA NAY AYV	ARE REF EFH FHS HSG SGL GLG LGW GWH WHF HFD FDL	0
1580	QQY QYK YKH KHW HWP WPP PPY PYT	ARA RAP APS PSG SGY GYP YPG PGV GVS VSL SLY LYQ YQY QYY YYG YGL GLD LDV	1
738	QSY SYD YDS DSS SSL SLS LSG SGS GSV	ARV RVE VEG EGV GVR VRG RGV GVM VMG MGF GFH FHY HYY YYP YPM PMD MDV	0
19639	QQY QYL YLY LYH YHP HPA PAT	ARR RRH RHW HWP WPG PGG GGF GFD FDY	0
491	STW TWD WDD DDT DTL TLK LKG KGW GWV	ARR RRQ RQL QLL LLD LDD DDG DGT GTG TGY GYQ YQW QWA WAA AAF AFD FDV	0
19762	QQY QYY YYY YYG YGY GYP YPI PIT	ARY RYK YKY KYP YPY PYW YWS WSW SWY WYY YYY YYW YWG WGG GGM GMD MDY	0
1363	QQY QYN YNS NSY SYP YPW PWT	ARE REE EEH EHI HIT ITF TFG FGG GGV GVI VIV IVR VRY	0
136	QQR QRS RSM SMW MWP WPP PPV PVT	ARD RDG DGK GKC KCG CGG GGG GGR GRC RCY CYS YSG SGL GLL LLD LDY	0
27	QQY QYG YGQ GQS QSL SLS LST	ARE REG EGT GTT TTG TGW GWG WGW GWL WLG LGK GKP KPI PIG IGA GAF AFA FAH	1
1385	MQA QAT ATH THW HWP WPY PYT	ARD RDG DGR GRG RGA GAL ALQ LQY	0
8677	QQR QRS RSN SNW NWP WPP PPT	ARD RDR DRS RSY SYY YYL YLD LDY	0
984	QQY QYY YYT YTT TTA TAT ATT	ARA RAG AGT GTL TLF LFA FAY	0
475	QAW AWD WDS DSS SST STA TAV	ARV RVL VLS LSR SRA RAS ASG SGM GMP MPD PDA DAF AFD FDI	0
358	QQY QYD YDN DNS NSV SVC VCT	ARG RGP GPV PVP VPA PAV AVF VFY FYG YGD GDY DYR YRL RLD LDP	1
19685	QSV SVD VDN DNS NSG SGT GTY TYE YEV	ATL TLN LNL NLE LEL ELA LAV AVD VDA DAI AIS ISE SEA EAL ALK	0
19634	QEA EAY AYS YSS SST STP TPT PTL TLT	TAD ADL DLG LGE GEP EPV PVV VVS VSR SRF RFF FFE FEW EWG WGS GSY SYY YYY YYY YYM YMD MDL	1
46	QSS SSS SSS SSP SPY PYT	SRY RYS YSS SSY SYY YYS YSY SYY YYY YYS YSS SSS SSS SSY SYS YSY SYA YAM AMD MDY	0
19747	SSR SRD RDK DKS KSG SGS GSR SRL RLS LSV	ART RTG TGK GKY KYY YYD YDF DFW FWF WFG FGY GYP YPP PPG PGE GEE EEY EYF YFQ FQD	1
413	GTW TWD WDS DSR SRL RLG LGI GIA IAV	VGL GLD LDW DWN WNY NYN YNP NPL PLR LRY	0
651	QQY QYG YGS GSS SSP SPT	ARD RDL DLT LTT TTL TLT LTS TSY SYN YNW NWW WWD WDL	1
1402	SSY SYA YAG AGS GSN SNN NNF NFA FAV	ARV RVS VSR SRG RGG GGS GSF SFS FSD	0
552	QVW VWD WDS DSF SFS FST STF TFV	ASL SLP LPR PRG RGQ GQL QLV LVN VNA NAY AYF YFR FRN	0
1549	QQS QSR SRT	ARS RSG SGH GHI HIT ITV TVF VFG FGV GVN VNV NVD VDA DAF AFD FDM	0
19783	QQY QYG YGS GSS SSP SPY PYT	ARG RGI GIA IAS ASA SAG AGT GTP TPD PDY DYF YFF FFY	0
662	QQF QFE FEF	VRR RRG RGS GSC SCD CDY DYC YCG CGD GDF DFP FPW PWQ WQY	1
932	SSF SFA FAN ANS NSG SGP GPL	ARD RDR DRY RYF YFD FDL	0
697	NSA SAD ADS DSS SSG SGN GNH NHV HVV	AKI KIL ILG LGA GAG AGR GRG RGW GWY WYF YFD FDY	0
1555	QQS QSY SYS YSY SYP YPY PYT	ARY RYY YYS YSS SSG SGG GGS GSY SYY YYR YRY RYS YSR SRG RGF GFD FDY	0
19636	QES ESY SYS YSS SST STP TPT PTH THI	TMD MDE DEG EGT GTP TPV PVT VTR TRF RFL FLE LEW EWG WGY GYF YFY FYY YYY YYM YMA MAV	1
988	QSY SYD YDS DSS SSV SVV VVV	VRD RDD DDS DSY SYD YDG DGG GGG GGH GHY HYG YGL GLH LHN HNW NWF WFD FDS	0
1574	QHM HMS MSS SSY SYP YPL PLT	ARD RDK DKY KYY YYG YGN GNE NEA EAV AVG VGM GMD MDV	1
1254	QQY QYF YFY FYW YWP WPI PIT	ARS RSY SYS YSW SWS WSY SYA YAI AID IDY	0
1559	SSY SYT YTD TDI DIH IHN HNF NFV	ARG RGT GTR TRL RLR LRT RTL TLR LRN RNA NAF AFD FDI	1
188	QTY TYD YDP DPY PYS YSV SVV	ARD RDL DLI LIH IHG HGV GVT VTR TRN	0
1245	QES ESL SLS LSA SAS ASY SYT	ARL RLD LDG DGY GYT YTL TLD LDI	0
19710	QHR HRD RDS DSW SWP WPP PPG PGA GAT	AKE KES ESD SDS DSC SCG CGG GGD GDC DCS CSR SRF RFA FAF AFD FDV	0
739	QQY QYS YSS SSF SFP FPT PTT	ARW RWG WGD GDE DEG EGF GFD FDI	0
19698	QQY QYV YVS VST STP TPL PLT	ARK RKL KLE LEP EPP PPY PYY YYF YFY FYS YSY SYM YMD MDV	0
390	QQL QLH LHF HFY FYP YPH PHT	AHR HRR RRG RGP GPT PTT TTL TLF LFG FGV GVP VPI PIA IAR ARG RGP GPV PVN VNA NAM AMD MDV	1
870	AAW AWD WDD DDS DSL SLN LND NDW DWV	VKD KDR DRV RVA VAV AVA VAG AGK GKG KGS GSY SYY YYF YFD FDS	0
19749	SSY SYA YAG AGS GSV SVV	AKD KDL DLT LTL TLM LMY MYV YVF VFD FDS DSG SGW GWA WAR ARG RGA GAH AHD HDY DYY YYG YGM GMD MDV	0
1224	MQG QGL GLH LHS HSP SPW PWT	LTG TGS GSK SKH KHR HRL RLR LRD RDY DYF YFL FLY LYN YNE NEY EYG YGP GPN PNY NYE YEE EEW EWG WGD GDY DYL YLA LAT ATL TLD LDV	1
1353	QAW AWD WDS DSS SSA SAL ALV	ARG RGP GPL PLS LSR SRG RGY GYY YYD YDY	0
989	AAW AWD WDD DDS DSL SLN LNG NGW GWV	ARV RVQ VQY QYS YSG SGY GYY YYD YDW DWF WFD FDP	0
1551	QQY QYN YNN NNW NWW WWT	VRN RNV NVG VGT GTA TAG AGS GSL SLL LLH LHY HYD YDH	1
483	QQG QGN GNT NTL TLS LSY SYT	ARE REL ELY LYQ YQG QGY GYM YMD MDT DTF TFD FDS	0
928	MQA QAL ALQ LQT QTP TPL PLT	ARH RHA HAS ASC SCS CSA SAR ARS RSC SCY CYW YWG WGP GPV PVD VDY	0
19773	QSS SSD SDT DTS TSD SDS DSY SYK YKM	ARN RNA NAI AIR IRI RIY IYG YGV GVV VVA VAL ALG LGE GEW EWF WFH FHY HYG YGM GMD MDV	1
478	QQY QYW YWS WSE SEP EPV PVT	ARG RGG GGP GPD PDY DYA YAM AMD MDV	0
19588	QQY QYS YST STF TFW FWT	VRD RDR DRS RSN SNG NGW GWS WSS SSI SIN INL	0
896	QQL QLN LNS NSY SYS YSL SLT	ARG RGG GGM GMT MTM TMV MVR VRG RGV GVM VMM MMD	0
19595	QHY HYG YGV GVS VSP SPV PVI VIT	TRG RGV GVR VRE REV EVG VGA GAT ATG TGD GDD DDP DPF PFY FYY YYG YGM GMY MYV	0
1397	QVW VWD WDT DTG TGS GSD SDP DPV PVV	ARD RDS DSS SSS SSS SSW SWA WAR ARW RWF WFF FFD FDL	0
1581	QQY QYE YEF	ARE RER ERS RSD SDF DFW FWD WDF DFD FDL	1
694	QQS QSY SYS YST STP TPF PFT	ARQ RQN QNH NHY HYG YGS GSG SGS GSY SYF YFY FYR YRT RTA TAY AYY YYY YYA YAM AMD MDV	0
352	QQY QYS YSN SNY NYP YPL PLT	ARD RDN DNP NPT PTL TLL LLG LGS GSD SDY	1
256	RSW SWD WDS DSN SNL NLS LSY SYS YSV	ARY RYF YFM FMS MSY SYK YKH KHL HLS LSD SDY	0
1219	QQH QHD HDS DSS SSP SPY PYT	ASP SPY PYP YPN PND NDY DYN YND NDY DYA YAP APE PEE EEG EGM GMS MSW SWY WYF YFD FDL	1
1388	QQL QLN LNT NTY TYP YPF PFT	AKP KPK PKS KSR SRD RDR DRG RGG GGP GPG PGD GDD DDY DYF YFG FGM GMD MDV	0
303	QQY QYN YNN NNW NWP WPP PPR PRY RYT	AGV GVY VYE YEG EGE GEA EAD ADE DEG EGE GEY EYR YRN RNN NNG NGF GFL FLK LKH	1
19748	QVW VWD WDS DSS SSS SSD SDH DHV HVV	ARL RLP LPM PMV MVT VTM TMS MSF SFD FDY	0
999	QQY QYG YGG GGS GSP SPY PYT	ARG RGT GTD TDY DYT YTI TID IDD DDQ DQG QGI GIF IFY FYK YKG KGS GSG SGT GTF TFW FWY WYF YFD FDL	0
19669	QQA QAY AYP YPA PAL ALH LHT	ARW RWI WIG IGS GSR SRE REL ELY LYI YIM IMD MDY	0
747	ASW SWD WDD DDS DSL SLN LNG NGV GVV	AGP GPS PSI SIT ITE TES ESH SHY HYC YCL CLD LDC DCA CAA AAK AKD KDY DYY YYY YYG YGL GLD LDV	0
969	GSL SLV LVG VGN GNW NWD WDV DVI	ARF RFG FGG GGE GEV EVL VLR LRY RYT YTD TDW DWP WPK PKP KPA PAW AWV WVD VDL	1
1354	QQR QRS RSN SNW NWP WPP PPG PGY GYT	VKD KDL DLG LGI GIA IAA AAR ARR RRF RFV FVS VSG SGA GAF AFD FDI	0
19734	QQY QYY YYS YST STP TPI PIT	AKD KDP DPG PGG GGD GDS DSS SSP SPA PAG AGR GRT RTW TWF WFD FDP	0
876	SSY SYT YTS TSS SSS SST STR TRV	ARI RIK IKL KLG LGT GTV TVT VTT TTV TVD VDY	0
311	QQF QFY FYT YTT TTP TPS PST	ARG RGS GSG SGF GFR FRW RWV WVM VMD MDY	0
19784	QST STD TDS DSS SSG SGT GTS TSW SWV	ARD RDP DPI PIV IVG VGH GHT HTR TRD RDG DGL GLD LDV	0
587	QQY QYE YEE EEW EWP WPR PRT	ARH RHR HRH RHH HHD HDV DVF VFM FML MLV LVP VPI PIA IAG AGW GWF WFD FDV	1
407	STF TFT FTM TMS MSG SGN GNG NGT GTV	ARE RER ERW RWH WHV HVR VRG RGY GYF YFD FDH	0
19794	QQS QSY SYF YFN FNP NPI PIT	ARH RHY HYS YSA SAV AVA VAG AGL GLD LDY	0
19631	KSL SLT LTS TST STR TRR RRR RRV	VRE REA EAG AGG GGP GPD PDY DYR YRN RNG NGY GYN YNX NXX XXD XDF DFY FYD YDG DGY GYY YYN YNY NYH YHY HYM YMD MDV	1
8703	QAW AWD WDS DST STL TLG LGV GVV	ARL RLG LGF GFE FEG EGD GDY DYS YSG SGS GSF SFF FFD FDY	1
9249	QQH QHD HDY DYP YPY PYT	ARL RLG LGS GSD SDY DYD YDV DVW VWF WFD FDY	0
822	QQY QYG YGS GSS SSP SPS PST	ARE REG EGT GTT TTG TGW GWG WGW GWL WLG LGK GKP KPI PIG IGA GAF AFQ FQH	1
19772	QQY QYF YFF FFL FLY LYS	ARI RIR IRQ RQV QVS VSK SKY KYL YLQ LQW QWY WYP YPG PGV GVF VFE FEM	1
1358	YSY SYA YAD ADG DGV GVA	ARE REM EMF MFD FDS DSS SSA SAD ADW DWS WSP SPW PWR WRG RGM GMV MVA	1
1314	QQH QHN HNE NEY EYP YPY PYT	ARM RMG MGS GSD SDY DYD YDV DVW VWF WFD FDY	0
19736	QQY QYY YYL YLI LIP IPS PST	ARV RVG VGP GPA PAD ADV DVW VWD WDS DSF SFD FDY	0
19771	QSY SYD YDT DTS TSL SLS LSG SGP GPV PVV	ARQ RQR QRI RIV IVS VSG SGF GFV FVE VEW EWL WLS LSK SKF KFD FDY	0
143	ATW TWD WDR DRR RRP RPT PTA TAY AYV YVV	AKH KHM HMG MGY GYQ YQV QVR VRE RET ETM TMD MDV	0
1355	QQY QYN YNT NTY TYS YSW SWW WWT	ASR SRL RLG LGV GVR VRA RAT ATT TTG TGD GDL DLD LDY	0
925	QQY QYD YDN DNL NLP LPP PPL PLT	ARD RDR DRI RIV IVD VDD DDY DYY YYY YYY YYG YGM GMD MDV	0
1259	QQC QCG CGN GNS NSP SPW PWT	ARV RVV VVA VAD ADR DRE REG EGF GFG FGY GYY YYY YYG YGM GMD MDV	0
546	QQY QYN YNN NNW NWP WPP PPW PWT	ARV RVG VGG GGE GEW EWG WGS GSG SGR GRY RYY YYL YLD LDH	0
19671	HMW MWD WDS DSR SRS RSG SGF GFS FSW SWS	ART RTQ TQH QHG HGR GRR RRI RIY IYG YGI GIV IVA VAF AFR FRE REW EWF WFT FTY TYF YFY FYM YMD MDV	1
936	AAW AWD WDD DDG DGL GLN LNG NGW GWV	ARD RDR DRG RGF GFD FDL DLL LLT LTG TGH GHY HYL YLG LGL GLD LDP	0
586	AAW AWD WDD DDS DSL SLN LNG NGV GVV	AQG QGP GPI PIV IVG VGA GAP APT PTD TDY	0
19799	HQY QYY YYS YSS SSP SPL PLT	ALL LLT LTV TVL VLT LTP TPD PDD DDA DAF AFD FDI	0
19661	QQS QSY SYS YST STP TPR PRT	ARD RDP DPS PSF SFW FWA WAA AAE AEY EYF YFQ FQH	0
908	QEY EYS YSS SST STP TPY PYN	ARD RDG DGL GLG LGE GEV EVA VAP APA PAY AYL YLY LYG YGI GID IDA	1
854	CSY SYA YAG AGG GGK GKS KSL SLV	ARD RDG DGV GVR VRY RYY YYY YYD YDS DST STG TGY GYY YYP YPD PDN DNF NFF FFQ FQY QYG YGL GLD LDV	0
536	QQL QLE LEF	ARQ RQK QKF KFY FYT YTG TGG GGQ GQG QGW GWY WYF YFD FDL	1
534	QQH QHG HGP GPF PFY FYW YWL WLF LFT	ART RTV TVR VRG RGS GSK SKK KKP KPY PYF YFS FSG SGW GWA WAM AMD MDY	0
935	HQY QYS YSS SSH SHP HPP PPT	ARA RAD ADG DGL GLT LTY TYF YFS FSE SEL ELL LLQ LQY QYI YIF IFD FDL	1
1366	QQQ QQF QFD FDP DPP PPF PFT	ARE RER ERG RGM GMH MHY HYM YMD MDV	0
208	QQA QAW AWA WAY AYL YLP LPT	ARE RED EDF DFR FRN RNR NRR RRR RRL RLW LWY WYV YVM VMD MDY	0
535	QQS QSY SYT YTT TTP TPP PPT	ART RTW TWL WLL LLR LRW RWV WVM VMD MDL	0
357	SSY SYT YTS TSS SST STP TPY PYV YVL	ARE REF EFS FSS SSY SYT YTD TDH DHL HLE LEY EYY YYY YYD YDY DYY YYY YYM YMD MDV	1
19646	QVW VWD WDN DNY NYS YSD SDH DHV HVI	AVG VGL GLP LPV PVD VDY	0
499	ATW TWD WDD DDS DSL SLD LDG DGW GWV	ARD RDV DVQ VQY QYS YSG SGS GSY SYL YLG LGA GAY AYY YYF YFD FDY	0
1275	QQY QYR YRY RYS YSP SPR PRT	ARG RGG GGV GVG VGS GSF SFD FDT	0
853	CSY SYA YAT ATS TSR SRT RTL TLV	VRD RDG DGV GVR VRF RFY FYY YYD YDS DST STG TGY GYY YYP YPD PDS DSF SFF FFK FKY KYG YGM GMD MDV	0
912	ATY TYD YDS DSD SDG DGS GSI SIR IRL	ARA RAE AEA EAA AAS ASD SDS DSH SHS HSR SRP RPI PIM IMF MFD FDH	1
1390	LHY HYG YGT GTS TSP SPM PMY MYT	IAS ASS SST STT TTG TGW GWY WYV YVR VRE RED EDF DFD FDY	0
199	QQH QHG HGN GNL NLP LPY PYT	ARP RPY PYL YLT LTY TYP YPQ PQR QRR RRG RGP GPQ PQN QNV NVS VSP SPF PFD FDN	0
1307	QQY QYR YRY RYS YSP SPR PRT	ARG RGG GGF GFG FGS GSF SFD FDT	0
19609	MEA EAR ARQ RQT QTP TPR PRL RLT	VRG RGP GPE PES ESG SGW GWF WFY FYH YHY HYY YYW YWG WGL GLG LGV	1
19770	ASY SYA YAG AGS GSG SGI GIY IYV	ARL RLA LAI AIG IGD GDS DSY	0
1035	MQS QSK SKD KDF DFP FPL PLT	ARM RMF MFQ FQE QES ESG SGP GPP PPR PRL RLD LDR DRW RWS WSG SGR GRN RNY NYY YYY YYY YYS YSG SGM GMD MDV	0
8696	ISY SYI YIS ISS SSN SNT NTR TRL	VRG RGV GVI VID IDK DKF KFD FDY	0
538	QSY SYD YDN DNS NSS SSW SWV	ARL RLG LGG GGR GRY RYY YYH YHD HDS DSS SSG SGY GYY YYY YYL YLD LDY	1
1003	QQA QAN ANS NSF SFP FPI PIT	ARF RFY FYD YDS DSF SFF FFD FDI	0
1036	QQY QYY YYS YST STP TPG PGL GLT	RLL LLW LWF WFG FGE GEL ELF LFF FFD FDY	0
19752	QSY SYD YDR DRY RYT YTH THP HPA PAL ALL	KTH THG HGS GSH SHD HDN	0
467	QQS QSN SNR NRA RAP APA PAT	AKW KWA WAW AWP WPA PAF AFD FDY	0
362	QQY QYE YEF	TRG RGK GKN KNC NCD CDY DYN YNW NWD WDF DFE FEH	1
1411	QSA SAD ADS DSS SSG SGD GDY DYV	ARE REW EWA WAE AED EDG DGD GDF DFG FGN GNA NAF AFH FHV	1
919	QQF QFK FKR KRQ RQK QKE KEP EPI PIT	ART RTW TWY WYY YYG YGF GFD FDY	0
19847	QHY HYF YFN FNI NIP IPH PHN	ARL RLD LDA DAR ARV RVD VDA DAG AGW GWQ WQL QLD LDS	0
356	QQY QYG YGQ GQS QSL SLS LST	ARE REG EGT GTT TTG TGA GAG AGW GWL WLG LGK GKP KPI PIG IGA GAF AFA FAH	1
708	QQW QWA WAV AVH VHS HSL SLI LIT	ARY RYV YVY VYH YHA HAL ALD LDY	0
860	QQY QYE YEN ENL NLQ LQF QFT	ASI SIY IYG YGS GSG SGT GTF TFY FYY YYY YYF YFY FYM YMD MDV	1
941	GTW TWD WDD DDN DNS NSW SWV	ATR TRW RWN WNY NYF YFF FFD FDF DFD FDY	1
715	QQA QAN ANS NSF SFF FFT	AAD ADP DPW PWE WEL ELN LNA NAF AFN FNV	1
934	QAW AWD WDS DSS SSS SSF SFV	ARV RVA VAL ALF LFD FDI DIL ILT LTG TGG GGW GWF WFD FDP	0
19750	CSY SYA YAG AGS GSV SVV	ARD RDL DLT LTL TLM LMY MYV YVH VHS HSS SSG SGW GWE WER ERG RGV GVY VYY YYY YYY YYG YGM GMD MDV	0
879	GTW TWL WLY LYD YDR DRA RAV AVG VGL	ARG RGS GSF SFD FDY DYY YYF YFW FWS WSA SAS ASH SHP HPP PPN PND NDA DAL ALA LAI	0
19655	QQY QYN YNN NNW NWP WPP PPY PYT	ARL RLK LKR KRR RRG RGF GFS FSG SGE GEG EGY GYF YFD FDY	0
19706	QQY QYY YYN YNY NYP YPL PLT	ARF RFV FVN VNW NWD WDG DGD GDY DYM YMD MDY	0
1183	QQY QYH YHS HSY SYP YPW PWT	AKA KAK AKR KRV RVG VGA GAT ATG TGY GYF YFD FDL	0
19551	ASA SAT ATL TLL LLD LDT DTY TYV	ARE REP EPD PDY DYY YYD YDS DSS SSG SGY GYY YYP YPI PID IDA DAF AFD FDI	0
1026	TVW VWD WDS DSV SVP VPG PGA GAS ASV	ARD RDR DRG RGY GYY YYA YAF AFD FDI	0
545	AAW AWD WDD DDS DSL SLS LSG SGP GPA PAV AVV	ARQ RQQ QQD QDS DSG SGY GYS YSG SGP GPE PEV EVS VSY SYY YYS YSH SHY HYG YGM GMD MDV	0
19844	NAY AYE YEF	ARM RMG MGA GAA AAR ARE REW EWD WDF DFQ FQY	1
50	QQG QGL GLL LLS LSP SPL PLT	ARF RFV FVF VFF FFL FLP LPY PYA YAM AMD MDY	0
872	NSY SYT YTT TTL TLS LST STW TWL	ARV RVS VSR SRG RGG GGS GSY SYS YSD	0
19789	QQS QSY SYS YST STP TPY PYT	ARA RAT ATN TNY NYD YDS DSS SSG SGY GYY YYS YSL SLY LYF YFD FDY	0
555	AVF VFQ FQW	ARD RDE DES ESG SGD GDD DDL DLK LKW KWH WHL HLH LHP	1
19608	QQY QYD YDG DGL GLP LPF PFT	AKH KHM HMS MSM SMQ MQQ QQV QVP VPG PGS GSG SGW GWE WER ERA RAD ADL DLV LVG VGD GDA DAF AFD FDV	0
1376	NAF AFE FEF	ARR RRM RMR MRS RSQ SQD QDR DRE REW EWD WDF DFQ FQH	1
396	QAW AWD WDA DAS AST STG TGV	TRL RLY LYL YLF LFE FEG EGA GAQ AQS QSS SSN SNA NAF AFD FDL	1
539	YST STD TDS DSS SSG SGN GNH NHR HRV	AKD KDS DSP SPR PRG RGE GEL ELP LPL PLN LNY	1
889	QQY QYE YEF	VRK RKG KGP GPS PSC SCP CPH PHC HCG CGD GDF DFH FHW HWQ WQH	1
19819	QVW VWD WDS DSG SGR GRG RGH GHP HPL PLY LYV	ARA RAL ALE LEM EMG MGH GHR HRS RSG SGF GFP FPF PFD FDY	0
977	QQY QYG YGQ GQS QSL SLS LST	ARE REG EGT GTT TTG TGS GSG SGG GGK GKP KPI PIG IGA GAF AFA FAH	1
19766	QET ETY TYS YSD SDL DLM LMY MYT	ARL RLS LSQ SQV QVS VSG SGW GWS WSP SPW PWV WVG VGP	0
416	QVW VWD WDS DSS SSS SSD SDH DHV HVI	ARG RGG GGL GLE LEP EPR PRS RSV SVD VDY DYY YYY YYY YYG YGM GMD MDV	0
1349	QSR SRD RDI DIS ISQ SQY QYV	ART RTF TFH FHI HIR IRR RRY RYR YRS RSG SGY GYY YYD YDK DKM KMD MDH	0
1306	AAW AWD WDD DDS DSL SLI LIG IGY GYV	AKD KDA DAR ARD RDC DCL CLL LLC LCA CAD ADW DWH WHF HFD FDL	0
1469	AAW AWD WDD DDS DSL SLN LNG NGP GPV	ARD RDW DWG WGS GSN SNY NYV YVW VWG WGS GSY SYP YPK PKY	0
380	QQW QWW WWW WWW WWP WPS PST	ARW RWW WWS WSS SSA SAM AMD MDY	0
19767	QSY SYD YDS DSS SSL SLS LSG SGF GFY FYV	ARL RLG LGY GYC YCS CSG SGG GGS GSC SCH CHF HFD FDY	0
19785	QQS QSY SYS YST STL TLT LTW TWT	ARS RSG SGF GFC FCS CSD SDD DDA DAC ACY CYR YRR RRG RGS GSW SWF WFD FDP	0
341	QQF QFD FDG DGD GDP DPT	ARH RHY HYE YEI EIQ IQI QIG IGR GRY RYG YGM GMN MNV NVY VYY YYL YLM LMY MYR YRF RFA FAS	0
965	AAW AWD WDD DDS DSP SPP PPG PGE GEA	ARV RVG VGL GLG LGD GDA DAF AFD FDI	0
1025	QQY QYY YYS YSA SAP APL PLT	VRE REG EGP GPR PRA RAT ATG TGY GYS YSM SMA MAD ADV DVF VFD FDI	0
1391	LHY HYG YGT GTS TSP SPM PMY MYF	IAS ASS SST STT TTG TGW GWY WYV YVR VRE RED EDF DFD FDY	0
205	QQS QSY SYT YTT TTP TPP PPT	ARS RSA SAR ARF RFS FSF SFD FDY	0
1000	QQY QYG YGR GRS RSP SPY PYT	ARG RGT GTD TDY DYT YTI TID IDD DDQ DQG QGI GIR IRY RYQ YQG QGS GSG SGT GTF TFW FWY WYF YFD FDV	1
911	QQT QTR TRW RWT WTP TPP PPT	VKD KDQ DQT QTI TIF IFH FHK HKN KNG NGA GAV AVD VDF DFF FFS FSY SYF YFD FDL	1
394	ASW SWD WDD DDS DSR SRG RGG GGP GPD PDY DYV	ARL RLH LHY HYS YSD SDR DRS RSG SGS GSY SYF YFN FND NDV DVF VFH FHM	1
862	SAF AFT FTH THN HNS NSD SDV	ARH RHP HPY PYW YWY WYG YGG GGQ GQL QLD LDL	0
19556	CSY SYT YTH THN HNS NSG SGC GCV	AKG KGL GLL LLR LRD RDG DGS GSS SST STW TWL WLP LPY PYL	1
1561	QQY QYL YLQ LQY QYP YPM PMT	ARG RGS GSF SFW FWF WFG FGY	0
164	GTW TWD WDM DMV MVT VTN TNN NNV	ARG RGL GLG LGA GAF AFH FHW HWD WDM DMQ MQP QPD PDY	0
351	AAW AWD WDD DDS DSR SRG RGG GGP GPD PDW DWV	ARL RLG LGG GGD GDY DYE YED EDS DSG SGA GAD ADA DAF AFD FDF	1
19803	SSR SRD RDS DSS SSG SGN GNH NHW HWV	ARS RSR SRD RDL DLL LLL LLF LFP FPH PHH HHA HAL ALS LSP	0
544	QQY QYD YDN DNL NLP LPI PIT	ARG RGI GIS ISG SGS GSY SYG YGW GWF WFD FDP	0
19613	MQG QGT GTH THW HWP WPP PPY PYT	ARG RGY GYA YAD ADT DTP TPV PVF VFR FRR RRY RYY YYY YYY YYG YGM GMD MDV	0
196	QQY QYA YAD ADS DSP SPI PIT	AST STL TLG LGL GLV LVL VLD LDA DAM AMD MDY	0
866	QQS QSS SSS SSS SSL SLI LIT	ARY RYE YET ETL TLY LYW YWP WPY PYQ YQN QNS NSG SGM GMD MDY	0
466	QQS QSN SNR NRA RAP APA PAT	AKW KWW WWA WAW AWP WPA PAF AFD FDY	0
501	AAW AWD WDD DDS DSL SLK LKG KGA GAV	ARH RHG HGN GNY NYY YYY YYY YYS YSG SGM GMD MDV	0
749	QQA QAN ANS NSF SFP FPL PLT	ARD RDL DLG LGG GGY GYF YFI FIR IRG RGI GIM IMD MDV	0
998	HMW MWD WDS DSR SRS RSG SGF GFS FSW SWS	ARA RAQ AQQ QQG QGK GKR KRI RIY IYG YGM GMV MVS VSF SFG FGE GEF EFF FFY FYY YYY YYY YYM YMD MDV	1
1237	QSY SYD YDS DSS SSN SNV NVV	ARG RGI GIV IVF VFS FSY SYA YAM AMD MDV	0
1260	QQS QSY SYS YST STP TPS	ASS SSY SYD YDF DFW FWS WSN SNA NAF AFD FDI	0
1356	QVL VLQ LQF	ARD RDR DRS RSY SYG YGD GDS DSS SSW SWA WAL ALD LDA	1
500	ATW TWD WDD DDS DSL SLN LNG NGW GWV	ARD RDV DVQ VQY QYS YSG SGS GSY SYL YLG LGA GAY AYY YYF YFD FDY	0
19584	QQF QFS FSS SSY SYP YPY PYT	ARE REN ENY NYG YGS GSV SVY	0
575	QQY QYD YDN DNL NLP LPL PLT	ATE TET ETA TAL ALV LVV VVS VST STT TTY TYL YLP LPH PHY HYF YFD FDN	0
1327	QQY QYD YDG DGL GLP LPF PFT	AKH KHM HMS MSM SMQ MQQ QQV QVV VVS VSA SAG AGW GWE WER ERA RAD ADL DLV LVG VGD GDA DAF AFD FDV	0
1357	LQH QHN HNS NSY SYP YPR PRT	ARD RDR DRD RDD DDL DLS LSP SPF PFD FDY	0
19722	QAW AWD WDS DSS SST STV TVV	ARD RDP DPG PGI GIA IAA AAA AAD ADN DNH NHW HWF WFD FDP	0
324	WSF SFA FAG AGS GSY SYY YYV	AGE GEL ELL LLP LPY PYY YYG YGM GMD MDV	0
824	HMW MWD WDS DSR SRS RSG SGF GFS FSW SWS	ATA TAR ARR RRG RGQ GQR QRI RIY IYG YGV GVV VVS VSF SFG FGE GEF EFF FFY FYY YYY YYY YYM YMD MDV	1
302	QQS QSY SYN YNS NSP SPW PWT	ARD RDN DNG NGD GDY DYV YVG VGE GEK EKG KGF GFD FDI	0
855	QQR QRY RYN YNW NWP WPP PPY PYT	VGG GGY GYS YSN SNF NFY FYY YYY YYY YYT YTM TMD MDV	0
1362	QHL HLI LIG IGL GLR LRS	ARR RRS RSN SNW NWP WPY PYL YLP LPF PFD FDP	1
691	AAW AWD WDD DDS DSL SLI LIG IGV GVV	ARD RDK DKN KNP NPG PGT GTK TKP KPY PYY YYH YHY HYG YGM GMD MDV	0
8701	ATW TWD WDN DNS NSL SLN LND NDR DRV	ARE REI EIP IPG PGA GAT ATS TSG SGP GPD PDH DHF HFF FFF FFY FYG YGM GMD MDV	0
482	SSY SYD YDD DDP DPN PNF NFQ FQV	ARY RYS YSY SYP YPF PFY FYS YSI SID IDY	0
19755	QQS QSQ SQW QWY WYP YPI PIT	ARS RSY SYS YST STK TKL KLA LAM AMD MDY	0
1409	ATW TWD WDG DGS GSL SLR LRT RTV	ARD RDF DFG FGE GEY EYH YHY HYD YDG DGR GRG RGF GFQ FQC QCE CEG EGF GFD FDL	1
19574	MQN QNK NKQ KQT QTP TPL PLT	VIR IRG RGD GDV DVY VYN YNR NRQ	0
19846	QHY HYF YFN FNT NTP TPH PHN	ARL RLD LDA DAR ARV RVD VDA DAG AGW GWQ WQL QLD LDS	0
954	QQL QLN LNS NSY SYP YPL PLT	ARV RVG VGY GYC YCS CSS SST STS TSC SCN CNR NRG RGA GAF AFD FDI	0
1333	SSL SLT LTD TDR DRS RSH SHR HRI	ARE REA EAG AGG GGP GPI PIW IWH WHD HDD DDV DVK VKY KYY YYD YDF DFN FND NDG DGY GYY YYN YNY NYH YHY HYM YMD MDV	1
19642	MQG QGT GTH THW HWP WPP PPM PMC MCS	ARG RGT GTS TST STG TGL GLR LRE REA EAF AFH FHI	0
976	QSY SYD YDS DSS SSS SSW SWV	ARL RLG LGG GGR GRY RYY YYY YYD YDS DSS SSG SGY GYY YYY YYF YFD FDY	1
19723	TSY SYH YHP HPT PTK TKT KTI TIL	ARD RDD DDD DDY DYE YEE EEW EWP WPW PWY WYY YYG YGM GMD MDV	0
1416	QVW VWD WDS DSS SSS SSV SVV	ARG RGP GPL PLS LSR SRG RGY GYY YYD YDY	0
1373	QQS QSN SNN NNV NVP VPH PHT	ARD RDK DKK KKQ KQG QGE GEV EVV VVL VLP LPA PAA AAS ASF SFR FRW RWF WFA FAP	0
392	AAW AWD WDD DDS DSL SLS LSG SGP GPY PYV	TRD RDR DRS RSR SRV RVR VRY RYF YFD FDR DRE RES ESG SGW GWF WFD FDP	1
19709	QQR QRD RDN DNW NWP WPP PPD PDA DAT	AKE KEG EGG GGD GDN DNK NKF KFS FSF SFD FDY	0
1328	SSY SYT YTS TST STR TRT RTP TPY PYV	ARD RDP DPG PGL GLW LWD WDY DYY YYY YYG YGM GMD MDV	0
8698	AAW AWD WDD DDG DGL GLS LSG SGY GYV	VLL LLG LGT GTT TTM TMV MVT VTG TGH GHY HYF YFD FDY	0
19823	QNS NSG SGG GGG GGT GTP TPL PLI	SRD RDN DNF NFG FGT GTR TRP RPV PVP VPG PGR GRG RGY GYY YYY YYG YGM GMD MDV	1
19728	QHY HYN YNS NSY SYF YFV FVT	ARD RDG DGY GYS YSS SSS SSF SFF FFD FDF	0
206	QQS QSY SYT YTT TTP TPP PPT	ARF RFW FWW WWR WRS RSF SFD FDY	0
1346	QQS QSS SSY SYS YSP SPL PLT	ARE RES ESS SSY SYF YFY FYD YDG DGS GSY SYS YSY SYY YYD YDY DYE YEG EGA GAM AMD MDY	0
354	QVY VYG YGA GAS ASS SSY SYT	ARV RVG VGP GPY PYS YSW SWD WDD DDS DSP SPQ PQD QDN DNY NYY YYM YMD MDV	1
19808	MQS QSL SLQ LQT QTP TPR PRL RLT	TRG RGG GGT GTL TLF LFD FDY	0
906	TSH SHP HPY PYA	ARE RER ERG RGR GRH RHF HFE FEP EPK PKN KNR NRD RDN DNL NLE LEG EGK GKF KFF FFD FDL	1
1320	AAW AWD WDD DDS DSL SLS LSA SAH AHV HVV	ARE REL ELL LLM LMD MDY DYY YYD YDH DHI HIG IGY GYS YSP SPG PGP GPT	0
1465	QQS QSY SYT YTT TTP TPP PPT	ARG RGS GSG SGH GHV HVN VNA NAV AVK VKN KNY NYG YGY GYV YVM VMD MDY	0
1404	AAW AWD WDD DDS DSL SLN LNA NAW AWV	ARQ RQV QVG VGA GAT ATW TWA WAF AFD FDI	0
9231	QQS QSY SYT YTT TTP TPP PPT	ARR RRL RLA LAL ALV LVR VRM RMW MWM WMD MDY	0
19598	EAW AWD WDD DDS DSL SLD LDG DGV GVV	ARD RDG DGE GEI EIS ISY SYD YDY DYY YYY YYY YYG YGM GMD MDV	0
295	QQS QSY SYT YTT TTP TPP PPT	ART RTY TYG YGI GIY IYD YDL DLY LYV YVD VDY DYT YTE TEY EYV YVM VMD MDY	0
1006	QAW AWD WDS DSS SST STD TDV DVV	ARA RAV AVV VVF VFT FTD TDS DSS SSA SAY AYY YYY YYS YSK SKY KYF YFD FDY	0
986	QSY SYD YDS DSS SSL SLS LSG SGS GSQ SQV	ARA RAL ALL LLT LTT TTV TVT VTT TTF TFE FEY	0
315	QQY QYS YSS SSY SYS YSS SSL SLF LFT	ARE REY EYY YYR YRW RWY WYT YTA TAI AID IDY	0
19735	VQT QTV TVQ VQV QVP VPY PYT	TTL TLL LLI LIY IYE YES ESD SDV DVG VGV GVD VDF	0
484	QQY QYN YNS NSY SYS YSR SRT	AGY GYD YDS DSG SGY GYD YDY DYV YVA VAV AVA VAG AGP GPA PAE AEY EYF YFQ FQH	0
1582	QVY VYE YEF	ARR RRH RHS HSD SDY DYC YCD CDF DFD FDI	1
19814	HMW MWD WDS DSR SRS RSG SGF GFS FSW SWS	ATA TAR ARR RRG RGQ GQR QRI RIY IYG YGV GVV VVS VSF SFG FGE GEF EFF FFY FYY YYY YYS YSM SMD MDV	1
345	AWY WYD YDR DRE REL ELS LSE SEW EWV	ARD RDP DPA PAA AAW AWP WPL PLQ LQQ QQS QSL SLA LAW AWF WFD FDP	0
291	QQS QSY SYA YAT ATL TLP LPT	ARN RNA NAL ALY LYG YGS GSG SGG GGY GYY YYA YAM AMD MDY	0
746	QKY KYG YGT GTS TSA SAI AIT	AVP VPD PDP DPD PDA DAF AFD FDI	0
19573	QQS QSS SSD SDD DDP DPI PIT	ARS RSR SRG RGQ GQA QAS ASW SWD WDY DYW YWW WWA WAM AMD MDY	0
1571	KQY QYA YAD ADY DYW YWT	ARD RDR DRY RYS YSP SPT PTG TGH GHY HYY YYG YGM GMD MDV	0
844	QRY RYN YNR NRA RAP APY PYT	AKV KVS VSY SYL YLS LST STA TAS ASS SSL SLD LDY	0
918	QQS QSS SSS SSS SSL SLI LIT	ARG RGY GYY YYG YGA GAA AAM AMD MDY	0
8705	QTW TWG WGA GAG AGI GIL ILV	AKF KFS FSG SGK GKD KDC DCS CSG SGT GTS TSC SCR CRD RDY	0
367	QQF QFP FPT PTY TYL YLP LPT	ARG RGP GPF PFS FSP SPW PWV WVM VMD MDY	0
674	QQY QYY YYR YRS RSP SPL PLT	VRS RSV SVT VTP TPR PRY RYC YCG CGG GGG GGF GFC FCY CYG YGE GEF EFD FDY	0
19560	SSW SWD WDS DST STG TGL GLV	ARG RGF GFG FGT GTD TDF	0
19589	QHF HFY FYS YSV SVP VPW PWT	AKD KDR DRG RGP GPR PRG RGV GVG VGE GEL ELF LFD FDS	0
359	QQH QHQ HQN QNV NVP VPL PLT LTT	ARD RDI DIG IGL GLK LKG KGE GEH EHY HYD YDI DIL ILT LTA TAY AYG YGP GPD PDY	1
776	QQY QYN YNT NTY TYW YWT	AYR YRR RRI RIG IGV GVP VPR PRR RRD RDE DEF EFD FDI	0
19727	QSY SYD YDR DRR RRL RLS LSG SGS GSW SWV	ARA RAA AAY AYY YYD YDT DTS TSG SGY GYG YGD GDY	0
19630	QQS QSH SHS HSP SPP PPV PVT	ARE REQ EQR QRN RNK NKD KDY DYR YRY RYG YGQ GQE QEG EGF GFG FGY GYS YSY SYG YGM GMD MDV	1
19849	QQY QYY YYN YNS NSP SPY PYT	ARV RVG VGR GRP RPS PSK SKG KGG GGW GWF WFD FDP	0
19635	QEN ENY NYN YNT NTI TIP IPS PSL SLS	TMD MDE DEG EGT GTP TPV PVT VTR TRF RFL FLE LEW EWG WGY GYF YFY FYY YYY YYM YMA MAV	1
890	QQY QYE YEF	VRG RGK GKS KSC SCC CCG CGG GGR GRR RRY RYC YCN CNG NGA GAD ADC DCF CFN FNW NWD WDF DFE FEH	1
590	QQY QYG YGS GSS SSP SPY PYT	ARE REM EME MEV EVS VSG SGR GRW RWR WRP RPT PTE TEA EAF AFE FEI	0
300	TSW SWD WDD DDS DSL SLD LDS DSQ SQL	ARL RLE LEP EPG PGY GYS YSS SST STW TWS WSV SVN	0
517	HIW IWD WDS DSR SRV RVP VPT PTK TKW KWV	ART RTL TLH LHG HGR GRR RRI RIY IYG YGI GIV IVA VAF AFN FNE NEW EWF WFT FTY TYF YFY FYM YMD MDV	0
1539	QQA QAN ANS NSF SFF FFT	AAD ADP DPW PWE WEL ELN LNN NNV	1
955	QQS QST STG TGH GHP HPQ PQT	ART RTY TYG YGI GIY IYD YDL DLY LYV YVD VDY DYT YTE TEY EYV YVM VMD MDY	0
19692	QQY QYG YGR GRS RSR SRW RWT	AKS KSG SGT GTQ TQY QYY YYD YDT DTT TTG TGY GYE YEY EYR YRG RGL GLE LEY EYF YFG FGY	0
