275	TTDPSFLGRY
197	TTDPSFLGRY
504	YLQPRTFLL
100	LTDEMIAQY
10	LTDEMIAQY
162	TTDPSFLGRY
289	TTDPSFLGRY
85	LTDEMIAQY
291	TTDPSFLGRY
300	TTDPSFLGRY
101	LTDEMIAQY
484	YLQPRTFLL
104	LTDEMIAQY
138	TTDPSFLGRY
476	YLQPRTFLL
438	YLQPRTFLL
558	YLQPRTFLL
190	TTDPSFLGRY
32	LTDEMIAQY
262	TTDPSFLGRY
452	YLQPRTFLL
90	LTDEMIAQY
460	YLQPRTFLL
69	LTDEMIAQY
572	YLQPRTFLL
161	TTDPSFLGRY
187	TTDPSFLGRY
366	TTDPSFLGRY
229	TTDPSFLGRY
560	YLQPRTFLL
506	YLQPRTFLL
439	YLQPRTFLL
198	TTDPSFLGRY
158	TTDPSFLGRY
2	LTDEMIAQY
312	TTDPSFLGRY
56	LTDEMIAQY
282	TTDPSFLGRY
39	LTDEMIAQY
433	YLQPRTFLL
244	TTDPSFLGRY
570	YLQPRTFLL
13	LTDEMIAQY
79	LTDEMIAQY
419	YLQPRTFLL
325	TTDPSFLGRY
279	TTDPSFLGRY
258	TTDPSFLGRY
331	TTDPSFLGRY
273	TTDPSFLGRY
397	YLQPRTFLL
316	TTDPSFLGRY
486	YLQPRTFLL
557	YLQPRTFLL
132	TTDPSFLGRY
145	TTDPSFLGRY
497	YLQPRTFLL
406	YLQPRTFLL
519	YLQPRTFLL
25	LTDEMIAQY
559	YLQPRTFLL
192	TTDPSFLGRY
203	TTDPSFLGRY
293	TTDPSFLGRY
234	TTDPSFLGRY
114	LTDEMIAQY
310	TTDPSFLGRY
529	YLQPRTFLL
498	YLQPRTFLL
189	TTDPSFLGRY
66	LTDEMIAQY
201	TTDPSFLGRY
270	TTDPSFLGRY
153	TTDPSFLGRY
422	YLQPRTFLL
556	YLQPRTFLL
49	LTDEMIAQY
546	YLQPRTFLL
516	YLQPRTFLL
280	TTDPSFLGRY
271	TTDPSFLGRY
242	TTDPSFLGRY
358	TTDPSFLGRY
540	YLQPRTFLL
330	TTDPSFLGRY
152	TTDPSFLGRY
409	YLQPRTFLL
537	YLQPRTFLL
360	TTDPSFLGRY
60	LTDEMIAQY
315	TTDPSFLGRY
474	YLQPRTFLL
319	TTDPSFLGRY
502	YLQPRTFLL
142	TTDPSFLGRY
246	TTDPSFLGRY
133	TTDPSFLGRY
373	TTDPSFLGRY
115	LTDEMIAQY
402	YLQPRTFLL
228	TTDPSFLGRY
528	YLQPRTFLL
11	LTDEMIAQY
334	TTDPSFLGRY
523	YLQPRTFLL
176	TTDPSFLGRY
91	LTDEMIAQY
391	YLQPRTFLL
449	YLQPRTFLL
134	TTDPSFLGRY
320	TTDPSFLGRY
143	TTDPSFLGRY
394	YLQPRTFLL
140	TTDPSFLGRY
587	YLQPRTFLL
416	YLQPRTFLL
256	TTDPSFLGRY
23	LTDEMIAQY
298	TTDPSFLGRY
220	TTDPSFLGRY
281	TTDPSFLGRY
111	LTDEMIAQY
163	TTDPSFLGRY
571	YLQPRTFLL
475	YLQPRTFLL
241	TTDPSFLGRY
24	LTDEMIAQY
468	YLQPRTFLL
480	YLQPRTFLL
131	LTDEMIAQY
321	TTDPSFLGRY
445	YLQPRTFLL
355	TTDPSFLGRY
324	TTDPSFLGRY
489	YLQPRTFLL
531	YLQPRTFLL
225	TTDPSFLGRY
249	TTDPSFLGRY
314	TTDPSFLGRY
509	YLQPRTFLL
105	LTDEMIAQY
180	TTDPSFLGRY
462	YLQPRTFLL
585	YLQPRTFLL
245	TTDPSFLGRY
581	YLQPRTFLL
37	LTDEMIAQY
548	YLQPRTFLL
172	TTDPSFLGRY
323	TTDPSFLGRY
202	TTDPSFLGRY
194	TTDPSFLGRY
322	TTDPSFLGRY
224	TTDPSFLGRY
75	LTDEMIAQY
207	TTDPSFLGRY
517	YLQPRTFLL
458	YLQPRTFLL
383	TTDPSFLGRY
231	TTDPSFLGRY
219	TTDPSFLGRY
386	YLQPRTFLL
353	TTDPSFLGRY
116	LTDEMIAQY
428	YLQPRTFLL
184	TTDPSFLGRY
538	YLQPRTFLL
269	TTDPSFLGRY
212	TTDPSFLGRY
404	YLQPRTFLL
550	YLQPRTFLL
359	TTDPSFLGRY
430	YLQPRTFLL
456	YLQPRTFLL
113	LTDEMIAQY
454	YLQPRTFLL
77	LTDEMIAQY
89	LTDEMIAQY
408	YLQPRTFLL
490	YLQPRTFLL
534	YLQPRTFLL
215	TTDPSFLGRY
385	TTDPSFLGRY
19	LTDEMIAQY
150	TTDPSFLGRY
160	TTDPSFLGRY
551	YLQPRTFLL
156	TTDPSFLGRY
146	TTDPSFLGRY
521	YLQPRTFLL
4	LTDEMIAQY
253	TTDPSFLGRY
327	TTDPSFLGRY
337	TTDPSFLGRY
103	LTDEMIAQY
7	LTDEMIAQY
286	TTDPSFLGRY
541	YLQPRTFLL
16	LTDEMIAQY
122	LTDEMIAQY
584	YLQPRTFLL
455	YLQPRTFLL
520	YLQPRTFLL
45	LTDEMIAQY
214	TTDPSFLGRY
117	LTDEMIAQY
95	LTDEMIAQY
135	TTDPSFLGRY
407	YLQPRTFLL
211	TTDPSFLGRY
431	YLQPRTFLL
164	TTDPSFLGRY
12	LTDEMIAQY
376	TTDPSFLGRY
243	TTDPSFLGRY
545	YLQPRTFLL
67	LTDEMIAQY
311	TTDPSFLGRY
375	TTDPSFLGRY
251	TTDPSFLGRY
396	YLQPRTFLL
239	TTDPSFLGRY
57	LTDEMIAQY
573	YLQPRTFLL
248	TTDPSFLGRY
493	YLQPRTFLL
238	TTDPSFLGRY
411	YLQPRTFLL
335	TTDPSFLGRY
485	YLQPRTFLL
533	YLQPRTFLL
295	TTDPSFLGRY
510	YLQPRTFLL
363	TTDPSFLGRY
530	YLQPRTFLL
467	YLQPRTFLL
129	LTDEMIAQY
536	YLQPRTFLL
139	TTDPSFLGRY
436	YLQPRTFLL
503	YLQPRTFLL
38	LTDEMIAQY
200	TTDPSFLGRY
420	YLQPRTFLL
127	LTDEMIAQY
481	YLQPRTFLL
457	YLQPRTFLL
290	TTDPSFLGRY
182	TTDPSFLGRY
362	TTDPSFLGRY
213	TTDPSFLGRY
425	YLQPRTFLL
450	YLQPRTFLL
110	LTDEMIAQY
168	TTDPSFLGRY
466	YLQPRTFLL
348	TTDPSFLGRY
305	TTDPSFLGRY
313	TTDPSFLGRY
47	LTDEMIAQY
33	LTDEMIAQY
372	TTDPSFLGRY
97	LTDEMIAQY
340	TTDPSFLGRY
413	YLQPRTFLL
26	LTDEMIAQY
94	LTDEMIAQY
169	TTDPSFLGRY
437	YLQPRTFLL
63	LTDEMIAQY
227	TTDPSFLGRY
68	LTDEMIAQY
73	LTDEMIAQY
566	YLQPRTFLL
317	TTDPSFLGRY
465	YLQPRTFLL
554	YLQPRTFLL
326	TTDPSFLGRY
136	TTDPSFLGRY
553	YLQPRTFLL
147	TTDPSFLGRY
342	TTDPSFLGRY
461	YLQPRTFLL
399	YLQPRTFLL
193	TTDPSFLGRY
221	TTDPSFLGRY
583	YLQPRTFLL
165	TTDPSFLGRY
259	TTDPSFLGRY
44	LTDEMIAQY
265	TTDPSFLGRY
477	YLQPRTFLL
61	LTDEMIAQY
299	TTDPSFLGRY
578	YLQPRTFLL
400	YLQPRTFLL
453	YLQPRTFLL
410	YLQPRTFLL
494	YLQPRTFLL
93	LTDEMIAQY
308	TTDPSFLGRY
92	LTDEMIAQY
505	YLQPRTFLL
577	YLQPRTFLL
427	YLQPRTFLL
350	TTDPSFLGRY
159	TTDPSFLGRY
582	YLQPRTFLL
223	TTDPSFLGRY
70	LTDEMIAQY
370	TTDPSFLGRY
42	LTDEMIAQY
62	LTDEMIAQY
254	TTDPSFLGRY
412	YLQPRTFLL
272	TTDPSFLGRY
448	YLQPRTFLL
218	TTDPSFLGRY
36	LTDEMIAQY
579	YLQPRTFLL
208	TTDPSFLGRY
46	LTDEMIAQY
177	TTDPSFLGRY
236	TTDPSFLGRY
464	YLQPRTFLL
496	YLQPRTFLL
149	TTDPSFLGRY
339	TTDPSFLGRY
471	YLQPRTFLL
552	YLQPRTFLL
15	LTDEMIAQY
390	YLQPRTFLL
216	TTDPSFLGRY
285	TTDPSFLGRY
482	YLQPRTFLL
166	TTDPSFLGRY
392	YLQPRTFLL
278	TTDPSFLGRY
226	TTDPSFLGRY
137	TTDPSFLGRY
1	LTDEMIAQY
288	TTDPSFLGRY
555	YLQPRTFLL
369	TTDPSFLGRY
82	LTDEMIAQY
64	LTDEMIAQY
55	LTDEMIAQY
80	LTDEMIAQY
260	TTDPSFLGRY
341	TTDPSFLGRY
40	LTDEMIAQY
563	YLQPRTFLL
568	YLQPRTFLL
432	YLQPRTFLL
500	YLQPRTFLL
112	LTDEMIAQY
379	TTDPSFLGRY
18	LTDEMIAQY
108	LTDEMIAQY
252	TTDPSFLGRY
35	LTDEMIAQY
527	YLQPRTFLL
368	TTDPSFLGRY
562	YLQPRTFLL
586	YLQPRTFLL
525	YLQPRTFLL
487	YLQPRTFLL
589	YLQPRTFLL
86	LTDEMIAQY
257	TTDPSFLGRY
124	LTDEMIAQY
542	YLQPRTFLL
435	YLQPRTFLL
507	YLQPRTFLL
31	LTDEMIAQY
118	LTDEMIAQY
204	TTDPSFLGRY
178	TTDPSFLGRY
463	YLQPRTFLL
250	TTDPSFLGRY
492	YLQPRTFLL
34	LTDEMIAQY
488	YLQPRTFLL
185	TTDPSFLGRY
387	YLQPRTFLL
332	TTDPSFLGRY
365	TTDPSFLGRY
417	YLQPRTFLL
380	TTDPSFLGRY
119	LTDEMIAQY
51	LTDEMIAQY
237	TTDPSFLGRY
199	TTDPSFLGRY
389	YLQPRTFLL
41	LTDEMIAQY
356	TTDPSFLGRY
421	YLQPRTFLL
28	LTDEMIAQY
395	YLQPRTFLL
84	LTDEMIAQY
232	TTDPSFLGRY
329	TTDPSFLGRY
171	TTDPSFLGRY
303	TTDPSFLGRY
565	YLQPRTFLL
418	YLQPRTFLL
274	TTDPSFLGRY
381	TTDPSFLGRY
364	TTDPSFLGRY
297	TTDPSFLGRY
343	TTDPSFLGRY
544	YLQPRTFLL
336	TTDPSFLGRY
98	LTDEMIAQY
59	LTDEMIAQY
186	TTDPSFLGRY
354	TTDPSFLGRY
43	LTDEMIAQY
479	YLQPRTFLL
81	LTDEMIAQY
0	LTDEMIAQY
415	YLQPRTFLL
547	YLQPRTFLL
580	YLQPRTFLL
