193	QVW VWD WDS DSS SSS SSD SDH DHA HAV	AKT KTR TRS RSY SYV YVV VVA VAA AAE AEY EYY YYF YFH FHY	0
844	QRY RYN YNR NRA RAP APY PYT	AKV KVS VSY SYL YLS LST STA TAS ASS SSL SLD LDY	0
19613	MQG QGT GTH THW HWP WPP PPY PYT	ARG RGY GYA YAD ADT DTP TPV PVF VFR FRR RRY RYY YYY YYY YYG YGM GMD MDV	0
1343	QQY QYN YNN NNW NWP WPL PLT	VRD RDA DAY AYV YVS VSG SGS GSD SDY DYY YYY YYY YYG YGL GLD LDV	0
19692	QQY QYG YGR GRS RSR SRW RWT	AKS KSG SGT GTQ TQY QYY YYD YDT DTT TTG TGY GYE YEY EYR YRG RGL GLE LEY EYF YFG FGY	0
19767	QSY SYD YDS DSS SSL SLS LSG SGF GFY FYV	ARL RLG LGY GYC YCS CSG SGG GGS GSC SCH CHF HFD FDY	0
895	QQA QAN ANN NNF NFP FPL PLT	ARS RSR SRG RGN GNH NHY HYY YYY YYG YGM GMD MDV	0
28868	MQG QGT GTH THW HWW WWT	AKV KVG VGD GDG DGT GTV TVA VAG AGT GTI TID IDY	1
19847	QHY HYF YFN FNI NIP IPH PHN	ARL RLD LDA DAR ARV RVD VDA DAG AGW GWQ WQL QLD LDS	0
1031	QQY QYN YNN NNW NWW WWT	ARN RNV NVA VAT ATE TEG EGS GSL SLL LLH LHY HYD YDY	0
1419	HQY QYI YIQ IQL QLH LHS HSF SFT	ARY RYD YDG DGI GIY IYG YGE GEL ELD LDF	0
1573	QQY QYY YYN YNP NPP PPW PWT	AKG KGG GGA GAA AAA AAA AAV AVM VMD MDV	0
960	QSY SYD YDS DSP SPT PTL TLT LTS TSP	ATV TVM VMG MGK GKW KWI WIK IKG KGG GGY GYD YDY	0
1298	QVW VWD WDS DSS SSS SSD SDY DYV	ARD RDT DTV TVM VMG MGG GGM GMD MDV	0
896	QQL QLN LNS NSY SYS YSL SLT	ARG RGG GGM GMT MTM TMV MVR VRG RGV GVM VMM MMD	0
28884	QQY QYN YNN NNY NYW YWT	ARV RVR VRD RDS DSS SSD SDY DYY YYG YGD GDA DAF AFD FDI	1
500	ATW TWD WDD DDS DSL SLN LNG NGW GWV	ARD RDV DVQ VQY QYS YSG SGS GSY SYL YLG LGA GAY AYY YYF YFD FDY	0
908	QEY EYS YSS SST STP TPY PYN	ARD RDG DGL GLG LGE GEV EVA VAP APA PAY AYL YLY LYG YGI GID IDA	0
889	QQY QYE YEF	VRK RKG KGP GPS PSC SCP CPH PHC HCG CGD GDF DFH FHW HWQ WQH	0
27	QQY QYG YGQ GQS QSL SLS LST	ARE REG EGT GTT TTG TGW GWG WGW GWL WLG LGK GKP KPI PIG IGA GAF AFA FAH	0
36465	QSS SSD SDS DSS SSG SGT GTY TYV YVV	ARH RHD HDS DSS SSG SGY GYD YDA DAF AFD FDI	0
697	NSA SAD ADS DSS SSG SGN GNH NHV HVV	AKI KIL ILG LGA GAG AGR GRG RGW GWY WYF YFD FDY	0
1363	QQY QYN YNS NSY SYP YPW PWT	ARE REE EEH EHI HIT ITF TFG FGG GGV GVI VIV IVR VRY	0
1555	QQS QSY SYS YSY SYP YPY PYT	ARY RYY YYS YSS SSG SGG GGS GSY SYY YYR YRY RYS YSR SRG RGF GFD FDY	0
1373	QQS QSN SNN NNV NVP VPH PHT	ARD RDK DKK KKQ KQG QGE GEV EVV VVL VLP LPA PAA AAS ASF SFR FRW RWF WFA FAP	0
976	QSY SYD YDS DSS SSS SSW SWV	ARL RLG LGG GGR GRY RYY YYY YYD YDS DSS SSG SGY GYY YYY YYF YFD FDY	0
590	QQY QYG YGS GSS SSP SPY PYT	ARE REM EME MEV EVS VSG SGR GRW RWR WRP RPT PTE TEA EAF AFE FEI	0
19587	QQY QYD YDN DNL NLP LPL PLT	ATE TET ETA TAL ALV LVV VVS VSE SET ETY TYL YLP LPH PHY HYF YFD FDN	0
548	QQY QYE YEF	ARG RGK GKN KNS NSD SDY DYN YNW NWD WDF DFQ FQH	0
974	AVW VWD WDD DDS DSL SLS LSG SGR GRW RWV	ATY TYY YYV YVD VDL DLW LWG WGS GSY SYR YRQ RQD QDY DYY YYG YGM GMD MDV	0
28882	QQY QYN YNS NSY SYW YWT	ARV RVQ VQT QTT TTT TTG TGG GGG GGS GSC SCC CCP CPF PFD FDY	1
1225	QQY QYE YEF	ARG RGK GKY KYC YCT CTA TAS ASD SDY DYY YYN YNW NWD WDF DFE FEH	0
586	AAW AWD WDD DDS DSL SLN LNG NGV GVV	AQG QGP GPI PIV IVG VGA GAP APT PTD TDY	0
8752	QQS QSY SYS YST STP TPY PYT	ARV RVP VPA PAN ANT NTL TLV LVN VNH NHD HDF DFD FDY	0
19846	QHY HYF YFN FNT NTP TPH PHN	ARL RLD LDA DAR ARV RVD VDA DAG AGW GWQ WQL QLD LDS	0
19548	QQS QSY SYY YYS YSS SSP SPF PFT	ARQ RQS QSS SSA SAE AEI EIE IES ESW SWY WYY YYY YYS YSG SGE GEA EAM AMD MDY	0
188	QTY TYD YDP DPY PYS YSV SVV	ARD RDL DLI LIH IHG HGV GVT VTR TRN	0
747	ASW SWD WDD DDS DSL SLN LNG NGV GVV	AGP GPS PSI SIT ITE TES ESH SHY HYC YCL CLD LDC DCA CAA AAK AKD KDY DYY YYY YYG YGL GLD LDV	0
1565	QQG QGA GAS ASW SWP WPF PFT	ARV RVG VGR GRF RFA FAS ASH SHQ HQL QLD LDY	0
954	QQL QLN LNS NSY SYP YPL PLT	ARV RVG VGY GYC YCS CSS SST STS TSC SCN CNR NRG RGA GAF AFD FDI	0
19669	QQA QAY AYP YPA PAL ALH LHT	ARW RWI WIG IGS GSR SRE REL ELY LYI YIM IMD MDY	0
8749	AAW AWD WDD DDS DSL SLN LNG NGL GLV	ARV RVS VSY SYY YYE YES ESS SSG SGY GYY YYY YYV YVA VAD ADY DYY YYY YYG YGM GMD MDV	0
28878	QQQ QQR QRI	TKR KRA RAG AGW GWG WGD GDA DAL ALD LDI	1
28880	QAW AWD WDS DSG SGI GIW IWV	TVW VWY WYL YLE LET ETP TPD PDD DDG DGF GFD FDI	1
923	ATW TWD WDD DDS DSL SLS LSG SGL GLV	ARR RRP RPQ PQS QSI SIF IFD FDW DWN WNF NFD FDL	0
651	QQY QYG YGS GSS SSP SPT	ARD RDL DLT LTT TTL TLT LTS TSY SYN YNW NWW WWD WDL	0
1409	ATW TWD WDG DGS GSL SLR LRT RTV	ARD RDF DFG FGE GEY EYH YHY HYD YDG DGR GRG RGF GFQ FQC QCE CEG EGF GFD FDL	0
1035	MQS QSK SKD KDF DFP FPL PLT	ARM RMF MFQ FQE QES ESG SGP GPP PPR PRL RLD LDR DRW RWS WSG SGR GRN RNY NYY YYY YYY YYS YSG SGM GMD MDV	0
202467	QHR HRG RGN GNW NWP WPP PPG PGA GAT	AKE KEG EGH GHG HGS GSD SDM DMT MTW TWR WRA RAD ADF DFD FDY	0
971	QQY QYF YFS FSP SPP PPY PYT	ARG RGD GDG DGG GGL GLD LDD	0
202254	QSS SSD SDR DRT RTL TLV LVG VGS GSL	ARD RDL DLV LVL VLG LGS GSG SGS GSS SSN SND	0
987	QQY QYN YNN NNW NWP WPY PYT	AYH YHR HRR RRG RGH GHF HFY FYG YGS GSG SGS GSA SAW AWD WDW DWF WFE FES	0
1237	QSY SYD YDS DSS SSN SNV NVV	ARG RGI GIV IVF VFS FSY SYA YAM AMD MDV	0
355	ATW TWD WDS DSG SGL GLS LSA SAD ADW DWV	TTD TDG DGF GFI FIM IMI MIR IRG RGV GVS VSE SED EDY DYY YYY YYY YYY YYM YMD MDV	0
19671	HMW MWD WDS DSR SRS RSG SGF GFS FSW SWS	ART RTQ TQH QHG HGR GRR RRI RIY IYG YGI GIV IVA VAF AFR FRE REW EWF WFT FTY TYF YFY FYM YMD MDV	0
695	QQS QSY SYS YST STP TPF PFT	ARQ RQN QNH NHY HYG YGS GSG SGS GSY SYF YFY FYR YRT RTA TAY AYY YYY YYA YAM AMD MDV	0
19630	QQS QSH SHS HSP SPP PPV PVT	ARE REQ EQR QRN RNK NKD KDY DYR YRY RYG YGQ GQE QEG EGF GFG FGY GYS YSY SYG YGM GMD MDV	0
1339	QQY QYY YYS YSI SIP IPR PRT	ASN SNR NRA RAN ANR NRA RAD ADD DDY DYD YDY DYY YYF YFD FDY	0
1563	QQA QAY AYK YKT KTP TPY PYT	ARD RDD DDY DYS YST STY TYA YAF AFA FAY	0
19634	QEA EAY AYS YSS SST STP TPT PTL TLT	TAD ADL DLG LGE GEP EPV PVV VVS VSR SRF RFF FFE FEW EWG WGS GSY SYY YYY YYY YYM YMD MDL	0
134	QQY QYY YYS YSA SAP APL PLT	VRE REG EGP GPR PRA RAT ATG TGY GYS YSX SXA XAD ADV DVF VFD FDI	0
36462	MQA QAL ALQ LQT QTP TPL PLT	ARH RHG HGH GHN HNG NGM GMG MGV	0
202268	QQR QRS RSN SNW NWP WPP PPV PVT	ARD RDI DIY IYD YDV DVS VSS SSA SAY AYY YYG YGM GMD MDV	0
289	HQY QYG YGS GST STP TPL PLT	ARV RVS VSI SIF IFG FGV GVG VGT GTF TFD FDY	0
19806	QHF HFE FET	TRG RGR GRD RDG DGY GYD YDD DDG DGF GFH FHP	0
941	GTW TWD WDD DDN DNS NSW SWV	ATR TRW RWN WNY NYF YFF FFD FDF DFD FDY	0
19781	QTW TWG WGA GAG AGI GIR IRV	ARD RDT DTY TYY YYY YYD YDS DSG SGD GDY DYE YED EDA DAF AFD FDI	0
28883	QQY QYN YNS NSY SYW YWT	ARV RVR VRD RDS DSS SSD SDY DYY YYG YGD GDA DAF AFD FDI	1
19595	QHY HYG YGV GVS VSP SPV PVI VIT	TRG RGV GVR VRE REV EVG VGA GAT ATG TGD GDD DDP DPF PFY FYY YYG YGM GMY MYV	0
19735	VQT QTV TVQ VQV QVP VPY PYT	TTL TLL LLI LIY IYE YES ESD SDV DVG VGV GVD VDF	1
354	QVY VYG YGA GAS ASS SSY SYT	ARV RVG VGP GPY PYS YSW SWD WDD DDS DSP SPQ PQD QDN DNY NYY YYM YMD MDV	0
907	QEY EYS YSS SST STP TPY PYN	ARD RDG DGL GLG LGE GEV EVA VAP APD PDY DYR YRY RYG YGI GID IDV	0
1371	HMW MWD WDS DSR SRS RSG SGF GFS FSW SWS	ATA TAR ARR RRG RGQ GQR QRI RIY IYG YGV GVV VVS VSF SFG FGE GEF EFF FFY FYY YYY YYS YSM SMD MDV	0
822	QQY QYG YGS GSS SSP SPS PST	ARE REG EGT GTT TTG TGW GWG WGW GWL WLG LGK GKP KPI PIG IGA GAF AFQ FQH	0
19591	NSY SYS YSI SIH IHS HSP SPW PWV	ARD RDR DRR RRS RSG SGT GTS TSP SPL PLP LPL PLD LDV	0
8739	QSY SYD YDS DSS SSV SVS VSG SGS GSV	ARE RER ERL RLP LPG PGN GNW NWN WNY NYD YDL	0
202270	QQR QRL RLN LNW NWP WPP PPL PLT	AKV KVL VLS LSP SPG PGG GGS GSN SNM NMV MVW VWD WDY	0
36472	QLY LYG YGS GSS SSP SPW PWT	AKV KVG VGE GEY EYY YYD YDF DFW FWS WSG SGY GYS YSP SPF PFE FEY	0
168	SSY SYS YSS SST STT TTR TRV RVV	AKP KPN PNV NVG VGS GSG SGW GWS WSF SFD FDS	0
563	QQY QYE YET	ARG RGV GVR VRR RRD RDA DAS ASW SWW WWL WLQ LQF	0
776	QQY QYN YNT NTY TYW YWT	AYR YRR RRI RIG IGV GVP VPR PRR RRD RDE DEF EFD FDI	0
870	AAW AWD WDD DDS DSL SLN LND NDW DWV	VKD KDR DRV RVA VAV AVA VAG AGK GKG KGS GSY SYY YYF YFD FDS	0
412	QQH QHY HYR YRT RTP TPP PPT	AKD KDS DSQ SQL QLR LRS RSL SLL LLY LYF YFE FEW EWL WLS LSQ SQG QGY GYF YFD FDY	0
19708	QQY QYG YGT GTS TSP SPL PLT	ASR SRQ RQH QHH HHE HEY EYF YFQ FQE	0
1003	QQA QAN ANS NSF SFP FPI PIT	ARF RFY FYD YDS DSF SFF FFD FDI	0
201007	QAW AWD WDS DSS SSA SAL ALV	ARG RGP GPL PLS LSR SRG RGY GYY YYD YDY	0
876	SSY SYT YTS TSS SSS SST STR TRV	ARI RIK IKL KLG LGT GTV TVT VTT TTV TVD VDY	0
865	QQI QIS ISQ SQY QYP YPI PIT	ART RTG TGM GMY MYF YFG FGF GFF FFH FHH HHS HSW SWS WSN SNA NAA AAL ALD LDY	0
19706	QQY QYY YYN YNY NYP YPL PLT	ARF RFV FVN VNW NWD WDG DGD GDY DYM YMD MDY	0
313	QQH QHD HDY DYP YPY PYT	ARL RLG LGS GSD SDY DYD YDV DVW VWF WFD FDY	0
19551	ASA SAT ATL TLL LLD LDT DTY TYV	ARE REP EPD PDY DYY YYD YDS DSS SSG SGY GYY YYP YPI PID IDA DAF AFD FDI	0
1358	YSY SYA YAD ADG DGV GVA	ARE REM EMF MFD FDS DSS SSA SAD ADW DWS WSP SPW PWR WRG RGM GMV MVA	0
866	QQS QSS SSS SSS SSL SLI LIT	ARY RYE YET ETL TLY LYW YWP WPY PYQ YQN QNS NSG SGM GMD MDY	0
357	SSY SYT YTS TSS SST STP TPY PYV YVL	ARE REF EFS FSS SSY SYT YTD TDH DHL HLE LEY EYY YYY YYD YDY DYY YYY YYM YMD MDV	0
1040	QQY QYY YYS	AKI KIS ISG SGS GSY SYS YSF SFD FDY	0
989	AAW AWD WDD DDS DSL SLN LNG NGW GWV	ARV RVQ VQY QYS YSG SGY GYY YYD YDW DWF WFD FDP	0
1219	QQH QHD HDS DSS SSP SPY PYT	ASP SPY PYP YPN PND NDY DYN YND NDY DYA YAP APE PEE EEG EGM GMS MSW SWY WYF YFD FDL	0
19784	QST STD TDS DSS SSG SGT GTS TSW SWV	ARD RDP DPI PIV IVG VGH GHT HTR TRD RDG DGL GLD LDV	0
562	QQF QFE FEF	VRR RRG RGS GSS SSC SCP CPH PHC HCG CGD GDF DFH FHF HFE FEH	0
304	QQH QHD HDS DSS SSP SPY PYT	ASP SPY PYP YPN PND NDX DXN XND NDX DXA XAP APE PEE EEG EGM GMS MSW SWY WYF YFD FDL	0
19783	QQY QYG YGS GSS SSP SPY PYT	ARG RGI GIA IAS ASA SAG AGT GTP TPD PDY DYF YFF FFY	0
638	NAF AFE FEF	ARR RRM RMR MRS RSQ SQD QDR DRE REW EWD WDF DFQ FQH	0
19827	QQY QYY YYT YTA TAS ASP SPF	AKL KLL LLV LVG VGI GIT ITT TTD TDV DVF VFD FDV	1
738	QSY SYD YDS DSS SSL SLS LSG SGS GSV	ARV RVE VEG EGV GVR VRG RGV GVM VMG MGF GFH FHY HYY YYP YPM PMD MDV	0
19770	ASY SYA YAG AGS GSG SGI GIY IYV	ARL RLA LAI AIG IGD GDS DSY	0
394	ASW SWD WDD DDS DSR SRG RGG GGP GPD PDY DYV	ARL RLH LHY HYS YSD SDR DRS RSG SGS GSY SYF YFN FND NDV DVF VFH FHM	0
207	QQY QYL YLG LGS GSP SPP PPT	ARG RGE GEL ELP LPY PYY YYR YRM RMS MSK SKV KVM VMD MDV	0
466	QQS QSN SNR NRA RAP APA PAT	AKW KWW WWA WAW AWP WPA PAF AFD FDY	0
854	CSY SYA YAG AGG GGK GKS KSL SLV	ARD RDG DGV GVR VRY RYY YYY YYD YDS DST STG TGY GYY YYP YPD PDN DNF NFF FFQ FQY QYG YGL GLD LDV	0
8696	ISY SYI YIS ISS SSN SNT NTR TRL	VRG RGV GVI VID IDK DKF KFD FDY	0
19754	QQD QDG DGW GWS WSL SLI LIT	ARG RGY GYG YGW GWA WAL ALD LDY	0
919	QQF QFK FKR KRQ RQK QKE KEP EPI PIT	ART RTW TWY WYY YYG YGF GFD FDY	0
19641	QQY QYN YND NDW DWP WPP PPW PWT	AKD KDW DWA WAL ALF LFR FRW RWL WLR LRT RTF TFD FDH	0
1581	QQY QYE YEF	ARE RER ERS RSD SDF DFW FWD WDF DFD FDL	0
19637	QES ESY SYS YSS SSV SVP VPM PMY MYI	TAD ADE DEG EGA GAP API PIL ILR LRF RFF FFE FEW EWG WGY GYY YYN YNY NYY YYM YMD MDV	0
764	MQA QAL ALQ LQI QIP IPR PRT	ARD RDR DRS RSY SYY YYA YAF AFS FSS SSG SGS GSL SLS LSD SDY DYY YYY YYG YGL GLD LDV	0
1022	QVW VWD WDD DDS DSI SIN INA NAY AYV	ARE REF EFH FHS HSG SGL GLG LGW GWH WHF HFD FDL	0
891	QQY QYE YEF	VRT RTA TAD ADC DCE CER ERD RDP DPC PCK CKG KGW GWV WVF VFP FPH	0
955	QQS QST STG TGH GHP HPQ PQT	ART RTY TYG YGI GIY IYD YDL DLY LYV YVD VDY DYT YTE TEY EYV YVM VMD MDY	0
999	QQY QYG YGG GGS GSP SPY PYT	ARG RGT GTD TDY DYT YTI TID IDD DDQ DQG QGI GIF IFY FYK YKG KGS GSG SGT GTF TFW FWY WYF YFD FDL	0
482	SSY SYD YDD DDP DPN PNF NFQ FQV	ARY RYS YSY SYP YPF PFY FYS YSI SID IDY	0
637	QQY QYE YET	ARA RAQ AQK QKR KRG RGR GRS RSE SEW EWA WAY AYA YAH	0
1381	QVW VWD WDS DSR SRT RTD TDH DHW HWV	ARG RGR GRG RGF GFH FHY HYY YYY YYY YYG YGM GMD MDI	0
26786	QQY QYY YYS YSS SSP SPP PPT	AKD KDL DLS LSP SPP PPY PYS YSY SYA YAW AWD WDI DIF IFQ FQY	0
19574	MQN QNK NKQ KQT QTP TPL PLT	VIR IRG RGD GDV DVY VYN YNR NRQ	0
19760	QQS QSP SPQ PQG QGY GYL YLV LVT	ARE REY EYH YHS HSY SYV YVY VYE YEP EPP PPL PLY LYG YGM GMD MDY	0
1580	QQY QYK YKH KHW HWP WPP PPY PYT	ARA RAP APS PSG SGY GYP YPG PGV GVS VSL SLY LYQ YQY QYY YYG YGL GLD LDV	0
504	QQY QYD YDG DGL GLP LPF PFT	AKH KHM HMS MSM SMQ MQQ QQV QVV VVS VSA SAG AGW GWE WER ERA RAD ADL DLV LVG VGD GDA DAF AFD FDV	0
201044	QQR QRS RSS SSW SWP WPP PPI PIT	ARE REG EGL GLS LSR SRE REK EKN KNG NGY GYS YSG SGL GLI LID IDY	0
666	HIW IWD WDS DSR SRR RRP RPT PTN TNW NWV	ATT TTK TKH KHG HGR GRR RRI RIY IYG YGV GVV VVA VAF AFK FKE KEW EWF WFT FTY TYF YFY FYM YMD MDV	0
9231	QQS QSY SYT YTT TTP TPP PPT	ARR RRL RLA LAL ALV LVR VRM RMW MWM WMD MDY	0
1571	KQY QYA YAD ADY DYW YWT	ARD RDR DRY RYS YSP SPT PTG TGH GHY HYY YYG YGM GMD MDV	0
8679	QSY SYD YDR DRS RSL SLS LSG SGV	ARA RAR ARA RAT ATG TGY GYN YNS NSI SIT ITP TPY PYF YFD FDI	0
291	QQS QSY SYA YAT ATL TLP LPT	ARN RNA NAL ALY LYG YGS GSG SGG GGY GYY YYA YAM AMD MDY	0
201246	AAW AWD WDD DDS DSL SLN LNG NGW GWV	AKD KDV DVT VTY TYL YLY LYD YDS DSS SSG SGY GYY YYY YYG YGG GGA GAD ADR DRD RDY DYY YYF YFD FDY	0
928	MQA QAL ALQ LQT QTP TPL PLT	ARH RHA HAS ASC SCS CSA SAR ARS RSC SCY CYW YWG WGP GPV PVD VDY	0
356	QQY QYG YGQ GQS QSL SLS LST	ARE REG EGT GTT TTG TGA GAG AGW GWL WLG LGK GKP KPI PIG IGA GAF AFA FAH	0
924	MQP QPL PLQ LQS QSY SYT	ARE REN ENA NAD ADY DYG YGS GSD SDY DYY YYF YFG FGM GMD MDV	0
411	QQH QHY HYR YRT RTP TPP PPT	AKD KDS DSQ SQL QLR LRS RSL SLL LLY LYF YFE FEW EWL WLS LSQ SQG QGY GYF YFD FDP	0
545	AAW AWD WDD DDS DSL SLS LSG SGP GPA PAV AVV	ARQ RQQ QQD QDS DSG SGY GYS YSG SGP GPE PEV EVS VSY SYY YYS YSH SHY HYG YGM GMD MDV	0
1403	GTW TWD WDS DSS SSL SLS LSA SAW AWV	ARS RSS SSR SRI RIY IYD YDL DLN LNP NPS PSL SLT LTA TAY AYY YYD YDM DMD MDV	0
413	GTW TWD WDS DSR SRL RLG LGI GIA IAV	VGL GLD LDW DWN WNY NYN YNP NPL PLR LRY	0
19552	SSY SYT YTR TRR RRD RDT DTY TYV	ARE REP EPD PDY DYY YYD YDS DSS SSG SGY GYY YYP YPI PID IDA DAF AFD FDI	0
169	CSY SYT YTT TTI TIN INT NTW TWV	ARG RGR GRR RRD RDV DVR VRG RGV GVL VLW LWR WRG RGR GRH RHD HDY DYF YFD FDF	0
19789	QQS QSY SYS YST STP TPY PYT	ARA RAT ATN TNY NYD YDS DSS SSG SGY GYY YYS YSL SLY LYF YFD FDY	0
19803	SSR SRD RDS DSS SSG SGN GNH NHW HWV	ARS RSR SRD RDL DLL LLL LLF LFP FPH PHH HHA HAL ALS LSP	0
50	QQG QGL GLL LLS LSP SPL PLT	ARF RFV FVF VFF FFL FLP LPY PYA YAM AMD MDY	0
209	QQY QYS YSY SYY YYY YYY YYP YPF PFT	ARY RYY YYG YGT GTG TGA GAM AMD MDY	0
19800	HQY QYY YYS YSS SSP SPL PLT	ALL LLT LTV TVL VLT LTP TPD PDD DDA DAF AFD FDI	1
8740	QSS SSD SDR DRF RFG FGS GSR SRY RYV	AAG AGF GFH FHY	0
19563	MQG QGL GLH LHS HSP SPW PWT	LTG TGS GSK SKH KHR HRL RLR LRD RDY DYF YFL FLY LYN YNE NEY EYG YGP GPN PNY NYE YEE EEW EWG WGD GDY DYL YLA LAT ATL TLD LDV	0
19557	QQY QYG YGQ GQS QSL SLS LST	ARE REG EGT GTT TTP TPP PPG PGW GWG WGW GWL WLG LGK GKP KPI PIG IGA GAF AFA FAH	0
906	TSH SHP HPY PYA	ARE RER ERG RGR GRH RHF HFE FEP EPK PKN KNR NRD RDN DNL NLE LEG EGK GKF KFF FFD FDL	0
202253	NSR SRD RDS DST STN TND NDP DPV PVL	ARW RWS WSG SGT GTY TYY YYD YDY	0
536	QQL QLE LEF	ARQ RQK QKF KFY FYT YTG TGG GGQ GQG QGW GWY WYF YFD FDL	0
36473	QQY QYG YGR GRS RSP SPF PFT	AKV KVG VGE GEY EYY YYD YDF DFW FWS WSG SGY GYS YSP SPF PFD FDS	0
59128	QQY QYY YYS YST STP TPY PYT	AGG GGS GSG SGI GIS IST STP TPM PMD MDV	0
201247	QQY QYS YSN SNW NWP WPR PRT	ARA RAP APD PDD DDY DYY YYD YDS DSV SVG VGY GYY YYY YYG YGC GCP CPY PYF YFD FDS	0
1025	QQY QYY YYS YSA SAP APL PLT	VRE REG EGP GPR PRA RAT ATG TGY GYS YSM SMA MAD ADV DVF VFD FDI	0
19584	QQF QFS FSS SSY SYP YPY PYT	ARE REN ENY NYG YGS GSV SVY	0
19589	QHF HFY FYS YSV SVP VPW PWT	AKD KDR DRG RGP GPR PRG RGV GVG VGE GEL ELF LFD FDS	0
392	AAW AWD WDD DDS DSL SLS LSG SGP GPY PYV	TRD RDR DRS RSR SRV RVR VRY RYF YFD FDR DRE RES ESG SGW GWF WFD FDP	0
137	MQA QAL	ARD RDG DGK GKC KCG CGG GGG GGR GRC RCY CYS YSG SGL GLL LLD LDY	0
28849	MQG QGT GTV TVG VGF GFT	AND NDI DIA IAG AGW GWG WGY GYD YDG DGS GSN SNA	1
909	QQS QSF SFQ FQT QTV TVG VGS	VRV RVT VTF TFY FYH YHE HEG EGS GSG SGY GYY YYY YYR YRA RAG AGN GNY NYF YFD FDS	0
936	AAW AWD WDD DDG DGL GLN LNG NGW GWV	ARD RDR DRG RGF GFD FDL DLL LLT LTG TGH GHY HYL YLG LGL GLD LDP	0
8677	QQR QRS RSN SNW NWP WPP PPT	ARD RDR DRS RSY SYY YYL YLD LDY	0
341	QQF QFD FDG DGD GDP DPT	ARH RHY HYE YEI EIQ IQI QIG IGR GRY RYG YGM GMN MNV NVY VYY YYL YLM LMY MYR YRF RFA FAS	0
1032	LQY QYN YNN NNW NWW WWT	VRN RNV NVG VGT GTA TAG AGS GSL SLL LLH LHY HYD YDH	0
36463	QQF QFG FGA GAS ASP SPP PPY PYS	AKK KKG KGW GWQ WQS QST STF TFL FLG LGM GMD MDY DYF YFY FYG YGM GMD MDV	0
36459	CSY SYA YAS AST STS TST STV TVL	ARD RDP DPP PPR PRL RLD LDF DFW FWG WGN GNS NSP SPT PTF TFG FGY GYG YGM GMD MDV	0
1320	AAW AWD WDD DDS DSL SLS LSA SAH AHV HVV	ARE REL ELL LLM LMD MDY DYY YYD YDH DHI HIG IGY GYS YSP SPG PGP GPT	0
587	QQY QYE YEE EEW EWP WPR PRT	ARH RHR HRH RHH HHD HDV DVF VFM FML MLV LVP VPI PIA IAG AGW GWF WFD FDV	0
1417	QAW AWD WDS DSN SNT NTG TGV	ARG RGP GPL PLS LSR SRG RGY GYY YYD YDY	0
19779	QQR QRN RNN NNW NWY WYT	AIM IMV MVA VAT ATT TTK TKN KND NDF DFH FHY HYY YYK YKD KDV	0
1006	QAW AWD WDS DSS SST STD TDV DVV	ARA RAV AVV VVF VFT FTD TDS DSS SSA SAY AYY YYY YYS YSK SKY KYF YFD FDY	0
325	WSF SFA FAG AGS GSY SYY YYV	AGE GEL ELL LLP LPY PYY YYG YGM GMD MDV	0
972	QSY SYD YDS DSN SNL NLS LSG SGS GSA SAV	ARE REG EGG GGA GAR ARG RGF GFD FDY	0
19762	QQY QYY YYY YYG YGY GYP YPI PIT	ARY RYK YKY KYP YPY PYW YWS WSW SWY WYY YYY YYW YWG WGG GGM GMD MDY	0
161	ATW TWD WDD DDS DSL SLS LSA SAV AVI	ARL RLG LGP GPD PDD DDY DYT YTL TLD LDG DGM GMD MDV	0
367	QQF QFP FPT PTY TYL YLP LPT	ARG RGP GPF PFS FSP SPW PWV WVM VMD MDY	0
8705	QTW TWG WGA GAG AGI GIL ILV	AKF KFS FSG SGK GKD KDC DCS CSG SGT GTS TSC SCR CRD RDY	0
546	QQY QYN YNN NNW NWP WPP PPW PWT	ARV RVG VGG GGE GEW EWG WGS GSG SGR GRY RYY YYL YLD LDH	0
8675	QQS QSS SSS SSS SSL SLI LIT	ARG RGY GYY YYY YYT YTG TGL GLW LWY WYP YPY PYA YAM AMY MYE YEF EFG FGM GMD MDY	0
8748	QQY QYY YYS YST STP TPL PLT	AKV KVG VGG GGS GSA SAY AYY YYE YED EDP DPY PYS YSL SLG LGY GYL YLD LDF	0
19636	QES ESY SYS YSS SST STP TPT PTH THI	TMD MDE DEG EGT GTP TPV PVT VTR TRF RFL FLE LEW EWG WGY GYF YFY FYY YYY YYM YMA MAV	0
339	AAW AWD WDD DDS DSL SLN LNG NGP GPV	ARD RDW DWG WGS GSN SNY NYV YVW VWG WGS GSY SYP YPK PKY	0
37271	ASW SWD WDD DDS DSL SLS LSG SGH GHW HWV	ARV RVR VRS RSG SGT GTN TNY NYG YGS GSY SYY YYY YYY YYY YYY YYG YGM GMD MDV	0
826	GTP TPD PDR DRS RSL SLS LSV SVV	ARD RDG DGA GAK AKT KTV TVS VSN SNS NSG SGL GLS LSL SLL LLY LYY YYH YHN HNR NRL RLD LDA	0
555	AVF VFQ FQW	ARD RDE DES ESG SGD GDD DDL DLK LKW KWH WHL HLH LHP	0
1030	LQY QYN YNN NNW NWW WWT	ARN RNV NVA VAT ATE TEG EGS GSL SLL LLH LHY HYD YDY	0
19711	QQR QRG RGN GNW NWP WPP PPI PIT	ARE REG EGL GLS LSR SRD RDN DNS NSG SGF GFT FTG TGL GLI LID IDY	0
925	QQY QYD YDN DNL NLP LPP PPL PLT	ARD RDR DRI RIV IVD VDD DDY DYY YYY YYY YYG YGM GMD MDV	0
1347	QHY HYY YYT YTT TTH THR HRT	ARD RDD DDG DGY GYY YYD YDR DRS RSG SGY GYY YYG YGV GVF VFD FDL	0
977	QQY QYG YGQ GQS QSL SLS LST	ARE REG EGT GTT TTG TGS GSG SGG GGK GKP KPI PIG IGA GAF AFA FAH	0
1307	QQY QYR YRY RYS YSP SPR PRT	ARG RGG GGF GFG FGS GSF SFD FDT	0
410	QQY QYG YGT GTS TSP SPR PRT	ARE REP EPP PPL PLF LFY FYS YSS SSW SWS WSL SLD LDN	0
365	QHY HYD YDD DDL DLP LPR PRI RIT	ARA RAS ASY SYS YSS SSS SSS SSP SPY PYA YAF AFD FDI	0
932	SSF SFA FAN ANS NSG SGP GPL	ARD RDR DRY RYF YFD FDL	0
19710	QHR HRD RDS DSW SWP WPP PPG PGA GAT	AKE KES ESD SDS DSC SCG CGG GGD GDC DCS CSR SRF RFA FAF AFD FDV	0
827	QQA QAN ANS NSF SFP FPY PYT	ARW RWN WNN NNW NWN WNH NHR HRG RGM GMV MVF VFA FAF AFD FDL	0
19736	QQY QYY YYL YLI LIP IPS PST	ARV RVG VGP GPA PAD ADV DVW VWD WDS DSF SFD FDY	0
544	QQY QYD YDN DNL NLP LPI PIT	ARG RGI GIS ISG SGS GSY SYG YGW GWF WFD FDP	0
300	TSW SWD WDD DDS DSL SLD LDS DSQ SQL	ARL RLE LEP EPG PGY GYS YSS SST STW TWS WSV SVN	0
19748	QVW VWD WDS DSS SSS SSD SDH DHV HVV	ARL RLP LPM PMV MVT VTM TMS MSF SFD FDY	0
746	QKY KYG YGT GTS TSA SAI AIT	AVP VPD PDP DPD PDA DAF AFD FDI	0
8704	YST STN TNS NSG SGG GGT GTF TFF FFV	AIL ILG LGF GFW FWG WGA GAN ANR NRG RGG GGG GGG GGM GMD MDV	0
1000	QQY QYG YGR GRS RSP SPY PYT	ARG RGT GTD TDY DYT YTI TID IDD DDQ DQG QGI GIR IRY RYQ YQG QGS GSG SGT GTF TFW FWY WYF YFD FDV	0
19801	CSY SYV YVG VGS GSD SDT DTW TWV	ARV RVY VYS YSY SYG YGV GVP VPF PFD FDY	1
19727	QSY SYD YDR DRR RRL RLS LSG SGS GSW SWV	ARA RAA AAY AYY YYD YDT DTS TSG SGY GYG YGD GDY	1
28867	QQR QRS RSN SNW NWY WYT	AKS KST STG TGD GDN DNW NWF WFD FDP	1
467	QQS QSN SNR NRA RAP APA PAT	AKW KWA WAW AWP WPA PAF AFD FDY	0
535	QQS QSY SYT YTT TTP TPP PPT	ART RTW TWL WLL LLR LRW RWV WVM VMD MDL	0
574	SSL SLT LTD TDR DRS RSH SHR HRI	ARE REA EAG AGG GGP GPI PIW IWH WHD HDD DDV DVK VKY KYX YXD XDF DFN FND NDG DGY GYY YYN YNY NYH YHY HYM YMD MDV	0
19635	QEN ENY NYN YNT NTI TIP IPS PSL SLS	TMD MDE DEG EGT GTP TPV PVT VTR TRF RFL FLE LEW EWG WGY GYF YFY FYY YYY YYM YMA MAV	0
28879	QQQ QQR QRI	TKR KRG RGG GGW GWG WGD GDG DGS GSD SDI	1
795	AAW AWD WDD DDS DSL SLN LNG NGW GWV	AKD KDG DGA GAY AYY YYY YYD YDY DYS YSG SGY GYP YPY PYD YDY DYN YNG NGI GID IDV	0
353	QQY QYN YNN NNW NWP WPP PPR PRY RYT	AGV GVY VYE YEG EGE GEA EAD ADE DEG EGE GEY EYD YDN DNN NNG NGF GFL FLK LKH	0
164	GTW TWD WDM DMV MVT VTN TNN NNV	ARG RGL GLG LGA GAF AFH FHW HWD WDM DMQ MQP QPD PDY	0
1411	QSA SAD ADS DSS SSG SGD GDY DYV	ARE REW EWA WAE AED EDG DGD GDF DFG FGN GNA NAF AFH FHV	0
1396	GTW TWD WDS DSS SSL SLS LSV SVW VWV	ARD RDH DHL HLG LGW GWS WSS SSI SIW IWS WSA SAP APE PES ESF SFL FLD LDY	0
380	QQW QWW WWW WWW WWP WPS PST	ARW RWW WWS WSS SSA SAM AMD MDY	0
204643	SSY SYT YTT TTT TTS TSV SVV	ARL RLT LTA TAA AAD ADT DTI TIF IFD FDC	0
201248	AAW AWD WDD DDS DSL SLT LTV TVS	ARD RDL DLQ LQP QPP PPH PHS HSP SPY PYG YGM GMD MDV	0
931	QHY HYN YNS NSY SYS YSP SPG PGY GYT	ARP RPH PHY HYY YYD YDS DSL SLD LDA DAF AFD FDI	0
1390	LHY HYG YGT GTS TSP SPM PMY MYT	IAS ASS SST STT TTG TGW GWY WYV YVR VRE RED EDF DFD FDY	0
28798	MQG QGI GIH IHS HSW SWT	VKV KVG VGA GAN ANW NWG WGW GWR WRY RYF YFD FDL	1
8701	ATW TWD WDN DNS NSL SLN LND NDR DRV	ARE REI EIP IPG PGA GAT ATS TSG SGP GPD PDH DHF HFF FFF FFY FYG YGM GMD MDV	0
821	QQY QYG YGS GSS SSP SPS PST	ARE REG EGT GTT TTG TGS GSG SGW GWL WLG LGK GKP KPI PIG IGA GAF AFA FAY	0
345	AWY WYD YDR DRE REL ELS LSE SEW EWV	ARD RDP DPA PAA AAW AWP WPL PLQ LQQ QQS QSL SLA LAW AWF WFD FDP	0
1385	MQA QAT ATH THW HWP WPY PYT	ARD RDG DGR GRG RGA GAL ALQ LQY	0
19849	QQY QYY YYN YNS NSP SPY PYT	ARV RVG VGR GRP RPS PSK SKG KGG GGW GWF WFD FDP	0
19819	QVW VWD WDS DSG SGR GRG RGH GHP HPL PLY LYV	ARA RAL ALE LEM EMG MGH GHR HRS RSG SGF GFP FPF PFD FDY	0
407	STF TFT FTM TMS MSG SGN GNG NGT GTV	ARE RER ERW RWH WHV HVR VRG RGY GYF YFD FDH	0
19808	MQS QSL SLQ LQT QTP TPR PRL RLT	TRG RGG GGT GTL TLF LFD FDY	0
8703	QAW AWD WDS DST STL TLG LGV GVV	ARL RLG LGF GFE FEG EGD GDY DYS YSG SGS GSF SFF FFD FDY	0
22513	ATW TWD WDD DDS DSL SLS LSG SGP GPW PWV	ARG RGR GRT RTG TGG GGQ GQP QPY PYW YWF WFD FDP	0
1539	QQA QAN ANS NSF SFF FFT	AAD ADP DPW PWE WEL ELN LNN NNV	0
1544	QQS QSS SSS SSS SSL SLI LIT	ARL RLT LTW TWR WRS RSY SYR YRG RGV GVH VHA HAL ALD LDY	0
19631	KSL SLT LTS TST STR TRR RRR RRV	VRE REA EAG AGG GGP GPD PDY DYR YRN RNG NGY GYN YNX NXX XXD XDF DFY FYD YDG DGY GYY YYN YNY NYH YHY HYM YMD MDV	0
19609	MEA EAR ARQ RQT QTP TPR PRL RLT	VRG RGP GPE PES ESG SGW GWF WFY FYH YHY HYY YYW YWG WGL GLG LGV	0
19685	QSV SVD VDN DNS NSG SGT GTY TYE YEV	ATL TLN LNL NLE LEL ELA LAV AVD VDA DAI AIS ISE SEA EAL ALK	0
36467	QQS QSY SYI YIS ISP SPF PFT	ARV RVR VRF RFG FGD GDT DTA TAV AVD VDY	0
1551	QQY QYN YNN NNW NWW WWT	VRN RNV NVG VGT GTA TAG AGS GSL SLL LLH LHY HYD YDH	0
361	QQY QYE YEF	TRG RGK GKN KNC NCD CDY DYN YNW NWD WDF DFE FEH	0
1582	QVY VYE YEF	ARR RRH RHS HSD SDY DYC YCD CDF DFD FDI	0
213	QQS QSR SRI RIT ITP TPP PPT	ARR RRV RVC VCY CYN YNR NRL RLG LGV GVC VCA CAG AGG GGM GMD MDY	0
853	CSY SYA YAT ATS TSR SRT RTL TLV	VRD RDG DGV GVR VRF RFY FYY YYD YDS DST STG TGY GYY YYP YPD PDS DSF SFF FFK FKY KYG YGM GMD MDV	0
491	STW TWD WDD DDT DTL TLK LKG KGW GWV	ARR RRQ RQL QLL LLD LDD DDG DGT GTG TGY GYQ YQW QWA WAA AAF AFD FDV	0
36469	QQY QYD YDS DSS SSP SPI PIT	ARS RSF SFG FGF GFL FLY LYG YGF GFD FDV	0
19737	QQS QSY SYS YST STP TPP PPA	AGG GGS GST STG TGD GDR DRH RHY HYY YYY YYY YYG YGM GMD MDV	0
1354	QQR QRS RSN SNW NWP WPP PPG PGY GYT	VKD KDL DLG LGI GIA IAA AAR ARR RRF RFV FVS VSG SGA GAF AFD FDI	0
19723	TSY SYH YHP HPT PTK TKT KTI TIL	ARD RDD DDD DDY DYE YEE EEW EWP WPW PWY WYY YYG YGM GMD MDV	0
900	QQS QSY SYS YSI SIP IPL PLT	ARR RRR RRS RSD SDF DFE FET ETV TVD VDF DFI FIY IYH YHY HYM YMD MDV	0
1005	QTW TWD WDS DSS SST STD TDV DVV	ARA RAV AVV VVF VFT FTD TDS DSS SSA SAY AYY YYY YYS YSK SKY KYF YFD FDY	0
1389	QQA QAN ANT NTF TFP FPW PWT	ARD RDR DRP RPP PPG PGA GAQ AQF QFD FDT	0
475	QAW AWD WDS DSS SST STA TAV	ARV RVL VLS LSR SRA RAS ASG SGM GMP MPD PDA DAF AFD FDI	0
1254	QQY QYF YFY FYW YWP WPI PIT	ARS RSY SYS YSW SWS WSY SYA YAI AID IDY	0
28402	QNY NYN YNS NSA SAP APL PLT	VRS RSD SDR DRG RGV GVA VAG AGL GLF LFD FDS	0
912	ATY TYD YDS DSD SDG DGS GSI SIR IRL	ARA RAE AEA EAA AAS ASD SDS DSH SHS HSR SRP RPI PIM IMF MFD FDH	0
397	QAW AWD WDA DAS AST STG TGV	TRL RLY LYL YLF LFE FEG EGA GAQ AQS QSS SSN SNA NAF AFD FDL	0
998	HMW MWD WDS DSR SRS RSG SGF GFS FSW SWS	ARA RAQ AQQ QQG QGK GKR KRI RIY IYG YGM GMV MVS VSF SFG FGE GEF EFF FFY FYY YYY YYY YYM YMD MDV	0
28877	QAW AWD WDS DSG SGI GIW IWV	AIW IWY WYL YLD LDS DSP SPD PDH DHG HGF GFD FDI	1
674	QQY QYY YYR YRS RSP SPL PLT	VRS RSV SVT VTP TPR PRY RYC YCG CGG GGG GGF GFC FCY CYG YGE GEF EFD FDY	0
478	QQY QYW YWS WSE SEP EPV PVT	ARG RGG GGP GPD PDY DYA YAM AMD MDV	0
1587	QCF CFE FEG	VRG RGK GKS KSC SCC CCN CNG NGR GRR RRY RYC YCN CNG NGA GAD ADC DCF CFN FNW NWD WDF DFE FEY	0
575	QQY QYD YDN DNL NLP LPL PLT	ATE TET ETA TAL ALV LVV VVS VST STT TTY TYL YLP LPH PHY HYF YFD FDN	0
646	QSY SYD YDR DRN RNL NLS LSG SGV	ARA RAR ARA RAT ATG TGY GYS YSS SSI SIT ITP TPY PYF YFD FDI	0
556	QVY VYE YEF	ARQ RQR QRS RSD SDY DYW YWD WDF DFD FDV	0
19772	QQY QYF YFF FFL FLY LYS	ARI RIR IRQ RQV QVS VSK SKY KYL YLQ LQW QWY WYP YPG PGV GVF VFE FEM	0
1355	QQY QYN YNT NTY TYS YSW SWW WWT	ASR SRL RLG LGV GVR VRA RAT ATT TTG TGD GDL DLD LDY	0
1268	QQH QHQ HQY QYN YNS NSL SLI	ARK RKQ KQY QYS YSY SYW YWR WRD RDS DSY SYW YWA WAM AMD MDY	0
935	HQY QYS YSS SSH SHP HPP PPT	ARA RAD ADG DGL GLT LTY TYF YFS FSE SEL ELL LLQ LQY QYI YIF IFD FDL	0
1603	GTW TWD WDS DSS SSL SLN LNV NVV VVV	ARA RAV AVV VVS VSS SSD SDI DIT ITY TYT YTY TYW YWS WSK SKY KYF YFD FDY	0
911	QQT QTR TRW RWT WTP TPP PPT	VKD KDQ DQT QTI TIF IFH FHK HKN KNG NGA GAV AVD VDF DFF FFS FSY SYF YFD FDL	0
1391	LHY HYG YGT GTS TSP SPM PMY MYF	IAS ASS SST STT TTG TGW GWY WYV YVR VRE RED EDF DFD FDY	0
19749	SSY SYA YAG AGS GSV SVV	AKD KDL DLT LTL TLM LMY MYV YVF VFD FDS DSG SGW GWA WAR ARG RGA GAH AHD HDY DYY YYG YGM GMD MDV	0
892	QCL CLE LEA	VRG RGR GRS RSC SCC CCG CGG GGR GRR RRH RHC HCN CNG NGA GAD ADC DCF CFN FNW NWD WDF DFQ FQH	0
938	QQY QYD YDK DKL KLP LPT	VRD RDR DRD RDD DDF DFW FWS WSG SGY GYY YYK YKH	0
201045	QQR QRN RNS NSW SWP WPP PPL PLT	ARD RDG DGT GTC TCG CGG GGG GGN GNC NCY CYS YSG SGL GLL LLD LDY	0
872	NSY SYT YTT TTL TLS LST STW TWL	ARV RVS VSR SRG RGG GGS GSY SYS YSD	0
208	QQA QAW AWA WAY AYL YLP LPT	ARE RED EDF DFR FRN RNR NRR RRR RRL RLW LWY WYV YVM VMD MDY	0
691	AAW AWD WDD DDS DSL SLI LIG IGV GVV	ARD RDK DKN KNP NPG PGT GTK TKP KPY PYY YYH YHY HYG YGM GMD MDV	0
136	QQR QRS RSM SMW MWP WPP PPV PVT	ARD RDG DGK GKC KCG CGG GGG GGR GRC RCY CYS YSG SGL GLL LLD LDY	0
48	QQS QSN SNT NTS TSP SPL PLT	ARW RWG WGH GHS HST STS TSP SPW PWA WAM AMD MDY	0
1357	LQH QHN HNS NSY SYP YPR PRT	ARD RDR DRD RDD DDL DLS LSP SPF PFD FDY	0
28837	LQI QIY IYN YNM NMP MPI PIT	ARG RGK GKG KGN GNT NTH THK HKP KPY PYG YGY GYV YVR VRY RYF YFD FDV	0
28870	MQA QAV AVQ VQT QTP TPL PLT	ARN RNV NVL VLD LDS DSS SSG SGY GYP YPT PTY TYF YFD FDY	1
975	MQS QSI SIQ IQV QVP VPL PLY LYT	ARG RGA GAH AHR HRS RSI SIG IGT GTT TTP TPL PLD LDS	0
302	QQS QSY SYN YNS NSP SPW PWT	ARD RDN DNG NGD GDY DYV YVG VGE GEK EKG KGF GFD FDI	0
1349	QSR SRD RDI DIS ISQ SQY QYV	ART RTF TFH FHI HIR IRR RRY RYR YRS RSG SGY GYY YYD YDK DKM KMD MDH	0
332	SSY SYT YTS TSS SSS SST STR TRV	ARD RDR DRP RPG PGG GGY GYC YCS CSG SGV GVS VSC SCY CYS YST STY TYG YGM GMD MDV	0
715	QQA QAN ANS NSF SFF FFT	AAD ADP DPW PWE WEL ELN LNA NAF AFN FNV	0
36458	QQR QRS RSK SKW KWG WGV GVT	ARD RDR DRF RFP FPT PTV TVS VSG SGE GEP EPF PFA FAM AMD MDV	0
978	QQY QYG YGQ GQS QSL SLS LST	ARE REG EGT GTT TTG TGD GDG DGD GDL DLG LGK GKP KPI PIG IGA GAF AFA FAH	0
1372	MQG QGT GTH THW HWP WPY PYT	ARD RDR DRP RPH PHI HIL ILT LTG TGF GFD FDF DFD FDY	0
351	AAW AWD WDD DDS DSR SRG RGG GGP GPD PDW DWV	ARL RLG LGG GGD GDY DYE YED EDS DSG SGA GAD ADA DAF AFD FDF	0
539	YST STD TDS DSS SSG SGN GNH NHR HRV	AKD KDS DSP SPR PRG RGE GEL ELP LPL PLN LNY	0
499	ATW TWD WDD DDS DSL SLD LDG DGW GWV	ARD RDV DVQ VQY QYS YSG SGS GSY SYL YLG LGA GAY AYY YYF YFD FDY	0
8746	EAW AWD WDG DGG GGL GLR LRG RGG GGV	ARL RLG LGG GGQ GQL QLW LWN WNS NSY SYY YYY YYY YYY YYY YYM YMD MDV	0
921	SSY SYT YTS TSS SSS SST STW TWV	ARV RVP VPR PRL RLR LRG RGG GGN GNY NYF YFD FDS	0
19747	SSR SRD RDK DKS KSG SGS GSR SRL RLS LSV	ART RTG TGK GKY KYY YYD YDF DFW FWF WFG FGY GYP YPP PPG PGE GEE EEY EYF YFQ FQD	0
642	QVW VWD WDI DIS IST STD TDQ DQA QAV	ARH RHV HVR VRS RSG SGY GYP YPD PDT DTA TAY AYY YYF YFD FDK	0
1263	QQY QYD YDN DNL NLG LGD GDL DLS	ARD RDR DRY RYY YYE YET ETS TSG SGS GSN SNA NAF AFD FDV	0
1036	QQY QYY YYS YST STP TPG PGL GLT	RLL LLW LWF WFG FGE GEL ELF LFF FFD FDY	0
749	QQA QAN ANS NSF SFP FPL PLT	ARD RDL DLG LGG GGY GYF YFI FIR IRG RGI GIM IMD MDV	0
202252	AAW AWD WDD DDS DSL SLS LSG SGV GVV	ARG RGK GKF KFD FDY	0
19786	LQH QHD HDI DIY IYA YAS AST	ARL RLA LAS ASG SGF GFR FRD RDY	0
19823	QNS NSG SGG GGG GGT GTP TPL PLI	SRD RDN DNF NFG FGT GTR TRP RPV PVP VPG PGR GRG RGY GYY YYY YYG YGM GMD MDV	0
201196	QQL QLD LDS DSY SYP YPP PPG PGT	ARD RDL DLG LGT GTG TGL GLF LFD FDY	0
416	QVW VWD WDS DSS SSS SSD SDH DHV HVI	ARG RGG GGL GLE LEP EPR PRS RSV SVD VDY DYY YYY YYY YYG YGM GMD MDV	0
305	GTW TWD WDS DSS SSL SLS LST STG TGQ GQL	ATG TGG GGN GNY NYY YYN YNL NLW LWT WTG TGY GYY YYP YPL PLA LAY	0
1388	QQL QLN LNT NTY TYP YPF PFT	AKP KPK PKS KSR SRD RDR DRG RGG GGP GPG PGD GDD DDY DYF YFG FGM GMD MDV	0
1366	QQQ QQF QFD FDP DPP PPF PFT	ARE RER ERG RGM GMH MHY HYM YMD MDV	0
860	QQY QYE YEN ENL NLQ LQF QFT	ASI SIY IYG YGS GSG SGT GTF TFY FYY YYY YYF YFY FYM YMD MDV	0
739	QQY QYS YSS SSF SFP FPT PTT	ARW RWG WGD GDE DEG EGF GFD FDI	0
295	QQS QSY SYT YTT TTP TPP PPT	ART RTY TYG YGI GIY IYD YDL DLY LYV YVD VDY DYT YTE TEY EYV YVM VMD MDY	0
19761	QQA QAS ASL SLT LTA TAL ALL LLT	ARE REY EYH YHS HSY SYW YWS WSY SYS YSW SWW WWP WPR PRV RVG VGL GLD LDY	0
311	QQF QFY FYT YTT TTP TPS PST	ARG RGS GSG SGF GFR FRW RWV WVM VMD MDY	0
855	QQR QRY RYN YNW NWP WPP PPY PYT	VGG GGY GYS YSN SNF NFY FYY YYY YYY YYT YTM TMD MDV	0
1465	QQS QSY SYT YTT TTP TPP PPT	ARG RGS GSG SGH GHV HVN VNA NAV AVK VKN KNY NYG YGY GYV YVM VMD MDY	0
1397	QVW VWD WDT DTG TGS GSD SDP DPV PVV	ARD RDS DSS SSS SSS SSW SWA WAR ARW RWF WFF FFD FDL	0
19709	QQR QRD RDN DNW NWP WPP PPD PDA DAT	AKE KEG EGG GGD GDN DNK NKF KFS FSF SFD FDY	0
200539	LQD QDY DYN YNY NYL YLL LLT	ARE REI EIT ITM TMI MIA IAW AWF WFD FDP	0
1351	FST STD TDS DSS SSG SGQ GQT QTW TWV	ANA NAG AGG GGG GGK GKY KYD YDY DYL YLD LDV	0
1340	QQY QYN YNH NHW HWL WLR LRT	AKD KDE DES ESP SPP PPI PIY IYN YNL NLM LMP MPG PGY GYY YYS YST STY TYY YYY YYM YMD MDV	0
