26241	KLGGALQAK
16697	RAKFKQLL
35290	KLGGALQAK
35621	KLGGALQAK
33988	KLGGALQAK
35371	KLGGALQAK
242	KLGGALQAK
34622	KLGGALQAK
34956	KLGGALQAK
5111	KLGGALQAK
35881	KLGGALQAK
34232	KLGGALQAK
6672	GILGFVFTL
472	IVTDFSVIK
5622	GILGFVFTL
36139	KLGGALQAK
24509	RAKFKQLL
35794	KLGGALQAK
18055	GLCTLVAML
34150	KLGGALQAK
25718	RAKFKQLL
6604	KLGGALQAK
147	RAKFKQLL
7071	GILGFVFTL
34423	KLGGALQAK
35156	KLGGALQAK
179	KLGGALQAK
35100	KLGGALQAK
23093	GLCTLVAML
78	RAKFKQLL
27746	RAKFKQLL
18047	RAKFKQLL
26665	RAKFKQLL
35640	KLGGALQAK
35379	KLGGALQAK
35591	KLGGALQAK
5179	KLGGALQAK
32322	KLGGALQAK
33861	GILGFVFTL
32359	GILGFVFTL
2790	IVTDFSVIK
5027	GILGFVFTL
35276	KLGGALQAK
14166	RAKFKQLL
26551	KLGGALQAK
2539	KLGGALQAK
34595	KLGGALQAK
30546	RAKFKQLL
2421	KLGGALQAK
378	KLGGALQAK
34797	KLGGALQAK
4951	KLGGALQAK
35327	KLGGALQAK
5218	GILGFVFTL
31928	GILGFVFTL
24698	RAKFKQLL
6674	GILGFVFTL
35385	KLGGALQAK
34565	KLGGALQAK
34283	KLGGALQAK
2480	KLGGALQAK
35803	KLGGALQAK
7200	GILGFVFTL
35383	KLGGALQAK
35980	KLGGALQAK
32363	GILGFVFTL
7227	ELAGIGILTV
36107	KLGGALQAK
377	KLGGALQAK
35852	KLGGALQAK
29922	GILGFVFTL
24710	KLGGALQAK
34626	KLGGALQAK
31889	GILGFVFTL
20662	RAKFKQLL
6550	KLGGALQAK
22177	RAKFKQLL
5257	RAKFKQLL
38429	ELAGIGILTV
34924	KLGGALQAK
35288	KLGGALQAK
18665	RAKFKQLL
28305	KLGGALQAK
34081	KLGGALQAK
17040	KLGGALQAK
7224	GILGFVFTL
6252	GILGFVFTL
35082	KLGGALQAK
34068	KLGGALQAK
35568	KLGGALQAK
28306	KLGGALQAK
25298	RAKFKQLL
35554	KLGGALQAK
2252	RAKFKQLL
34937	KLGGALQAK
7202	GILGFVFTL
28412	KLGGALQAK
31863	GILGFVFTL
7321	GILGFVFTL
17042	RAKFKQLL
2407	KLGGALQAK
19532	RAKFKQLL
29964	GILGFVFTL
15569	KLGGALQAK
35695	KLGGALQAK
29698	GILGFVFTL
35310	KLGGALQAK
6705	GILGFVFTL
24123	RAKFKQLL
35923	KLGGALQAK
34613	KLGGALQAK
35657	KLGGALQAK
34019	KLGGALQAK
35645	KLGGALQAK
5535	KLGGALQAK
34867	KLGGALQAK
26062	IVTDFSVIK
2422	KLGGALQAK
7240	RAKFKQLL
158	KLGGALQAK
26481	RAKFKQLL
23121	KLGGALQAK
35308	KLGGALQAK
6929	GILGFVFTL
25437	RAKFKQLL
33989	KLGGALQAK
25905	KLGGALQAK
34072	KLGGALQAK
5163	GILGFVFTL
27087	RAKFKQLL
32520	GILGFVFTL
36211	KLGGALQAK
14846	KLGGALQAK
34233	KLGGALQAK
35101	KLGGALQAK
35126	KLGGALQAK
34193	KLGGALQAK
239	KLGGALQAK
34134	KLGGALQAK
35709	KLGGALQAK
17890	KLGGALQAK
2560	RAKFKQLL
24711	GILGFVFTL
17035	KLGGALQAK
32396	GILGFVFTL
6549	KLGGALQAK
34226	KLGGALQAK
31368	GILGFVFTL
26468	KLGGALQAK
29782	GILGFVFTL
23118	GILGFVFTL
34986	KLGGALQAK
24687	KLGGALQAK
30719	GILGFVFTL
7210	GILGFVFTL
115	KLGGALQAK
35961	KLGGALQAK
34518	KLGGALQAK
2376	ELAGIGILTV
36237	AVFDRKSDAK
35666	AVFDRKSDAK
35812	KLGGALQAK
24693	KLGGALQAK
25886	RAKFKQLL
14249	KLGGALQAK
34306	IVTDFSVIK
34875	KLGGALQAK
34480	KLGGALQAK
34110	KLGGALQAK
28874	KLGGALQAK
4985	KLGGALQAK
22707	RAKFKQLL
5315	KLGGALQAK
5135	RAKFKQLL
3233	IVTDFSVIK
149	KLGGALQAK
2451	KLGGALQAK
34060	KLGGALQAK
22999	RAKFKQLL
35897	KLGGALQAK
36329	IVTDFSVIK
4932	KLGGALQAK
181	ELAGIGILTV
17577	GLCTLVAML
35658	KLGGALQAK
5422	KLGGALQAK
34774	KLGGALQAK
34800	KLGGALQAK
35837	KLGGALQAK
26049	KLGGALQAK
20172	RAKFKQLL
35143	KLGGALQAK
5217	KLGGALQAK
55	IVTDFSVIK
35572	KLGGALQAK
11019	RAKFKQLL
2237	ELAGIGILTV
4959	KLGGALQAK
15	ELAGIGILTV
5116	IVTDFSVIK
26242	GILGFVFTL
26116	GILGFVFTL
28596	KLGGALQAK
35887	RAKFKQLL
35003	KLGGALQAK
22312	AVFDRKSDAK
36147	KLGGALQAK
34319	KLGGALQAK
25764	KLGGALQAK
5275	RAKFKQLL
35714	KLGGALQAK
34200	KLGGALQAK
2425	IVTDFSVIK
34737	KLGGALQAK
5222	KLGGALQAK
6351	GILGFVFTL
27120	RAKFKQLL
34566	KLGGALQAK
5522	ELAGIGILTV
34438	KLGGALQAK
34117	KLGGALQAK
35386	KLGGALQAK
36185	KLGGALQAK
34741	KLGGALQAK
28886	GILGFVFTL
36020	KLGGALQAK
5181	KLGGALQAK
2408	ELAGIGILTV
6607	GILGFVFTL
32394	GILGFVFTL
5534	KLGGALQAK
24218	KLGGALQAK
29951	GILGFVFTL
34262	KLGGALQAK
34041	KLGGALQAK
35080	KLGGALQAK
6162	GILGFVFTL
18113	KLGGALQAK
35040	KLGGALQAK
35208	KLGGALQAK
23126	IVTDFSVIK
29610	GILGFVFTL
18109	RAKFKQLL
33572	GILGFVFTL
14675	GILGFVFTL
7674	RAKFKQLL
25405	KLGGALQAK
2314	KLGGALQAK
19789	RAKFKQLL
18065	KLGGALQAK
34488	KLGGALQAK
24339	KLGGALQAK
5817	GILGFVFTL
36238	IVTDFSVIK
35317	KLGGALQAK
34840	KLGGALQAK
2452	KLGGALQAK
35301	KLGGALQAK
33911	RAKFKQLL
34616	KLGGALQAK
24382	RAKFKQLL
21357	RAKFKQLL
8091	RAKFKQLL
28368	GILGFVFTL
2308	AVFDRKSDAK
5276	IVTDFSVIK
24349	IVTDFSVIK
34302	KLGGALQAK
35624	IVTDFSVIK
6596	GILGFVFTL
2277	ELAGIGILTV
2325	RAKFKQLL
11940	RAKFKQLL
28676	KLGGALQAK
34148	KLGGALQAK
2504	KLGGALQAK
5624	GILGFVFTL
34691	KLGGALQAK
31347	GILGFVFTL
24302	GILGFVFTL
18070	RAKFKQLL
16000	KLGGALQAK
14678	GILGFVFTL
194	KLGGALQAK
13930	KLGGALQAK
75	KLGGALQAK
5387	KLGGALQAK
10417	RAKFKQLL
20130	RAKFKQLL
32602	GILGFVFTL
5152	KLGGALQAK
36002	KLGGALQAK
15190	GILGFVFTL
34104	KLGGALQAK
35060	KLGGALQAK
34830	KLGGALQAK
35106	KLGGALQAK
12	RAKFKQLL
2557	RAKFKQLL
30381	GILGFVFTL
35759	KLGGALQAK
35559	KLGGALQAK
23006	KLGGALQAK
28830	KLGGALQAK
202	GILGFVFTL
21614	RAKFKQLL
30539	GILGFVFTL
7257	ELAGIGILTV
36229	KLGGALQAK
17004	GLCTLVAML
31839	KLGGALQAK
270	KLGGALQAK
5490	AVFDRKSDAK
35954	KLGGALQAK
31653	GILGFVFTL
6349	GILGFVFTL
35629	AVFDRKSDAK
5157	KLGGALQAK
23222	KLGGALQAK
31840	GILGFVFTL
30096	GILGFVFTL
36136	KLGGALQAK
95	KLGGALQAK
17155	RAKFKQLL
7670	RAKFKQLL
35505	KLGGALQAK
35869	KLGGALQAK
36138	KLGGALQAK
2290	KLGGALQAK
34625	KLGGALQAK
35041	KLGGALQAK
5383	GILGFVFTL
35584	KLGGALQAK
34265	KLGGALQAK
98	KLGGALQAK
34271	KLGGALQAK
23203	KLGGALQAK
35481	KLGGALQAK
29950	RAKFKQLL
24849	GLCTLVAML
34342	KLGGALQAK
24846	GLCTLVAML
34054	KLGGALQAK
3312	IVTDFSVIK
6661	GILGFVFTL
32695	GILGFVFTL
31858	GILGFVFTL
28876	RAKFKQLL
34662	KLGGALQAK
6545	GILGFVFTL
34380	KLGGALQAK
36282	AVFDRKSDAK
5416	KLGGALQAK
34434	KLGGALQAK
34636	KLGGALQAK
35195	KLGGALQAK
35225	KLGGALQAK
32390	GILGFVFTL
15296	ELAGIGILTV
28822	GLCTLVAML
33521	GILGFVFTL
32601	GILGFVFTL
77	ELAGIGILTV
34057	KLGGALQAK
17865	KLGGALQAK
34827	KLGGALQAK
36308	KLGGALQAK
7171	GILGFVFTL
7331	GILGFVFTL
44	KLGGALQAK
1588	AVFDRKSDAK
34610	KLGGALQAK
5100	AVFDRKSDAK
34752	KLGGALQAK
27161	RAKFKQLL
33393	GILGFVFTL
14622	GILGFVFTL
24314	KLGGALQAK
29962	GILGFVFTL
62	AVFDRKSDAK
36120	KLGGALQAK
25796	GILGFVFTL
5540	KLGGALQAK
3877	IVTDFSVIK
34386	KLGGALQAK
34612	KLGGALQAK
24289	RAKFKQLL
35578	KLGGALQAK
23974	RAKFKQLL
32019	GILGFVFTL
6240	GILGFVFTL
25769	RAKFKQLL
23213	KLGGALQAK
7269	KLGGALQAK
26845	RAKFKQLL
33991	KLGGALQAK
6322	GILGFVFTL
34607	KLGGALQAK
35360	KLGGALQAK
34759	KLGGALQAK
30406	GILGFVFTL
36246	KLGGALQAK
34908	KLGGALQAK
5448	KLGGALQAK
35882	KLGGALQAK
26046	KLGGALQAK
3952	IVTDFSVIK
33987	KLGGALQAK
19439	RAKFKQLL
27097	RAKFKQLL
24909	GLCTLVAML
6600	GILGFVFTL
28878	KLGGALQAK
5539	ELAGIGILTV
18089	KLGGALQAK
379	IVTDFSVIK
3712	IVTDFSVIK
35588	KLGGALQAK
34023	KLGGALQAK
34731	KLGGALQAK
25909	GILGFVFTL
35469	KLGGALQAK
34286	KLGGALQAK
5115	RAKFKQLL
32336	GILGFVFTL
14250	KLGGALQAK
22102	RAKFKQLL
13987	KLGGALQAK
16951	GILGFVFTL
31671	GILGFVFTL
5154	AVFDRKSDAK
32413	RAKFKQLL
23103	GILGFVFTL
7195	GILGFVFTL
15330	RAKFKQLL
36179	KLGGALQAK
35235	KLGGALQAK
87	RAKFKQLL
31475	GILGFVFTL
30156	GILGFVFTL
7673	RAKFKQLL
5279	RAKFKQLL
629	KLGGALQAK
23026	KLGGALQAK
36121	KLGGALQAK
36205	KLGGALQAK
34067	KLGGALQAK
34598	KLGGALQAK
34462	KLGGALQAK
34259	KLGGALQAK
25720	KLGGALQAK
35365	KLGGALQAK
28818	RAKFKQLL
7370	GILGFVFTL
21072	RAKFKQLL
35625	KLGGALQAK
25074	RAKFKQLL
5230	KLGGALQAK
2512	KLGGALQAK
34912	KLGGALQAK
25448	KLGGALQAK
108	KLGGALQAK
16425	RAKFKQLL
28873	RAKFKQLL
5024	KLGGALQAK
32661	GILGFVFTL
31619	GILGFVFTL
5048	KLGGALQAK
35995	KLGGALQAK
34637	KLGGALQAK
34321	KLGGALQAK
5056	KLGGALQAK
35404	KLGGALQAK
35086	KLGGALQAK
34007	KLGGALQAK
35729	KLGGALQAK
2482	KLGGALQAK
209	RAKFKQLL
4955	KLGGALQAK
34114	KLGGALQAK
10	ELAGIGILTV
23208	GILGFVFTL
25023	KLGGALQAK
34009	KLGGALQAK
2625	IVTDFSVIK
34457	KLGGALQAK
16222	RAKFKQLL
36251	KLGGALQAK
35892	KLGGALQAK
34242	KLGGALQAK
211	KLGGALQAK
35783	KLGGALQAK
36213	KLGGALQAK
28449	KLGGALQAK
34415	KLGGALQAK
28682	KLGGALQAK
35799	KLGGALQAK
28867	GILGFVFTL
6239	GILGFVFTL
34246	KLGGALQAK
25722	GILGFVFTL
217	KLGGALQAK
35219	KLGGALQAK
25286	RAKFKQLL
34997	KLGGALQAK
25391	RAKFKQLL
23243	KLGGALQAK
14642	KLGGALQAK
7256	KLGGALQAK
5021	KLGGALQAK
25701	KLGGALQAK
28388	GILGFVFTL
16965	KLGGALQAK
34576	KLGGALQAK
8972	RAKFKQLL
34696	KLGGALQAK
35181	KLGGALQAK
33	GILGFVFTL
7077	KLGGALQAK
34162	KLGGALQAK
14796	RAKFKQLL
26702	RAKFKQLL
6251	GILGFVFTL
2756	IVTDFSVIK
35956	KLGGALQAK
28168	RAKFKQLL
18643	GILGFVFTL
36991	IVTDFSVIK
24363	KLGGALQAK
28304	IVTDFSVIK
279	KLGGALQAK
15997	RAKFKQLL
2400	KLGGALQAK
34352	KLGGALQAK
6671	GILGFVFTL
34309	KLGGALQAK
5283	IVTDFSVIK
5460	IVTDFSVIK
26487	GLCTLVAML
32334	GILGFVFTL
15993	RAKFKQLL
35252	KLGGALQAK
23119	KLGGALQAK
34450	KLGGALQAK
25326	RAKFKQLL
5242	KLGGALQAK
35488	KLGGALQAK
33514	GILGFVFTL
2440	IVTDFSVIK
35378	KLGGALQAK
35674	KLGGALQAK
29624	GILGFVFTL
25409	RAKFKQLL
5468	IVTDFSVIK
35663	KLGGALQAK
592	ELAGIGILTV
35981	KLGGALQAK
5551	GILGFVFTL
26127	RAKFKQLL
34086	KLGGALQAK
26264	GLCTLVAML
13327	RAKFKQLL
657	KLGGALQAK
35776	KLGGALQAK
24334	IVTDFSVIK
35915	KLGGALQAK
7366	KLGGALQAK
34695	KLGGALQAK
6751	GILGFVFTL
35177	KLGGALQAK
2575	GILGFVFTL
5066	KLGGALQAK
5660	GILGFVFTL
34238	KLGGALQAK
35710	KLGGALQAK
26109	KLGGALQAK
25719	KLGGALQAK
661	ELAGIGILTV
35489	KLGGALQAK
15314	KLGGALQAK
15667	RAKFKQLL
26017	GILGFVFTL
26039	KLGGALQAK
25076	KLGGALQAK
15990	KLGGALQAK
34130	KLGGALQAK
34870	KLGGALQAK
35757	KLGGALQAK
5421	KLGGALQAK
36231	KLGGALQAK
34855	KLGGALQAK
4974	RAKFKQLL
7041	GILGFVFTL
31372	GILGFVFTL
191	KLGGALQAK
36319	IVTDFSVIK
30435	GILGFVFTL
34751	KLGGALQAK
4166	IVTDFSVIK
34261	KLGGALQAK
26128	RAKFKQLL
34030	KLGGALQAK
35343	KLGGALQAK
34013	KLGGALQAK
35240	KLGGALQAK
11294	RAKFKQLL
25697	KLGGALQAK
25813	RAKFKQLL
34033	KLGGALQAK
2328	GILGFVFTL
36187	KLGGALQAK
25105	RAKFKQLL
35758	KLGGALQAK
7328	KLGGALQAK
9203	RAKFKQLL
5501	ELAGIGILTV
6331	GILGFVFTL
5658	GILGFVFTL
13776	RAKFKQLL
34575	ELAGIGILTV
29945	GILGFVFTL
5636	GILGFVFTL
35566	KLGGALQAK
34807	KLGGALQAK
28713	KLGGALQAK
2466	AVFDRKSDAK
34260	KLGGALQAK
30087	KLGGALQAK
24708	RAKFKQLL
14320	KLGGALQAK
161	KLGGALQAK
10449	RAKFKQLL
34160	KLGGALQAK
34795	KLGGALQAK
34275	KLGGALQAK
653	ELAGIGILTV
35265	KLGGALQAK
34669	KLGGALQAK
7280	GILGFVFTL
31633	GILGFVFTL
15319	GILGFVFTL
23405	RAKFKQLL
5220	RAKFKQLL
34432	KLGGALQAK
15230	RAKFKQLL
2368	KLGGALQAK
4980	GILGFVFTL
34768	KLGGALQAK
196	AVFDRKSDAK
650	ELAGIGILTV
2464	KLGGALQAK
35283	KLGGALQAK
35346	KLGGALQAK
25081	AVFDRKSDAK
24463	RAKFKQLL
12252	RAKFKQLL
31854	GILGFVFTL
214	KLGGALQAK
34237	KLGGALQAK
7313	GILGFVFTL
35456	KLGGALQAK
11041	RAKFKQLL
2481	KLGGALQAK
23492	RAKFKQLL
5079	KLGGALQAK
8106	RAKFKQLL
58	RAKFKQLL
35272	KLGGALQAK
10574	RAKFKQLL
35850	KLGGALQAK
35941	KLGGALQAK
7682	RAKFKQLL
2294	KLGGALQAK
23002	KLGGALQAK
35170	KLGGALQAK
204	ELAGIGILTV
31814	GILGFVFTL
2303	IVTDFSVIK
36119	KLGGALQAK
23228	KLGGALQAK
34417	KLGGALQAK
26059	KLGGALQAK
22348	KLGGALQAK
583	ELAGIGILTV
36291	IVTDFSVIK
29867	GILGFVFTL
28866	KLGGALQAK
35061	KLGGALQAK
24335	AVFDRKSDAK
28448	KLGGALQAK
33909	GILGFVFTL
35056	KLGGALQAK
34581	KLGGALQAK
36206	KLGGALQAK
26022	GILGFVFTL
29911	GILGFVFTL
31618	GILGFVFTL
18702	RAKFKQLL
34058	KLGGALQAK
33862	GILGFVFTL
34851	KLGGALQAK
35391	KLGGALQAK
34487	KLGGALQAK
7255	KLGGALQAK
10407	RAKFKQLL
2931	IVTDFSVIK
25071	KLGGALQAK
36174	KLGGALQAK
2555	IVTDFSVIK
35977	KLGGALQAK
34186	KLGGALQAK
31283	GILGFVFTL
31937	GILGFVFTL
19693	RAKFKQLL
2285	KLGGALQAK
25809	KLGGALQAK
7264	AVFDRKSDAK
35261	KLGGALQAK
28362	GILGFVFTL
5608	GILGFVFTL
185	ELAGIGILTV
6792	GILGFVFTL
32368	GILGFVFTL
5437	ELAGIGILTV
35350	KLGGALQAK
34585	KLGGALQAK
28380	GILGFVFTL
34917	KLGGALQAK
24332	KLGGALQAK
22089	RAKFKQLL
34493	KLGGALQAK
4948	KLGGALQAK
31403	GILGFVFTL
28771	RAKFKQLL
26486	KLGGALQAK
32249	GILGFVFTL
35643	KLGGALQAK
30361	GILGFVFTL
8170	RAKFKQLL
25916	RAKFKQLL
30496	GILGFVFTL
25053	RAKFKQLL
34474	KLGGALQAK
28731	RAKFKQLL
34528	KLGGALQAK
31192	GILGFVFTL
34881	KLGGALQAK
35249	KLGGALQAK
34144	KLGGALQAK
21337	RAKFKQLL
35755	KLGGALQAK
25291	RAKFKQLL
17052	KLGGALQAK
2529	KLGGALQAK
35902	KLGGALQAK
151	KLGGALQAK
2495	IVTDFSVIK
28679	KLGGALQAK
34363	KLGGALQAK
85	KLGGALQAK
9790	RAKFKQLL
36330	KLGGALQAK
35638	KLGGALQAK
24652	RAKFKQLL
33944	RAKFKQLL
34529	KLGGALQAK
7294	GILGFVFTL
5241	ELAGIGILTV
17581	GILGFVFTL
14148	RAKFKQLL
35815	IVTDFSVIK
23127	ELAGIGILTV
15334	KLGGALQAK
186	KLGGALQAK
30542	GILGFVFTL
5799	GILGFVFTL
5411	KLGGALQAK
35247	KLGGALQAK
31636	GILGFVFTL
118	AVFDRKSDAK
16053	RAKFKQLL
26560	RAKFKQLL
35905	KLGGALQAK
5461	KLGGALQAK
34036	KLGGALQAK
26040	GILGFVFTL
33588	GILGFVFTL
29877	GILGFVFTL
36252	KLGGALQAK
35319	KLGGALQAK
2525	AVFDRKSDAK
34080	KLGGALQAK
5042	IVTDFSVIK
34156	KLGGALQAK
34178	KLGGALQAK
23888	RAKFKQLL
22347	RAKFKQLL
208	RAKFKQLL
34963	KLGGALQAK
5473	KLGGALQAK
34631	KLGGALQAK
23233	ELAGIGILTV
32775	GILGFVFTL
4933	ELAGIGILTV
7213	GILGFVFTL
25676	RAKFKQLL
7155	GILGFVFTL
13820	RAKFKQLL
35832	KLGGALQAK
34718	KLGGALQAK
235	KLGGALQAK
34725	KLGGALQAK
14960	RAKFKQLL
31555	RAKFKQLL
34714	KLGGALQAK
654	KLGGALQAK
6637	GILGFVFTL
215	GILGFVFTL
2344	KLGGALQAK
28707	GILGFVFTL
34442	KLGGALQAK
34498	KLGGALQAK
34757	KLGGALQAK
34678	KLGGALQAK
6996	GILGFVFTL
18115	RAKFKQLL
35689	KLGGALQAK
2541	IVTDFSVIK
34758	KLGGALQAK
34930	KLGGALQAK
28470	KLGGALQAK
4937	KLGGALQAK
35787	KLGGALQAK
28959	GILGFVFTL
29939	GILGFVFTL
30402	GILGFVFTL
34552	KLGGALQAK
9044	RAKFKQLL
26137	KLGGALQAK
28754	RAKFKQLL
25014	GILGFVFTL
35215	KLGGALQAK
34252	KLGGALQAK
18091	RAKFKQLL
14625	GLCTLVAML
34765	KLGGALQAK
99	KLGGALQAK
24126	RAKFKQLL
34561	KLGGALQAK
35353	KLGGALQAK
24569	GILGFVFTL
36182	AVFDRKSDAK
702	ELAGIGILTV
26047	KLGGALQAK
4960	KLGGALQAK
34693	KLGGALQAK
34407	KLGGALQAK
34788	KLGGALQAK
7680	RAKFKQLL
35267	KLGGALQAK
34923	KLGGALQAK
28841	RAKFKQLL
34871	KLGGALQAK
33990	KLGGALQAK
6706	GILGFVFTL
5504	ELAGIGILTV
24986	KLGGALQAK
5045	AVFDRKSDAK
238	ELAGIGILTV
30554	GILGFVFTL
5960	GILGFVFTL
7358	RAKFKQLL
31612	GILGFVFTL
35894	KLGGALQAK
5039	IVTDFSVIK
26498	KLGGALQAK
2243	ELAGIGILTV
13853	RAKFKQLL
21419	RAKFKQLL
8379	GILGFVFTL
34775	KLGGALQAK
35113	KLGGALQAK
35147	KLGGALQAK
29799	GILGFVFTL
31901	RAKFKQLL
36074	KLGGALQAK
26491	GLCTLVAML
7078	KLGGALQAK
5554	AVFDRKSDAK
35874	KLGGALQAK
705	RAKFKQLL
34082	KLGGALQAK
2453	IVTDFSVIK
372	KLGGALQAK
18001	KLGGALQAK
27818	RAKFKQLL
35398	KLGGALQAK
162	KLGGALQAK
32594	GILGFVFTL
35798	KLGGALQAK
33954	RAKFKQLL
36249	KLGGALQAK
31290	GILGFVFTL
35552	KLGGALQAK
152	RAKFKQLL
35005	KLGGALQAK
28415	KLGGALQAK
36193	KLGGALQAK
34558	KLGGALQAK
5515	ELAGIGILTV
34764	KLGGALQAK
35918	KLGGALQAK
9474	RAKFKQLL
5124	KLGGALQAK
23876	KLGGALQAK
27094	KLGGALQAK
34809	KLGGALQAK
35903	KLGGALQAK
28363	KLGGALQAK
3646	IVTDFSVIK
31903	GILGFVFTL
13995	GILGFVFTL
5183	GILGFVFTL
4949	IVTDFSVIK
15382	RAKFKQLL
25400	AVFDRKSDAK
31444	GILGFVFTL
2472	AVFDRKSDAK
35579	KLGGALQAK
625	GILGFVFTL
35234	KLGGALQAK
35162	KLGGALQAK
35991	KLGGALQAK
25910	RAKFKQLL
5071	RAKFKQLL
34335	KLGGALQAK
34828	KLGGALQAK
35750	KLGGALQAK
33956	KLGGALQAK
35232	KLGGALQAK
34373	KLGGALQAK
5492	KLGGALQAK
27722	RAKFKQLL
15304	RAKFKQLL
22988	KLGGALQAK
2487	KLGGALQAK
6050	GILGFVFTL
35292	KLGGALQAK
34470	KLGGALQAK
31623	GILGFVFTL
34746	KLGGALQAK
2498	RAKFKQLL
34633	KLGGALQAK
2364	RAKFKQLL
52	AVFDRKSDAK
34435	KLGGALQAK
9486	RAKFKQLL
15323	KLGGALQAK
5594	GILGFVFTL
15293	RAKFKQLL
2249	GILGFVFTL
35985	KLGGALQAK
34433	KLGGALQAK
22327	IVTDFSVIK
34491	AVFDRKSDAK
273	RAKFKQLL
34358	KLGGALQAK
35074	KLGGALQAK
25925	RAKFKQLL
34149	KLGGALQAK
35942	KLGGALQAK
14264	RAKFKQLL
34093	KLGGALQAK
25750	GILGFVFTL
28740	KLGGALQAK
34690	KLGGALQAK
35369	KLGGALQAK
34042	KLGGALQAK
34950	KLGGALQAK
33600	GILGFVFTL
587	ELAGIGILTV
34347	KLGGALQAK
193	IVTDFSVIK
14621	KLGGALQAK
35679	KLGGALQAK
34447	KLGGALQAK
35402	KLGGALQAK
35700	KLGGALQAK
5061	KLGGALQAK
34945	KLGGALQAK
36233	IVTDFSVIK
15572	RAKFKQLL
35547	KLGGALQAK
35563	KLGGALQAK
4107	IVTDFSVIK
31890	GILGFVFTL
5123	RAKFKQLL
35009	KLGGALQAK
26065	GILGFVFTL
5550	GILGFVFTL
2255	RAKFKQLL
15986	RAKFKQLL
35556	KLGGALQAK
27576	RAKFKQLL
35312	KLGGALQAK
5261	IVTDFSVIK
4164	IVTDFSVIK
34177	KLGGALQAK
35443	KLGGALQAK
33497	GILGFVFTL
30289	GILGFVFTL
5373	KLGGALQAK
34370	KLGGALQAK
7672	RAKFKQLL
34989	KLGGALQAK
2292	KLGGALQAK
678	ELAGIGILTV
696	KLGGALQAK
5449	KLGGALQAK
19486	RAKFKQLL
26525	GLCTLVAML
35096	KLGGALQAK
31834	GILGFVFTL
35092	KLGGALQAK
26482	GILGFVFTL
34043	KLGGALQAK
5032	KLGGALQAK
36270	KLGGALQAK
2568	IVTDFSVIK
28939	GILGFVFTL
31679	GILGFVFTL
35178	KLGGALQAK
35662	KLGGALQAK
35222	KLGGALQAK
2236	KLGGALQAK
13817	RAKFKQLL
4934	KLGGALQAK
3358	IVTDFSVIK
35953	KLGGALQAK
35139	KLGGALQAK
34673	KLGGALQAK
34811	KLGGALQAK
31504	GILGFVFTL
34056	KLGGALQAK
27730	RAKFKQLL
35293	KLGGALQAK
7663	GILGFVFTL
15583	RAKFKQLL
2234	ELAGIGILTV
6333	GILGFVFTL
1655	AVFDRKSDAK
35773	AVFDRKSDAK
5536	ELAGIGILTV
35342	KLGGALQAK
34906	KLGGALQAK
35600	KLGGALQAK
7326	RAKFKQLL
34300	KLGGALQAK
33534	GILGFVFTL
34523	KLGGALQAK
36196	KLGGALQAK
34034	KLGGALQAK
5649	RAKFKQLL
16942	RAKFKQLL
35849	KLGGALQAK
28875	GILGFVFTL
2579	GILGFVFTL
26239	KLGGALQAK
6664	GILGFVFTL
8614	RAKFKQLL
2250	KLGGALQAK
34733	KLGGALQAK
7173	GILGFVFTL
33481	KLGGALQAK
655	KLGGALQAK
22358	RAKFKQLL
3074	IVTDFSVIK
212	RAKFKQLL
15570	KLGGALQAK
221	KLGGALQAK
17970	RAKFKQLL
36003	KLGGALQAK
33469	KLGGALQAK
28865	KLGGALQAK
34364	KLGGALQAK
5797	GILGFVFTL
31899	GILGFVFTL
6092	GILGFVFTL
34234	KLGGALQAK
34049	KLGGALQAK
5389	ELAGIGILTV
25705	RAKFKQLL
4939	ELAGIGILTV
32671	GILGFVFTL
34750	KLGGALQAK
34817	KLGGALQAK
11210	RAKFKQLL
34441	KLGGALQAK
16186	RAKFKQLL
34915	KLGGALQAK
5317	KLGGALQAK
35138	KLGGALQAK
25277	RAKFKQLL
35410	KLGGALQAK
5494	KLGGALQAK
24638	RAKFKQLL
32607	GILGFVFTL
6012	GILGFVFTL
36083	IVTDFSVIK
100	KLGGALQAK
2389	KLGGALQAK
23893	KLGGALQAK
34382	KLGGALQAK
36068	IVTDFSVIK
7080	GILGFVFTL
34477	KLGGALQAK
35419	KLGGALQAK
2458	KLGGALQAK
34544	KLGGALQAK
36322	IVTDFSVIK
35164	KLGGALQAK
38423	KLGGALQAK
17975	KLGGALQAK
15383	RAKFKQLL
5051	KLGGALQAK
35305	KLGGALQAK
35000	KLGGALQAK
5319	AVFDRKSDAK
28608	RAKFKQLL
34590	KLGGALQAK
36124	KLGGALQAK
35212	KLGGALQAK
35972	KLGGALQAK
26139	RAKFKQLL
14270	RAKFKQLL
5656	GILGFVFTL
25394	GILGFVFTL
36188	KLGGALQAK
23847	KLGGALQAK
35331	KLGGALQAK
7671	RAKFKQLL
35885	KLGGALQAK
6235	GILGFVFTL
6557	RAKFKQLL
35362	KLGGALQAK
28419	KLGGALQAK
33470	GILGFVFTL
5322	ELAGIGILTV
36320	KLGGALQAK
5428	KLGGALQAK
29963	KLGGALQAK
34926	KLGGALQAK
28466	KLGGALQAK
14292	RAKFKQLL
35329	KLGGALQAK
34167	KLGGALQAK
35303	KLGGALQAK
4079	IVTDFSVIK
34564	KLGGALQAK
28356	RAKFKQLL
34276	KLGGALQAK
35091	KLGGALQAK
6247	GILGFVFTL
35793	KLGGALQAK
33843	GILGFVFTL
15277	RAKFKQLL
18230	RAKFKQLL
34174	KLGGALQAK
33952	RAKFKQLL
25184	GILGFVFTL
18061	RAKFKQLL
24989	KLGGALQAK
1699	AVFDRKSDAK
2025	AVFDRKSDAK
25798	RAKFKQLL
35373	KLGGALQAK
6668	GILGFVFTL
36290	ELAGIGILTV
35450	KLGGALQAK
33577	GILGFVFTL
24692	KLGGALQAK
5215	KLGGALQAK
33755	GILGFVFTL
4260	IVTDFSVIK
34978	KLGGALQAK
34538	KLGGALQAK
11437	RAKFKQLL
4969	GLCTLVAML
6762	GILGFVFTL
2515	KLGGALQAK
6327	GILGFVFTL
23548	RAKFKQLL
26473	GILGFVFTL
35708	KLGGALQAK
33995	KLGGALQAK
2526	KLGGALQAK
5221	KLGGALQAK
33955	KLGGALQAK
32402	GILGFVFTL
34688	KLGGALQAK
5445	KLGGALQAK
36151	ELAGIGILTV
5548	RAKFKQLL
2461	ELAGIGILTV
17044	KLGGALQAK
5433	GILGFVFTL
36218	IVTDFSVIK
28602	KLGGALQAK
34900	KLGGALQAK
34791	KLGGALQAK
16004	KLGGALQAK
36096	KLGGALQAK
26555	RAKFKQLL
16935	KLGGALQAK
35801	KLGGALQAK
23370	RAKFKQLL
35741	KLGGALQAK
35628	KLGGALQAK
4952	IVTDFSVIK
7091	GILGFVFTL
5452	KLGGALQAK
25292	RAKFKQLL
35701	KLGGALQAK
17050	KLGGALQAK
34951	KLGGALQAK
34769	KLGGALQAK
23829	KLGGALQAK
35845	KLGGALQAK
14979	RAKFKQLL
5419	ELAGIGILTV
24350	KLGGALQAK
24238	KLGGALQAK
167	ELAGIGILTV
28473	AVFDRKSDAK
30545	GILGFVFTL
35831	KLGGALQAK
34761	KLGGALQAK
34530	KLGGALQAK
33587	GILGFVFTL
34463	KLGGALQAK
2449	KLGGALQAK
34730	KLGGALQAK
36232	KLGGALQAK
34071	KLGGALQAK
5429	ELAGIGILTV
35344	KLGGALQAK
25006	IVTDFSVIK
32297	GILGFVFTL
35574	KLGGALQAK
35298	KLGGALQAK
35916	KLGGALQAK
15302	AVFDRKSDAK
116	KLGGALQAK
35993	KLGGALQAK
34121	KLGGALQAK
32401	GILGFVFTL
7083	GILGFVFTL
34459	KLGGALQAK
34533	KLGGALQAK
26703	RAKFKQLL
128	KLGGALQAK
5525	ELAGIGILTV
18095	RAKFKQLL
25104	KLGGALQAK
5020	KLGGALQAK
26044	KLGGALQAK
28738	KLGGALQAK
34512	KLGGALQAK
34430	KLGGALQAK
23663	RAKFKQLL
35213	KLGGALQAK
14334	GILGFVFTL
2511	RAKFKQLL
34406	KLGGALQAK
35967	GILGFVFTL
35560	AVFDRKSDAK
35861	KLGGALQAK
28714	KLGGALQAK
35445	KLGGALQAK
2246	IVTDFSVIK
31941	GILGFVFTL
36194	KLGGALQAK
4926	KLGGALQAK
7174	GILGFVFTL
28835	KLGGALQAK
35294	KLGGALQAK
35304	KLGGALQAK
35592	KLGGALQAK
33908	KLGGALQAK
24297	RAKFKQLL
34214	KLGGALQAK
34520	KLGGALQAK
34458	KLGGALQAK
35411	KLGGALQAK
35376	KLGGALQAK
14852	RAKFKQLL
34798	KLGGALQAK
29941	GILGFVFTL
34084	KLGGALQAK
35018	KLGGALQAK
5466	RAKFKQLL
14263	KLGGALQAK
35163	KLGGALQAK
32635	GILGFVFTL
27758	RAKFKQLL
35228	KLGGALQAK
2229	ELAGIGILTV
254	KLGGALQAK
24588	RAKFKQLL
14633	KLGGALQAK
25852	KLGGALQAK
26261	GILGFVFTL
28595	KLGGALQAK
35604	KLGGALQAK
26032	KLGGALQAK
5546	ELAGIGILTV
35478	KLGGALQAK
16960	RAKFKQLL
23823	KLGGALQAK
5097	KLGGALQAK
35149	KLGGALQAK
30386	GILGFVFTL
34277	KLGGALQAK
35161	KLGGALQAK
2262	GILGFVFTL
22315	KLGGALQAK
5644	GILGFVFTL
34101	KLGGALQAK
34350	KLGGALQAK
25385	RAKFKQLL
28680	KLGGALQAK
5402	ELAGIGILTV
30502	GILGFVFTL
5547	GILGFVFTL
28958	KLGGALQAK
27875	RAKFKQLL
6839	GILGFVFTL
34366	KLGGALQAK
34039	KLGGALQAK
11138	RAKFKQLL
5126	RAKFKQLL
18092	ELAGIGILTV
23238	KLGGALQAK
14251	RAKFKQLL
35407	KLGGALQAK
8647	RAKFKQLL
24317	KLGGALQAK
22990	KLGGALQAK
35094	KLGGALQAK
25082	KLGGALQAK
26015	KLGGALQAK
35816	KLGGALQAK
5426	KLGGALQAK
263	KLGGALQAK
25080	KLGGALQAK
636	KLGGALQAK
35084	KLGGALQAK
3521	IVTDFSVIK
34541	KLGGALQAK
30422	GILGFVFTL
66	GILGFVFTL
23120	KLGGALQAK
24357	KLGGALQAK
35929	KLGGALQAK
35864	KLGGALQAK
24347	GILGFVFTL
23007	RAKFKQLL
14272	RAKFKQLL
5062	GILGFVFTL
26012	RAKFKQLL
2377	KLGGALQAK
22001	RAKFKQLL
28583	KLGGALQAK
9609	RAKFKQLL
32755	GILGFVFTL
17956	KLGGALQAK
35190	KLGGALQAK
35258	KLGGALQAK
24709	KLGGALQAK
35895	KLGGALQAK
23853	KLGGALQAK
24309	KLGGALQAK
7204	GILGFVFTL
34826	KLGGALQAK
25450	RAKFKQLL
35458	KLGGALQAK
33986	KLGGALQAK
7979	RAKFKQLL
35368	KLGGALQAK
5104	KLGGALQAK
586	KLGGALQAK
5403	ELAGIGILTV
94	KLGGALQAK
24101	RAKFKQLL
643	KLGGALQAK
89	AVFDRKSDAK
5142	KLGGALQAK
28884	KLGGALQAK
36086	ELAGIGILTV
26055	KLGGALQAK
5438	ELAGIGILTV
31417	GILGFVFTL
34340	KLGGALQAK
35401	KLGGALQAK
24305	RAKFKQLL
35318	KLGGALQAK
8391	RAKFKQLL
2426	IVTDFSVIK
33506	GILGFVFTL
24985	KLGGALQAK
35231	KLGGALQAK
31434	GILGFVFTL
2334	GILGFVFTL
34805	KLGGALQAK
31066	GILGFVFTL
34183	KLGGALQAK
5508	ELAGIGILTV
34314	KLGGALQAK
35081	KLGGALQAK
34099	KLGGALQAK
34657	KLGGALQAK
2296	KLGGALQAK
22320	RAKFKQLL
13895	GILGFVFTL
14426	RAKFKQLL
25899	RAKFKQLL
23232	KLGGALQAK
18663	RAKFKQLL
5650	GILGFVFTL
34587	KLGGALQAK
25708	RAKFKQLL
133	GILGFVFTL
36176	KLGGALQAK
28409	AVFDRKSDAK
23818	RAKFKQLL
5290	KLGGALQAK
28722	KLGGALQAK
22330	RAKFKQLL
24308	ELAGIGILTV
5755	GILGFVFTL
10497	GILGFVFTL
26192	GLCTLVAML
35946	KLGGALQAK
35130	KLGGALQAK
7338	GILGFVFTL
5281	GLCTLVAML
31447	GILGFVFTL
113	RAKFKQLL
18231	AVFDRKSDAK
33556	GILGFVFTL
16265	RAKFKQLL
30982	GILGFVFTL
2269	KLGGALQAK
30130	GILGFVFTL
36316	KLGGALQAK
36063	IVTDFSVIK
5420	ELAGIGILTV
34700	KLGGALQAK
5453	KLGGALQAK
31887	GILGFVFTL
17966	KLGGALQAK
7164	GILGFVFTL
31002	GILGFVFTL
6094	GILGFVFTL
26152	KLGGALQAK
5190	GILGFVFTL
17090	RAKFKQLL
5527	ELAGIGILTV
15311	KLGGALQAK
31933	GILGFVFTL
35717	KLGGALQAK
5599	GILGFVFTL
5942	GILGFVFTL
34317	KLGGALQAK
33827	GILGFVFTL
1266	GILGFVFTL
36021	KLGGALQAK
5855	GILGFVFTL
2312	KLGGALQAK
6365	GILGFVFTL
7263	RAKFKQLL
5267	RAKFKQLL
628	GILGFVFTL
7076	GILGFVFTL
35607	KLGGALQAK
13977	RAKFKQLL
7339	GILGFVFTL
6227	GILGFVFTL
28625	GLCTLVAML
6306	GILGFVFTL
2241	ELAGIGILTV
32366	KLGGALQAK
35242	KLGGALQAK
34918	KLGGALQAK
35027	AVFDRKSDAK
5672	GILGFVFTL
34222	KLGGALQAK
34993	KLGGALQAK
25763	GILGFVFTL
19210	RAKFKQLL
10554	RAKFKQLL
31402	KLGGALQAK
34284	KLGGALQAK
36091	IVTDFSVIK
14401	RAKFKQLL
35770	KLGGALQAK
7996	RAKFKQLL
5454	ELAGIGILTV
34146	KLGGALQAK
35646	KLGGALQAK
35807	KLGGALQAK
26038	KLGGALQAK
36191	KLGGALQAK
26263	KLGGALQAK
24221	RAKFKQLL
26483	KLGGALQAK
22342	RAKFKQLL
34258	KLGGALQAK
34542	KLGGALQAK
201	RAKFKQLL
34496	KLGGALQAK
35087	KLGGALQAK
34016	KLGGALQAK
34627	KLGGALQAK
34624	KLGGALQAK
35631	KLGGALQAK
34142	KLGGALQAK
17036	KLGGALQAK
27733	RAKFKQLL
2470	GILGFVFTL
35166	KLGGALQAK
22993	KLGGALQAK
32420	GILGFVFTL
5648	GILGFVFTL
36824	IVTDFSVIK
35394	KLGGALQAK
6328	GILGFVFTL
224	KLGGALQAK
6305	GILGFVFTL
23903	RAKFKQLL
2304	KLGGALQAK
34816	KLGGALQAK
35840	GILGFVFTL
33571	GILGFVFTL
694	KLGGALQAK
7329	GILGFVFTL
8008	RAKFKQLL
35174	ELAGIGILTV
13825	RAKFKQLL
5801	GILGFVFTL
35179	KLGGALQAK
35326	KLGGALQAK
7231	KLGGALQAK
35982	KLGGALQAK
29012	GILGFVFTL
34253	KLGGALQAK
35569	KLGGALQAK
2384	ELAGIGILTV
35970	KLGGALQAK
2228	ELAGIGILTV
24316	KLGGALQAK
6319	GILGFVFTL
30088	GILGFVFTL
34745	KLGGALQAK
29020	GILGFVFTL
34534	KLGGALQAK
16067	RAKFKQLL
6568	KLGGALQAK
34681	KLGGALQAK
5513	KLGGALQAK
5431	KLGGALQAK
7882	RAKFKQLL
35973	KLGGALQAK
33483	GILGFVFTL
26260	KLGGALQAK
36013	KLGGALQAK
14851	KLGGALQAK
5803	GILGFVFTL
17009	GLCTLVAML
7262	RAKFKQLL
35024	KLGGALQAK
36123	KLGGALQAK
5447	KLGGALQAK
35921	KLGGALQAK
36309	IVTDFSVIK
17047	RAKFKQLL
25110	RAKFKQLL
28455	KLGGALQAK
5409	ELAGIGILTV
16957	RAKFKQLL
23824	KLGGALQAK
23000	RAKFKQLL
34862	KLGGALQAK
2330	ELAGIGILTV
2358	KLGGALQAK
36157	KLGGALQAK
35639	KLGGALQAK
35800	KLGGALQAK
34476	KLGGALQAK
28601	KLGGALQAK
34368	KLGGALQAK
597	GILGFVFTL
15324	KLGGALQAK
35551	KLGGALQAK
7281	GILGFVFTL
32831	GILGFVFTL
14945	KLGGALQAK
29923	GILGFVFTL
36113	KLGGALQAK
6099	GLCTLVAML
34157	KLGGALQAK
36122	KLGGALQAK
26523	KLGGALQAK
31367	GILGFVFTL
34308	KLGGALQAK
26493	GILGFVFTL
114	KLGGALQAK
34586	KLGGALQAK
34240	KLGGALQAK
7075	GILGFVFTL
30395	GILGFVFTL
26	KLGGALQAK
27063	RAKFKQLL
2271	KLGGALQAK
24977	KLGGALQAK
33823	GILGFVFTL
6241	GILGFVFTL
33453	GILGFVFTL
34907	KLGGALQAK
33502	GILGFVFTL
34027	KLGGALQAK
25808	RAKFKQLL
35712	KLGGALQAK
2366	KLGGALQAK
14680	RAKFKQLL
171	ELAGIGILTV
35983	IVTDFSVIK
670	ELAGIGILTV
36069	KLGGALQAK
35336	KLGGALQAK
7178	GILGFVFTL
32133	GILGFVFTL
7065	GILGFVFTL
34361	KLGGALQAK
35441	KLGGALQAK
35966	KLGGALQAK
4978	RAKFKQLL
38435	KLGGALQAK
34953	KLGGALQAK
5444	KLGGALQAK
5696	GILGFVFTL
16944	ELAGIGILTV
34949	KLGGALQAK
205	KLGGALQAK
4130	IVTDFSVIK
34806	KLGGALQAK
36018	KLGGALQAK
14323	RAKFKQLL
21712	RAKFKQLL
25908	RAKFKQLL
34991	KLGGALQAK
109	ELAGIGILTV
2775	IVTDFSVIK
2305	KLGGALQAK
34579	KLGGALQAK
26615	RAKFKQLL
15333	ELAGIGILTV
34425	KLGGALQAK
26492	GLCTLVAML
32667	GILGFVFTL
36008	KLGGALQAK
35085	KLGGALQAK
33814	GILGFVFTL
35217	KLGGALQAK
34073	KLGGALQAK
18058	KLGGALQAK
34154	KLGGALQAK
29955	GILGFVFTL
2336	KLGGALQAK
5458	KLGGALQAK
35011	KLGGALQAK
28703	RAKFKQLL
2365	KLGGALQAK
30890	GILGFVFTL
28857	AVFDRKSDAK
34287	KLGGALQAK
6098	GILGFVFTL
35289	KLGGALQAK
35004	KLGGALQAK
6347	GILGFVFTL
6367	GILGFVFTL
35001	KLGGALQAK
36104	KLGGALQAK
15289	RAKFKQLL
23218	ELAGIGILTV
35796	KLGGALQAK
33930	KLGGALQAK
23825	RAKFKQLL
25108	RAKFKQLL
2360	ELAGIGILTV
14847	RAKFKQLL
14255	KLGGALQAK
5528	KLGGALQAK
35715	KLGGALQAK
33530	GILGFVFTL
7233	ELAGIGILTV
35555	KLGGALQAK
36200	KLGGALQAK
35448	KLGGALQAK
34931	KLGGALQAK
24988	KLGGALQAK
6855	GILGFVFTL
28611	GILGFVFTL
36093	KLGGALQAK
5258	ELAGIGILTV
35134	KLGGALQAK
5251	GILGFVFTL
5050	RAKFKQLL
14850	RAKFKQLL
35644	KLGGALQAK
5034	KLGGALQAK
25924	GILGFVFTL
200	KLGGALQAK
20472	GILGFVFTL
34077	KLGGALQAK
24292	KLGGALQAK
23904	RAKFKQLL
35711	KLGGALQAK
2471	AVFDRKSDAK
18532	RAKFKQLL
30388	GILGFVFTL
34264	KLGGALQAK
280	KLGGALQAK
23630	RAKFKQLL
35668	KLGGALQAK
34591	KLGGALQAK
213	KLGGALQAK
22324	KLGGALQAK
33860	GILGFVFTL
5869	GILGFVFTL
14239	RAKFKQLL
222	RAKFKQLL
35397	KLGGALQAK
28717	GILGFVFTL
35035	KLGGALQAK
32253	GILGFVFTL
16175	RAKFKQLL
42	AVFDRKSDAK
34453	KLGGALQAK
34526	KLGGALQAK
2254	RAKFKQLL
25045	RAKFKQLL
36396	IVTDFSVIK
7074	GILGFVFTL
30438	GILGFVFTL
26559	RAKFKQLL
35828	KLGGALQAK
2411	KLGGALQAK
2567	GILGFVFTL
30562	GILGFVFTL
29	KLGGALQAK
34596	KLGGALQAK
5561	GILGFVFTL
26018	KLGGALQAK
26801	RAKFKQLL
5505	KLGGALQAK
34698	KLGGALQAK
36108	KLGGALQAK
30573	GILGFVFTL
34582	KLGGALQAK
37	GILGFVFTL
5380	ELAGIGILTV
27068	RAKFKQLL
5229	KLGGALQAK
35867	KLGGALQAK
34205	KLGGALQAK
34705	KLGGALQAK
25273	RAKFKQLL
35186	KLGGALQAK
14241	GILGFVFTL
13890	KLGGALQAK
23356	RAKFKQLL
2392	KLGGALQAK
526	IVTDFSVIK
34983	KLGGALQAK
35218	KLGGALQAK
29936	GILGFVFTL
35079	KLGGALQAK
25285	KLGGALQAK
24707	RAKFKQLL
35969	KLGGALQAK
33869	GILGFVFTL
35490	KLGGALQAK
30498	GILGFVFTL
14254	KLGGALQAK
30089	GILGFVFTL
16936	RAKFKQLL
35998	AVFDRKSDAK
3835	IVTDFSVIK
38432	KLGGALQAK
35774	KLGGALQAK
35654	KLGGALQAK
34059	KLGGALQAK
31492	GILGFVFTL
35029	KLGGALQAK
7253	KLGGALQAK
84	KLGGALQAK
34999	KLGGALQAK
34377	KLGGALQAK
36134	IVTDFSVIK
26546	KLGGALQAK
4950	AVFDRKSDAK
34979	KLGGALQAK
35145	KLGGALQAK
34734	KLGGALQAK
34460	KLGGALQAK
683	KLGGALQAK
7160	GILGFVFTL
50	RAKFKQLL
33386	GILGFVFTL
36295	KLGGALQAK
32709	GILGFVFTL
17955	GILGFVFTL
811	AVFDRKSDAK
146	IVTDFSVIK
5378	KLGGALQAK
34710	KLGGALQAK
35690	KLGGALQAK
31383	GILGFVFTL
36180	KLGGALQAK
34418	KLGGALQAK
35614	KLGGALQAK
34990	KLGGALQAK
35797	KLGGALQAK
35428	KLGGALQAK
4257	GILGFVFTL
33596	KLGGALQAK
7169	GILGFVFTL
28610	KLGGALQAK
26136	KLGGALQAK
35146	KLGGALQAK
15299	ELAGIGILTV
35893	KLGGALQAK
36132	ELAGIGILTV
35271	KLGGALQAK
28709	KLGGALQAK
35590	KLGGALQAK
704	KLGGALQAK
15985	KLGGALQAK
4029	IVTDFSVIK
35193	KLGGALQAK
35067	KLGGALQAK
29859	GILGFVFTL
34632	KLGGALQAK
25443	RAKFKQLL
33923	KLGGALQAK
35463	KLGGALQAK
35661	KLGGALQAK
25272	KLGGALQAK
29930	GILGFVFTL
34962	KLGGALQAK
11413	RAKFKQLL
35093	KLGGALQAK
20245	RAKFKQLL
30611	GILGFVFTL
15332	KLGGALQAK
13891	RAKFKQLL
2359	ELAGIGILTV
34343	KLGGALQAK
31973	GILGFVFTL
36294	KLGGALQAK
23839	RAKFKQLL
2195	AVFDRKSDAK
2415	KLGGALQAK
26504	KLGGALQAK
7624	GILGFVFTL
7367	RAKFKQLL
35809	KLGGALQAK
34189	KLGGALQAK
35810	KLGGALQAK
21756	RAKFKQLL
6558	GILGFVFTL
28465	KLGGALQAK
34475	KLGGALQAK
35216	KLGGALQAK
2253	IVTDFSVIK
32604	GILGFVFTL
27083	KLGGALQAK
34500	KLGGALQAK
34037	KLGGALQAK
35124	KLGGALQAK
2372	ELAGIGILTV
34779	KLGGALQAK
34316	KLGGALQAK
35363	KLGGALQAK
36324	KLGGALQAK
36250	KLGGALQAK
33509	GILGFVFTL
35451	KLGGALQAK
36082	KLGGALQAK
6707	GILGFVFTL
36000	KLGGALQAK
17999	RAKFKQLL
26147	RAKFKQLL
24715	RAKFKQLL
30492	GILGFVFTL
5959	GILGFVFTL
16940	GLCTLVAML
34824	KLGGALQAK
28683	KLGGALQAK
34932	KLGGALQAK
34153	KLGGALQAK
23899	RAKFKQLL
2333	ELAGIGILTV
36214	KLGGALQAK
2339	AVFDRKSDAK
17895	GLCTLVAML
28870	KLGGALQAK
5814	GILGFVFTL
2318	KLGGALQAK
35786	KLGGALQAK
20783	RAKFKQLL
35620	KLGGALQAK
172	KLGGALQAK
5521	ELAGIGILTV
35913	KLGGALQAK
36066	KLGGALQAK
25812	RAKFKQLL
19220	RAKFKQLL
11815	AVFDRKSDAK
2275	KLGGALQAK
83	RAKFKQLL
34922	KLGGALQAK
34988	KLGGALQAK
23376	RAKFKQLL
36056	KLGGALQAK
35914	KLGGALQAK
25282	KLGGALQAK
34403	KLGGALQAK
34392	KLGGALQAK
17869	KLGGALQAK
8104	RAKFKQLL
35255	KLGGALQAK
4977	IVTDFSVIK
36084	AVFDRKSDAK
34132	KLGGALQAK
11154	RAKFKQLL
15345	AVFDRKSDAK
17063	RAKFKQLL
6234	GILGFVFTL
5064	RAKFKQLL
5073	KLGGALQAK
121	ELAGIGILTV
26140	KLGGALQAK
2564	RAKFKQLL
8	KLGGALQAK
14860	RAKFKQLL
34353	KLGGALQAK
5023	GILGFVFTL
6237	GILGFVFTL
23025	KLGGALQAK
72	AVFDRKSDAK
34994	KLGGALQAK
35121	KLGGALQAK
27286	RAKFKQLL
28834	KLGGALQAK
15871	RAKFKQLL
8581	RAKFKQLL
5533	ELAGIGILTV
35558	KLGGALQAK
7327	KLGGALQAK
28719	RAKFKQLL
31651	GILGFVFTL
2502	ELAGIGILTV
5564	GILGFVFTL
34180	KLGGALQAK
28307	RAKFKQLL
34479	KLGGALQAK
6691	GILGFVFTL
5249	KLGGALQAK
129	GILGFVFTL
32323	GILGFVFTL
35237	KLGGALQAK
14624	RAKFKQLL
33598	GILGFVFTL
17967	KLGGALQAK
34947	KLGGALQAK
26048	GILGFVFTL
31462	GILGFVFTL
34227	KLGGALQAK
16526	RAKFKQLL
33899	KLGGALQAK
17998	KLGGALQAK
23848	KLGGALQAK
5620	GILGFVFTL
35008	KLGGALQAK
6362	GILGFVFTL
35030	KLGGALQAK
2469	KLGGALQAK
5243	AVFDRKSDAK
5602	GILGFVFTL
5321	IVTDFSVIK
28826	GILGFVFTL
26229	GLCTLVAML
24290	GLCTLVAML
29893	GILGFVFTL
26516	GILGFVFTL
35940	KLGGALQAK
5375	AVFDRKSDAK
34955	KLGGALQAK
23001	KLGGALQAK
35158	KLGGALQAK
36263	IVTDFSVIK
148	KLGGALQAK
34096	ELAGIGILTV
2566	KLGGALQAK
35453	KLGGALQAK
16962	RAKFKQLL
5232	KLGGALQAK
34554	KLGGALQAK
31624	GILGFVFTL
25079	KLGGALQAK
28840	GILGFVFTL
34443	KLGGALQAK
7	GILGFVFTL
2477	AVFDRKSDAK
24995	KLGGALQAK
7675	RAKFKQLL
11795	RAKFKQLL
17965	AVFDRKSDAK
35580	KLGGALQAK
30410	GILGFVFTL
35691	KLGGALQAK
35616	KLGGALQAK
2239	KLGGALQAK
27060	KLGGALQAK
35017	KLGGALQAK
14318	KLGGALQAK
34608	KLGGALQAK
513	IVTDFSVIK
6335	GILGFVFTL
36254	AVFDRKSDAK
24998	RAKFKQLL
35356	KLGGALQAK
28572	GILGFVFTL
6946	GILGFVFTL
2387	KLGGALQAK
24336	KLGGALQAK
17861	KLGGALQAK
142	KLGGALQAK
34770	KLGGALQAK
1168	AVFDRKSDAK
27923	RAKFKQLL
35697	KLGGALQAK
28955	KLGGALQAK
30475	GILGFVFTL
36154	KLGGALQAK
34975	KLGGALQAK
23234	KLGGALQAK
14746	RAKFKQLL
34047	KLGGALQAK
178	KLGGALQAK
2301	ELAGIGILTV
18039	AVFDRKSDAK
28400	RAKFKQLL
34483	KLGGALQAK
35672	KLGGALQAK
8188	GILGFVFTL
30493	GILGFVFTL
26537	GLCTLVAML
23973	RAKFKQLL
35431	KLGGALQAK
33840	GILGFVFTL
32285	GILGFVFTL
35077	KLGGALQAK
24682	KLGGALQAK
21590	RAKFKQLL
708	KLGGALQAK
34661	KLGGALQAK
679	KLGGALQAK
23813	RAKFKQLL
26014	KLGGALQAK
34829	KLGGALQAK
4956	GILGFVFTL
28684	KLGGALQAK
10357	RAKFKQLL
2335	GILGFVFTL
33520	GILGFVFTL
2287	KLGGALQAK
640	AVFDRKSDAK
5464	IVTDFSVIK
28935	GILGFVFTL
2755	IVTDFSVIK
34393	KLGGALQAK
5441	KLGGALQAK
7172	KLGGALQAK
34066	KLGGALQAK
31932	GILGFVFTL
28418	KLGGALQAK
34015	KLGGALQAK
2132	AVFDRKSDAK
33472	GILGFVFTL
35876	KLGGALQAK
35436	KLGGALQAK
22323	RAKFKQLL
34431	KLGGALQAK
5879	GILGFVFTL
14335	KLGGALQAK
36133	IVTDFSVIK
4968	KLGGALQAK
34126	KLGGALQAK
33388	GILGFVFTL
32519	GILGFVFTL
2532	KLGGALQAK
34517	KLGGALQAK
36061	KLGGALQAK
107	KLGGALQAK
5156	IVTDFSVIK
4958	KLGGALQAK
34872	KLGGALQAK
35971	KLGGALQAK
2520	KLGGALQAK
35937	KLGGALQAK
28372	KLGGALQAK
35325	KLGGALQAK
36327	KLGGALQAK
34839	KLGGALQAK
34560	KLGGALQAK
34348	KLGGALQAK
25698	KLGGALQAK
30425	GILGFVFTL
35284	KLGGALQAK
24944	GLCTLVAML
31399	GILGFVFTL
21370	RAKFKQLL
35153	KLGGALQAK
31627	GILGFVFTL
34064	KLGGALQAK
24697	KLGGALQAK
36156	KLGGALQAK
23023	KLGGALQAK
34216	KLGGALQAK
257	KLGGALQAK
36925	IVTDFSVIK
34062	KLGGALQAK
35019	KLGGALQAK
25447	RAKFKQLL
36017	KLGGALQAK
36111	KLGGALQAK
15308	GILGFVFTL
34883	KLGGALQAK
32304	GILGFVFTL
34776	KLGGALQAK
13455	GILGFVFTL
33490	GILGFVFTL
14620	RAKFKQLL
7369	RAKFKQLL
5054	KLGGALQAK
13207	RAKFKQLL
31551	GILGFVFTL
6262	GILGFVFTL
18063	RAKFKQLL
36098	IVTDFSVIK
34511	KLGGALQAK
33890	GILGFVFTL
243	GILGFVFTL
2518	KLGGALQAK
35780	KLGGALQAK
6248	GILGFVFTL
24361	RAKFKQLL
5392	GILGFVFTL
14623	RAKFKQLL
34777	KLGGALQAK
34035	KLGGALQAK
29932	GILGFVFTL
6360	IVTDFSVIK
2342	ELAGIGILTV
34785	KLGGALQAK
31373	GILGFVFTL
28863	KLGGALQAK
23994	RAKFKQLL
23901	KLGGALQAK
17880	RAKFKQLL
260	KLGGALQAK
35269	KLGGALQAK
26190	GLCTLVAML
29472	GILGFVFTL
35400	KLGGALQAK
35669	KLGGALQAK
31664	GILGFVFTL
17005	GLCTLVAML
35151	KLGGALQAK
145	RAKFKQLL
28301	KLGGALQAK
139	GILGFVFTL
26494	KLGGALQAK
38422	KLGGALQAK
7310	GILGFVFTL
33528	GILGFVFTL
35449	KLGGALQAK
34133	KLGGALQAK
35756	KLGGALQAK
14644	KLGGALQAK
2534	IVTDFSVIK
28445	GILGFVFTL
253	IVTDFSVIK
33554	GILGFVFTL
30991	GILGFVFTL
9820	RAKFKQLL
33289	GILGFVFTL
2401	KLGGALQAK
35723	KLGGALQAK
34729	KLGGALQAK
11482	RAKFKQLL
36199	IVTDFSVIK
24635	RAKFKQLL
2533	RAKFKQLL
13986	RAKFKQLL
23212	IVTDFSVIK
19	KLGGALQAK
34208	KLGGALQAK
24788	KLGGALQAK
34689	KLGGALQAK
6093	GILGFVFTL
34219	KLGGALQAK
2373	KLGGALQAK
36285	KLGGALQAK
16939	GLCTLVAML
35984	KLGGALQAK
41	AVFDRKSDAK
6357	GILGFVFTL
25069	KLGGALQAK
20584	RAKFKQLL
33993	KLGGALQAK
30575	GILGFVFTL
34281	KLGGALQAK
2390	GILGFVFTL
34781	KLGGALQAK
5563	GILGFVFTL
760	AVFDRKSDAK
25912	KLGGALQAK
35731	KLGGALQAK
88	KLGGALQAK
28880	GILGFVFTL
14955	RAKFKQLL
7687	RAKFKQLL
34079	KLGGALQAK
35167	KLGGALQAK
28711	KLGGALQAK
25392	RAKFKQLL
18064	GLCTLVAML
28851	RAKFKQLL
35583	KLGGALQAK
174	ELAGIGILTV
658	AVFDRKSDAK
35334	KLGGALQAK
5127	KLGGALQAK
11	KLGGALQAK
13931	GILGFVFTL
7254	KLGGALQAK
34638	KLGGALQAK
35586	KLGGALQAK
38421	KLGGALQAK
13821	RAKFKQLL
34687	KLGGALQAK
35447	KLGGALQAK
5524	KLGGALQAK
3038	IVTDFSVIK
35693	KLGGALQAK
32609	GILGFVFTL
35727	KLGGALQAK
36881	IVTDFSVIK
30409	GILGFVFTL
197	KLGGALQAK
10548	RAKFKQLL
5091	KLGGALQAK
26138	KLGGALQAK
35573	KLGGALQAK
2475	GILGFVFTL
32332	GILGFVFTL
17298	GLCTLVAML
4322	IVTDFSVIK
24840	GLCTLVAML
14187	KLGGALQAK
36256	KLGGALQAK
27098	RAKFKQLL
34874	KLGGALQAK
34206	KLGGALQAK
26471	GILGFVFTL
8107	RAKFKQLL
32883	GILGFVFTL
27088	RAKFKQLL
5226	RAKFKQLL
2404	KLGGALQAK
31074	GILGFVFTL
36158	KLGGALQAK
34045	KLGGALQAK
23210	KLGGALQAK
7442	RAKFKQLL
91	KLGGALQAK
28883	RAKFKQLL
35884	KLGGALQAK
14316	RAKFKQLL
532	IVTDFSVIK
26490	RAKFKQLL
23833	KLGGALQAK
34078	KLGGALQAK
25806	RAKFKQLL
28727	KLGGALQAK
6598	GILGFVFTL
34094	KLGGALQAK
35870	KLGGALQAK
34145	KLGGALQAK
36284	IVTDFSVIK
32414	GILGFVFTL
2313	KLGGALQAK
2467	KLGGALQAK
31972	GILGFVFTL
17180	GLCTLVAML
2574	KLGGALQAK
24338	RAKFKQLL
35605	KLGGALQAK
5176	AVFDRKSDAK
36004	AVFDRKSDAK
35811	KLGGALQAK
2233	RAKFKQLL
31405	GILGFVFTL
13910	RAKFKQLL
35880	KLGGALQAK
24987	KLGGALQAK
32523	GILGFVFTL
34916	KLGGALQAK
10943	RAKFKQLL
16934	RAKFKQLL
25005	IVTDFSVIK
27964	GLCTLVAML
29771	RAKFKQLL
7089	KLGGALQAK
20507	RAKFKQLL
2226	RAKFKQLL
35833	KLGGALQAK
7356	RAKFKQLL
17860	GLCTLVAML
36177	KLGGALQAK
33898	KLGGALQAK
22114	RAKFKQLL
35733	KLGGALQAK
35482	KLGGALQAK
265	GILGFVFTL
35917	KLGGALQAK
24	GILGFVFTL
35273	KLGGALQAK
25455	KLGGALQAK
2282	RAKFKQLL
34356	KLGGALQAK
35829	KLGGALQAK
5280	GILGFVFTL
2393	ELAGIGILTV
32631	GILGFVFTL
33116	GILGFVFTL
36280	KLGGALQAK
34484	KLGGALQAK
5592	GILGFVFTL
35083	KLGGALQAK
26499	KLGGALQAK
25800	KLGGALQAK
2562	KLGGALQAK
34747	KLGGALQAK
16542	RAKFKQLL
31652	GILGFVFTL
281	KLGGALQAK
30436	GILGFVFTL
31885	GILGFVFTL
35931	KLGGALQAK
34721	KLGGALQAK
24684	GILGFVFTL
35784	KLGGALQAK
2402	KLGGALQAK
36099	KLGGALQAK
34550	KLGGALQAK
7060	GILGFVFTL
13976	RAKFKQLL
90	KLGGALQAK
35424	KLGGALQAK
23014	KLGGALQAK
34773	KLGGALQAK
33597	RAKFKQLL
35076	KLGGALQAK
24353	RAKFKQLL
4938	KLGGALQAK
27843	RAKFKQLL
34351	KLGGALQAK
32195	GILGFVFTL
37320	IVTDFSVIK
32592	GILGFVFTL
31359	GILGFVFTL
16981	KLGGALQAK
12620	RAKFKQLL
34355	KLGGALQAK
35562	KLGGALQAK
34614	KLGGALQAK
31384	GILGFVFTL
3099	IVTDFSVIK
34929	KLGGALQAK
28375	RAKFKQLL
35594	KLGGALQAK
23017	IVTDFSVIK
23028	KLGGALQAK
31378	GILGFVFTL
36181	KLGGALQAK
4879	IVTDFSVIK
35439	KLGGALQAK
5511	KLGGALQAK
34472	KLGGALQAK
14630	RAKFKQLL
2506	KLGGALQAK
4982	KLGGALQAK
28712	RAKFKQLL
5285	KLGGALQAK
34703	KLGGALQAK
7059	GILGFVFTL
6255	GILGFVFTL
35871	KLGGALQAK
35062	KLGGALQAK
5984	GILGFVFTL
11890	RAKFKQLL
36244	AVFDRKSDAK
35826	KLGGALQAK
2423	ELAGIGILTV
35395	KLGGALQAK
23214	KLGGALQAK
35021	KLGGALQAK
36025	KLGGALQAK
21860	RAKFKQLL
34959	KLGGALQAK
32337	GILGFVFTL
34297	KLGGALQAK
3198	IVTDFSVIK
35959	KLGGALQAK
25296	KLGGALQAK
34175	KLGGALQAK
3101	IVTDFSVIK
97	KLGGALQAK
7265	GLCTLVAML
35069	KLGGALQAK
35185	KLGGALQAK
32538	GILGFVFTL
35413	KLGGALQAK
34119	KLGGALQAK
35223	KLGGALQAK
18350	RAKFKQLL
5058	KLGGALQAK
2248	IVTDFSVIK
34868	KLGGALQAK
30706	GILGFVFTL
34272	KLGGALQAK
24685	GLCTLVAML
34221	KLGGALQAK
35403	KLGGALQAK
35202	KLGGALQAK
25699	GILGFVFTL
36105	KLGGALQAK
35221	KLGGALQAK
35468	KLGGALQAK
28446	KLGGALQAK
35747	KLGGALQAK
23890	KLGGALQAK
36109	KLGGALQAK
29947	GILGFVFTL
34901	KLGGALQAK
34928	KLGGALQAK
2503	ELAGIGILTV
13926	RAKFKQLL
29600	GILGFVFTL
30405	GILGFVFTL
35754	KLGGALQAK
35399	KLGGALQAK
33529	GILGFVFTL
28845	GILGFVFTL
18073	AVFDRKSDAK
35355	KLGGALQAK
23124	KLGGALQAK
35673	KLGGALQAK
35901	KLGGALQAK
35623	KLGGALQAK
34228	KLGGALQAK
25815	RAKFKQLL
35214	KLGGALQAK
24307	GILGFVFTL
25111	GILGFVFTL
33929	ELAGIGILTV
15756	RAKFKQLL
7322	GILGFVFTL
31943	GILGFVFTL
34455	ELAGIGILTV
5228	GILGFVFTL
5774	GILGFVFTL
4046	IVTDFSVIK
5646	GILGFVFTL
23843	KLGGALQAK
34974	KLGGALQAK
34562	KLGGALQAK
262	RAKFKQLL
8896	RAKFKQLL
25921	RAKFKQLL
35660	KLGGALQAK
35275	KLGGALQAK
31628	GILGFVFTL
15184	RAKFKQLL
31882	GILGFVFTL
30412	GILGFVFTL
25068	KLGGALQAK
24820	RAKFKQLL
2242	ELAGIGILTV
27947	GLCTLVAML
5537	KLGGALQAK
2416	IVTDFSVIK
33591	GILGFVFTL
25294	KLGGALQAK
34225	KLGGALQAK
4929	KLGGALQAK
35744	KLGGALQAK
18103	GILGFVFTL
31880	GILGFVFTL
24803	GILGFVFTL
35702	KLGGALQAK
18701	RAKFKQLL
35606	KLGGALQAK
28593	KLGGALQAK
33555	GILGFVFTL
34492	KLGGALQAK
34965	KLGGALQAK
34301	KLGGALQAK
25075	GLCTLVAML
2386	KLGGALQAK
649	KLGGALQAK
24219	RAKFKQLL
34341	AVFDRKSDAK
31404	GILGFVFTL
36300	KLGGALQAK
642	IVTDFSVIK
35135	IVTDFSVIK
35549	KLGGALQAK
5408	ELAGIGILTV
34933	KLGGALQAK
6548	KLGGALQAK
23822	RAKFKQLL
34934	KLGGALQAK
6544	ELAGIGILTV
7685	RAKFKQLL
35630	KLGGALQAK
285	IVTDFSVIK
28246	RAKFKQLL
7694	RAKFKQLL
35735	ELAGIGILTV
5488	KLGGALQAK
5417	KLGGALQAK
4984	KLGGALQAK
33841	GILGFVFTL
36103	IVTDFSVIK
34299	KLGGALQAK
5043	KLGGALQAK
34055	KLGGALQAK
33994	KLGGALQAK
33903	KLGGALQAK
2361	KLGGALQAK
36288	KLGGALQAK
28574	KLGGALQAK
36273	IVTDFSVIK
34387	KLGGALQAK
5514	ELAGIGILTV
34120	KLGGALQAK
6334	KLGGALQAK
18695	RAKFKQLL
35678	KLGGALQAK
34620	KLGGALQAK
6348	GILGFVFTL
25395	RAKFKQLL
30923	GILGFVFTL
34884	KLGGALQAK
869	AVFDRKSDAK
7243	IVTDFSVIK
695	KLGGALQAK
34102	ELAGIGILTV
7659	GILGFVFTL
5177	KLGGALQAK
13887	RAKFKQLL
17891	GILGFVFTL
23217	KLGGALQAK
14946	RAKFKQLL
2362	KLGGALQAK
35144	KLGGALQAK
207	RAKFKQLL
35805	KLGGALQAK
35102	KLGGALQAK
15315	GLCTLVAML
13059	RAKFKQLL
6569	KLGGALQAK
34547	KLGGALQAK
35595	KLGGALQAK
36059	KLGGALQAK
34972	KLGGALQAK
35922	KLGGALQAK
6797	GILGFVFTL
34344	KLGGALQAK
30494	GILGFVFTL
34229	KLGGALQAK
36075	KLGGALQAK
29776	GILGFVFTL
23852	KLGGALQAK
25112	GILGFVFTL
35064	KLGGALQAK
8079	RAKFKQLL
7316	GILGFVFTL
7061	GILGFVFTL
31476	GILGFVFTL
14075	RAKFKQLL
35851	KLGGALQAK
30441	GILGFVFTL
35910	KLGGALQAK
25270	RAKFKQLL
34713	KLGGALQAK
28831	GILGFVFTL
35581	AVFDRKSDAK
2578	IVTDFSVIK
14347	RAKFKQLL
34831	KLGGALQAK
5472	KLGGALQAK
34722	KLGGALQAK
18105	RAKFKQLL
24504	RAKFKQLL
26259	KLGGALQAK
2251	RAKFKQLL
5099	KLGGALQAK
32331	IVTDFSVIK
35862	KLGGALQAK
18333	RAKFKQLL
35589	KLGGALQAK
35437	KLGGALQAK
28284	RAKFKQLL
11985	RAKFKQLL
57	RAKFKQLL
36247	KLGGALQAK
24695	KLGGALQAK
29708	GILGFVFTL
15034	RAKFKQLL
33894	GILGFVFTL
36207	IVTDFSVIK
34031	KLGGALQAK
2247	KLGGALQAK
16007	ELAGIGILTV
25089	GLCTLVAML
7701	RAKFKQLL
25	GILGFVFTL
5266	GILGFVFTL
35127	KLGGALQAK
35175	KLGGALQAK
35681	KLGGALQAK
36088	IVTDFSVIK
5377	ELAGIGILTV
23375	RAKFKQLL
25799	RAKFKQLL
33868	GILGFVFTL
36101	KLGGALQAK
35270	KLGGALQAK
35361	KLGGALQAK
34070	KLGGALQAK
26019	GILGFVFTL
7315	GILGFVFTL
13988	RAKFKQLL
33847	GILGFVFTL
34312	KLGGALQAK
35262	KLGGALQAK
35865	KLGGALQAK
33901	KLGGALQAK
5507	ELAGIGILTV
7371	GILGFVFTL
36044	KLGGALQAK
28452	KLGGALQAK
5320	KLGGALQAK
15325	KLGGALQAK
22998	RAKFKQLL
25382	GLCTLVAML
6230	GILGFVFTL
34724	KLGGALQAK
27302	RAKFKQLL
24598	RAKFKQLL
25890	GILGFVFTL
33599	RAKFKQLL
17997	KLGGALQAK
35804	KLGGALQAK
35827	KLGGALQAK
5129	ELAGIGILTV
35059	KLGGALQAK
17003	GLCTLVAML
35839	KLGGALQAK
6602	GILGFVFTL
2298	IVTDFSVIK
35513	KLGGALQAK
23211	KLGGALQAK
5591	GILGFVFTL
226	GILGFVFTL
35676	KLGGALQAK
35097	KLGGALQAK
35963	KLGGALQAK
24374	RAKFKQLL
32525	GILGFVFTL
5256	KLGGALQAK
25390	RAKFKQLL
5434	ELAGIGILTV
36152	KLGGALQAK
5541	AVFDRKSDAK
34249	KLGGALQAK
14315	RAKFKQLL
3846	IVTDFSVIK
35467	KLGGALQAK
7666	RAKFKQLL
28300	RAKFKQLL
7235	KLGGALQAK
6687	GILGFVFTL
35196	KLGGALQAK
34050	KLGGALQAK
34712	KLGGALQAK
32555	GILGFVFTL
32399	GILGFVFTL
25007	IVTDFSVIK
37236	IVTDFSVIK
23013	KLGGALQAK
4979	KLGGALQAK
5598	GILGFVFTL
31924	GILGFVFTL
25696	RAKFKQLL
32675	GILGFVFTL
18240	RAKFKQLL
644	KLGGALQAK
36054	ELAGIGILTV
5263	KLGGALQAK
34263	KLGGALQAK
183	ELAGIGILTV
5178	RAKFKQLL
219	KLGGALQAK
29830	GILGFVFTL
18086	KLGGALQAK
35999	KLGGALQAK
31	KLGGALQAK
36189	KLGGALQAK
624	KLGGALQAK
23	KLGGALQAK
2340	KLGGALQAK
28589	KLGGALQAK
35243	KLGGALQAK
15702	RAKFKQLL
17511	GILGFVFTL
25451	RAKFKQLL
34022	KLGGALQAK
23834	KLGGALQAK
17867	KLGGALQAK
5259	ELAGIGILTV
8273	GILGFVFTL
34732	KLGGALQAK
35836	KLGGALQAK
26407	GLCTLVAML
36005	KLGGALQAK
35033	KLGGALQAK
2315	IVTDFSVIK
14528	RAKFKQLL
150	ELAGIGILTV
7197	GILGFVFTL
35541	KLGGALQAK
15384	RAKFKQLL
35975	KLGGALQAK
5486	KLGGALQAK
34282	KLGGALQAK
14190	RAKFKQLL
28828	RAKFKQLL
2457	KLGGALQAK
35968	KLGGALQAK
16148	RAKFKQLL
25004	IVTDFSVIK
29357	GILGFVFTL
23478	RAKFKQLL
35142	AVFDRKSDAK
34075	KLGGALQAK
35427	KLGGALQAK
34952	KLGGALQAK
35749	KLGGALQAK
36201	KLGGALQAK
5491	KLGGALQAK
17881	KLGGALQAK
35358	KLGGALQAK
28584	AVFDRKSDAK
34760	KLGGALQAK
6355	GILGFVFTL
369	KLGGALQAK
36287	KLGGALQAK
35357	KLGGALQAK
31362	GILGFVFTL
2530	KLGGALQAK
28450	KLGGALQAK
34303	KLGGALQAK
5949	GILGFVFTL
36183	AVFDRKSDAK
35550	KLGGALQAK
2559	IVTDFSVIK
5496	ELAGIGILTV
34481	KLGGALQAK
12502	RAKFKQLL
25920	GILGFVFTL
36236	IVTDFSVIK
35792	KLGGALQAK
16699	RAKFKQLL
31970	GILGFVFTL
34413	KLGGALQAK
5614	GILGFVFTL
5255	RAKFKQLL
34810	AVFDRKSDAK
34921	KLGGALQAK
119	ELAGIGILTV
25268	KLGGALQAK
35382	KLGGALQAK
5078	AVFDRKSDAK
34289	KLGGALQAK
34235	KLGGALQAK
23964	RAKFKQLL
35650	KLGGALQAK
16650	RAKFKQLL
28410	RAKFKQLL
36058	GLCTLVAML
7063	GILGFVFTL
36140	KLGGALQAK
2406	KLGGALQAK
28451	KLGGALQAK
36178	KLGGALQAK
117	IVTDFSVIK
76	RAKFKQLL
9	ELAGIGILTV
16982	RAKFKQLL
24714	KLGGALQAK
35846	KLGGALQAK
23019	KLGGALQAK
682	ELAGIGILTV
32526	GILGFVFTL
34833	KLGGALQAK
25021	RAKFKQLL
32884	GILGFVFTL
32391	GILGFVFTL
34011	KLGGALQAK
22989	KLGGALQAK
156	GILGFVFTL
18104	KLGGALQAK
6078	GILGFVFTL
34292	KLGGALQAK
28408	RAKFKQLL
34026	KLGGALQAK
24636	KLGGALQAK
28373	IVTDFSVIK
25452	KLGGALQAK
35713	KLGGALQAK
5040	KLGGALQAK
35197	KLGGALQAK
35296	KLGGALQAK
34960	KLGGALQAK
30524	GILGFVFTL
35103	ELAGIGILTV
33589	GILGFVFTL
4192	IVTDFSVIK
34845	KLGGALQAK
13152	RAKFKQLL
7355	RAKFKQLL
5076	KLGGALQAK
5155	KLGGALQAK
4648	IVTDFSVIK
25926	GILGFVFTL
31655	GILGFVFTL
31852	GILGFVFTL
35332	KLGGALQAK
5107	GILGFVFTL
7969	RAKFKQLL
3041	IVTDFSVIK
27814	RAKFKQLL
13989	RAKFKQLL
14567	RAKFKQLL
112	KLGGALQAK
28457	GILGFVFTL
28735	GILGFVFTL
15573	RAKFKQLL
28468	RAKFKQLL
35858	KLGGALQAK
35762	KLGGALQAK
31493	GILGFVFTL
34686	KLGGALQAK
31018	GILGFVFTL
22322	KLGGALQAK
34943	KLGGALQAK
29929	GILGFVFTL
4975	ELAGIGILTV
18108	GILGFVFTL
21422	RAKFKQLL
35782	KLGGALQAK
28444	KLGGALQAK
31892	GILGFVFTL
26515	IVTDFSVIK
26146	KLGGALQAK
35233	KLGGALQAK
25218	KLGGALQAK
35454	KLGGALQAK
34834	KLGGALQAK
34720	KLGGALQAK
34367	KLGGALQAK
6848	GILGFVFTL
18341	RAKFKQLL
34876	KLGGALQAK
35943	KLGGALQAK
5654	GILGFVFTL
2413	IVTDFSVIK
223	AVFDRKSDAK
35406	KLGGALQAK
28573	ELAGIGILTV
5219	KLGGALQAK
35104	KLGGALQAK
25283	RAKFKQLL
24716	RAKFKQLL
33852	GILGFVFTL
17976	KLGGALQAK
35909	KLGGALQAK
8616	RAKFKQLL
34127	KLGGALQAK
34814	KLGGALQAK
2448	ELAGIGILTV
13978	RAKFKQLL
8178	RAKFKQLL
5049	RAKFKQLL
5707	GILGFVFTL
7286	GILGFVFTL
36155	IVTDFSVIK
24041	RAKFKQLL
23906	KLGGALQAK
31635	GILGFVFTL
35314	KLGGALQAK
34684	KLGGALQAK
26257	KLGGALQAK
34197	KLGGALQAK
34279	AVFDRKSDAK
32341	GILGFVFTL
35068	KLGGALQAK
2561	KLGGALQAK
34410	KLGGALQAK
26548	KLGGALQAK
138	GILGFVFTL
18069	RAKFKQLL
28704	RAKFKQLL
34866	KLGGALQAK
28411	RAKFKQLL
5250	RAKFKQLL
28728	KLGGALQAK
23285	RAKFKQLL
23086	KLGGALQAK
7034	GILGFVFTL
22245	RAKFKQLL
30778	GILGFVFTL
585	RAKFKQLL
33548	GILGFVFTL
26549	KLGGALQAK
36310	ELAGIGILTV
34362	KLGGALQAK
5544	GILGFVFTL
24360	RAKFKQLL
35098	KLGGALQAK
2602	IVTDFSVIK
2573	IVTDFSVIK
29935	GILGFVFTL
7318	GILGFVFTL
5114	AVFDRKSDAK
5531	KLGGALQAK
34569	KLGGALQAK
31460	GILGFVFTL
26681	RAKFKQLL
34307	KLGGALQAK
34709	KLGGALQAK
36055	KLGGALQAK
25724	KLGGALQAK
14626	RAKFKQLL
28724	GILGFVFTL
35071	KLGGALQAK
35433	KLGGALQAK
34198	KLGGALQAK
5384	KLGGALQAK
34215	KLGGALQAK
2281	GILGFVFTL
34176	KLGGALQAK
35338	KLGGALQAK
34515	KLGGALQAK
4964	GILGFVFTL
36216	KLGGALQAK
15326	RAKFKQLL
34537	KLGGALQAK
6807	GILGFVFTL
4924	IVTDFSVIK
65	KLGGALQAK
34139	KLGGALQAK
34782	KLGGALQAK
26505	KLGGALQAK
192	RAKFKQLL
15582	RAKFKQLL
28721	RAKFKQLL
2837	IVTDFSVIK
34577	KLGGALQAK
25070	KLGGALQAK
6559	AVFDRKSDAK
15992	KLGGALQAK
38427	KLGGALQAK
35322	KLGGALQAK
34181	KLGGALQAK
35238	KLGGALQAK
32002	GILGFVFTL
23844	KLGGALQAK
35459	KLGGALQAK
34823	KLGGALQAK
24996	RAKFKQLL
34097	KLGGALQAK
14058	RAKFKQLL
34290	KLGGALQAK
35352	KLGGALQAK
5252	KLGGALQAK
35396	KLGGALQAK
26033	KLGGALQAK
2347	ELAGIGILTV
35203	KLGGALQAK
27061	KLGGALQAK
5122	KLGGALQAK
5231	GILGFVFTL
35165	KLGGALQAK
5498	ELAGIGILTV
34388	KLGGALQAK
5187	KLGGALQAK
35687	KLGGALQAK
5102	KLGGALQAK
28723	KLGGALQAK
34217	KLGGALQAK
26518	ELAGIGILTV
17037	KLGGALQAK
26395	GLCTLVAML
31332	GILGFVFTL
31364	GILGFVFTL
25281	KLGGALQAK
8151	RAKFKQLL
34711	KLGGALQAK
30423	GILGFVFTL
5246	KLGGALQAK
27078	RAKFKQLL
23128	KLGGALQAK
17150	RAKFKQLL
30984	GILGFVFTL
17043	RAKFKQLL
35720	KLGGALQAK
35168	KLGGALQAK
5029	GILGFVFTL
64	KLGGALQAK
4942	KLGGALQAK
28821	KLGGALQAK
27092	KLGGALQAK
34471	KLGGALQAK
35226	KLGGALQAK
34188	KLGGALQAK
34767	KLGGALQAK
5110	KLGGALQAK
36090	KLGGALQAK
6709	GILGFVFTL
5731	GILGFVFTL
34399	KLGGALQAK
36230	KLGGALQAK
34685	KLGGALQAK
2283	KLGGALQAK
14193	RAKFKQLL
5497	KLGGALQAK
7346	KLGGALQAK
34397	KLGGALQAK
31276	GILGFVFTL
15331	KLGGALQAK
25302	RAKFKQLL
3316	IVTDFSVIK
25802	KLGGALQAK
34051	KLGGALQAK
28956	ELAGIGILTV
36095	IVTDFSVIK
36317	KLGGALQAK
36159	KLGGALQAK
35320	KLGGALQAK
26522	KLGGALQAK
6364	GILGFVFTL
6236	GILGFVFTL
24359	KLGGALQAK
34359	KLGGALQAK
33552	GILGFVFTL
29018	KLGGALQAK
2381	ELAGIGILTV
28606	ELAGIGILTV
31998	GILGFVFTL
23896	RAKFKQLL
31340	GILGFVFTL
2494	KLGGALQAK
34454	KLGGALQAK
7062	GILGFVFTL
244	KLGGALQAK
34822	KLGGALQAK
26016	KLGGALQAK
17179	RAKFKQLL
34996	KLGGALQAK
32502	GILGFVFTL
2293	KLGGALQAK
31407	GILGFVFTL
24633	GILGFVFTL
18067	KLGGALQAK
6951	GILGFVFTL
36009	KLGGALQAK
7267	GLCTLVAML
5234	KLGGALQAK
28864	KLGGALQAK
7168	GILGFVFTL
27119	RAKFKQLL
14	KLGGALQAK
35553	KLGGALQAK
35176	KLGGALQAK
34137	KLGGALQAK
17022	RAKFKQLL
7239	ELAGIGILTV
14849	RAKFKQLL
31856	GILGFVFTL
34755	KLGGALQAK
34012	KLGGALQAK
14336	RAKFKQLL
15316	RAKFKQLL
5149	RAKFKQLL
35282	KLGGALQAK
6949	GILGFVFTL
18262	RAKFKQLL
27953	GLCTLVAML
34936	KLGGALQAK
5556	KLGGALQAK
35596	KLGGALQAK
34656	KLGGALQAK
47	GILGFVFTL
26547	KLGGALQAK
34667	KLGGALQAK
35302	KLGGALQAK
5101	KLGGALQAK
34600	KLGGALQAK
31861	GILGFVFTL
689	AVFDRKSDAK
29727	GILGFVFTL
28705	KLGGALQAK
703	IVTDFSVIK
23138	RAKFKQLL
34236	KLGGALQAK
34497	KLGGALQAK
35781	KLGGALQAK
33799	GILGFVFTL
35392	KLGGALQAK
7035	GILGFVFTL
28706	KLGGALQAK
18087	KLGGALQAK
6765	GILGFVFTL
34674	KLGGALQAK
26472	RAKFKQLL
5393	KLGGALQAK
35752	KLGGALQAK
7070	KLGGALQAK
8437	RAKFKQLL
5542	KLGGALQAK
2460	KLGGALQAK
34857	KLGGALQAK
7211	GILGFVFTL
35763	KLGGALQAK
5512	KLGGALQAK
35128	KLGGALQAK
35043	KLGGALQAK
34756	KLGGALQAK
674	AVFDRKSDAK
35311	KLGGALQAK
14681	RAKFKQLL
35366	KLGGALQAK
34623	KLGGALQAK
34122	KLGGALQAK
34147	KLGGALQAK
2447	KLGGALQAK
34818	KLGGALQAK
25807	GILGFVFTL
34250	KLGGALQAK
18053	KLGGALQAK
28718	KLGGALQAK
34294	KLGGALQAK
25707	RAKFKQLL
34143	KLGGALQAK
34650	KLGGALQAK
28414	RAKFKQLL
35619	AVFDRKSDAK
34812	KLGGALQAK
34402	KLGGALQAK
26145	KLGGALQAK
3040	IVTDFSVIK
32367	GILGFVFTL
2329	KLGGALQAK
24686	KLGGALQAK
5019	KLGGALQAK
25012	RAKFKQLL
14243	RAKFKQLL
2618	IVTDFSVIK
35330	KLGGALQAK
7073	GILGFVFTL
7838	GILGFVFTL
104	KLGGALQAK
373	KLGGALQAK
122	AVFDRKSDAK
11726	RAKFKQLL
25721	GILGFVFTL
31077	GILGFVFTL
34606	KLGGALQAK
36130	KLGGALQAK
35251	KLGGALQAK
26036	KLGGALQAK
29927	GILGFVFTL
17048	RAKFKQLL
35878	KLGGALQAK
7692	KLGGALQAK
35886	KLGGALQAK
35877	KLGGALQAK
13927	RAKFKQLL
665	ELAGIGILTV
123	RAKFKQLL
33016	GILGFVFTL
5018	KLGGALQAK
16001	ELAGIGILTV
7226	KLGGALQAK
35515	KLGGALQAK
34159	KLGGALQAK
23374	KLGGALQAK
34008	KLGGALQAK
13393	RAKFKQLL
34166	KLGGALQAK
30882	GILGFVFTL
7163	ELAGIGILTV
35457	KLGGALQAK
5227	KLGGALQAK
31930	GILGFVFTL
35440	KLGGALQAK
6686	GILGFVFTL
2256	RAKFKQLL
36137	KLGGALQAK
39	GILGFVFTL
28462	RAKFKQLL
34461	KLGGALQAK
33846	GILGFVFTL
35992	KLGGALQAK
36062	AVFDRKSDAK
5070	RAKFKQLL
35664	AVFDRKSDAK
6245	GILGFVFTL
630	GILGFVFTL
25383	RAKFKQLL
7072	KLGGALQAK
8533	RAKFKQLL
5400	ELAGIGILTV
35444	KLGGALQAK
5523	KLGGALQAK
35726	KLGGALQAK
15312	RAKFKQLL
31938	GILGFVFTL
35911	KLGGALQAK
14683	RAKFKQLL
33394	GILGFVFTL
35155	KLGGALQAK
35241	KLGGALQAK
34634	KLGGALQAK
35432	KLGGALQAK
26034	GILGFVFTL
34395	KLGGALQAK
34489	KLGGALQAK
24303	GILGFVFTL
35608	KLGGALQAK
25768	GILGFVFTL
34639	KLGGALQAK
2341	ELAGIGILTV
2576	AVFDRKSDAK
2278	GILGFVFTL
35775	KLGGALQAK
28829	KLGGALQAK
24694	RAKFKQLL
36052	KLGGALQAK
2999	IVTDFSVIK
7699	RAKFKQLL
10119	RAKFKQLL
127	KLGGALQAK
2522	RAKFKQLL
5708	GILGFVFTL
36160	KLGGALQAK
25016	IVTDFSVIK
6771	GILGFVFTL
13269	RAKFKQLL
671	KLGGALQAK
5270	KLGGALQAK
26292	GLCTLVAML
36089	KLGGALQAK
25917	RAKFKQLL
34939	KLGGALQAK
33468	GILGFVFTL
34572	KLGGALQAK
1447	AVFDRKSDAK
31363	GILGFVFTL
35912	KLGGALQAK
34789	KLGGALQAK
34038	KLGGALQAK
2388	ELAGIGILTV
34748	KLGGALQAK
25463	RAKFKQLL
38430	KLGGALQAK
36064	KLGGALQAK
2238	KLGGALQAK
2399	KLGGALQAK
28710	RAKFKQLL
34559	KLGGALQAK
5697	GILGFVFTL
34010	KLGGALQAK
36208	KLGGALQAK
71	AVFDRKSDAK
25727	KLGGALQAK
24337	GLCTLVAML
29971	GILGFVFTL
35822	KLGGALQAK
60	IVTDFSVIK
21046	RAKFKQLL
15317	KLGGALQAK
23242	KLGGALQAK
2398	KLGGALQAK
36224	IVTDFSVIK
36209	KLGGALQAK
34642	KLGGALQAK
23965	RAKFKQLL
26135	GILGFVFTL
35220	KLGGALQAK
7218	GILGFVFTL
9392	RAKFKQLL
24341	KLGGALQAK
2446	RAKFKQLL
35028	KLGGALQAK
18059	KLGGALQAK
14246	IVTDFSVIK
16980	KLGGALQAK
35924	KLGGALQAK
2531	KLGGALQAK
28302	KLGGALQAK
35722	KLGGALQAK
33611	GILGFVFTL
7214	KLGGALQAK
70	KLGGALQAK
15584	RAKFKQLL
33474	GILGFVFTL
33590	GILGFVFTL
35374	KLGGALQAK
7973	RAKFKQLL
17046	RAKFKQLL
35732	KLGGALQAK
7230	RAKFKQLL
17953	RAKFKQLL
35160	KLGGALQAK
6301	GILGFVFTL
376	KLGGALQAK
25401	IVTDFSVIK
23849	RAKFKQLL
35564	KLGGALQAK
34630	ELAGIGILTV
34138	KLGGALQAK
111	KLGGALQAK
17479	GLCTLVAML
700	KLGGALQAK
7668	RAKFKQLL
35843	KLGGALQAK
29954	GILGFVFTL
33826	GILGFVFTL
35452	KLGGALQAK
28	RAKFKQLL
2266	ELAGIGILTV
159	KLGGALQAK
34376	KLGGALQAK
34672	KLGGALQAK
34563	KLGGALQAK
15313	RAKFKQLL
4946	KLGGALQAK
23009	RAKFKQLL
28458	KLGGALQAK
17893	GLCTLVAML
7079	KLGGALQAK
28615	GLCTLVAML
5645	GILGFVFTL
18000	KLGGALQAK
2244	KLGGALQAK
6758	GILGFVFTL
26739	RAKFKQLL
27853	RAKFKQLL
246	ELAGIGILTV
9228	RAKFKQLL
36243	KLGGALQAK
13286	RAKFKQLL
707	IVTDFSVIK
15335	RAKFKQLL
2587	IVTDFSVIK
18220	RAKFKQLL
32856	GILGFVFTL
5105	KLGGALQAK
35907	KLGGALQAK
35597	KLGGALQAK
34668	KLGGALQAK
2513	KLGGALQAK
34796	KLGGALQAK
35090	KLGGALQAK
28416	KLGGALQAK
24352	RAKFKQLL
2367	KLGGALQAK
34378	KLGGALQAK
36097	KLGGALQAK
2397	KLGGALQAK
36269	KLGGALQAK
2967	IVTDFSVIK
34195	KLGGALQAK
14317	KLGGALQAK
26558	RAKFKQLL
23245	RAKFKQLL
16058	RAKFKQLL
2565	KLGGALQAK
14848	KLGGALQAK
34940	KLGGALQAK
34682	KLGGALQAK
25709	RAKFKQLL
18590	RAKFKQLL
25384	KLGGALQAK
25907	KLGGALQAK
26535	GLCTLVAML
27091	KLGGALQAK
25441	RAKFKQLL
33515	GILGFVFTL
34374	KLGGALQAK
24358	KLGGALQAK
34495	KLGGALQAK
33476	KLGGALQAK
7716	RAKFKQLL
8622	RAKFKQLL
35132	KLGGALQAK
34659	KLGGALQAK
5806	GILGFVFTL
35649	KLGGALQAK
35866	KLGGALQAK
16063	RAKFKQLL
36195	KLGGALQAK
27755	RAKFKQLL
34837	KLGGALQAK
67	GILGFVFTL
25019	KLGGALQAK
10031	RAKFKQLL
35486	ELAGIGILTV
23125	KLGGALQAK
3502	IVTDFSVIK
25694	RAKFKQLL
23005	RAKFKQLL
5436	ELAGIGILTV
34069	KLGGALQAK
23347	RAKFKQLL
35370	KLGGALQAK
4821	IVTDFSVIK
28877	GILGFVFTL
34589	KLGGALQAK
34964	KLGGALQAK
25462	RAKFKQLL
15276	RAKFKQLL
24590	RAKFKQLL
5170	GLCTLVAML
275	IVTDFSVIK
25287	RAKFKQLL
25290	RAKFKQLL
35830	KLGGALQAK
4961	KLGGALQAK
25275	KLGGALQAK
34647	AVFDRKSDAK
35777	KLGGALQAK
33475	KLGGALQAK
25439	RAKFKQLL
33505	GILGFVFTL
7360	RAKFKQLL
21942	RAKFKQLL
35010	KLGGALQAK
31490	GILGFVFTL
17879	RAKFKQLL
134	KLGGALQAK
15298	RAKFKQLL
24962	GLCTLVAML
23244	ELAGIGILTV
22991	KLGGALQAK
32040	GILGFVFTL
35904	KLGGALQAK
30032	GILGFVFTL
35976	KLGGALQAK
32537	GILGFVFTL
8654	RAKFKQLL
2265	KLGGALQAK
590	KLGGALQAK
634	IVTDFSVIK
6608	GILGFVFTL
14060	RAKFKQLL
33206	RAKFKQLL
34715	KLGGALQAK
34437	KLGGALQAK
6243	GILGFVFTL
23003	KLGGALQAK
23900	KLGGALQAK
35986	KLGGALQAK
2370	RAKFKQLL
5440	KLGGALQAK
34017	KLGGALQAK
34927	KLGGALQAK
51	GILGFVFTL
5131	IVTDFSVIK
36106	KLGGALQAK
34223	KLGGALQAK
5703	GILGFVFTL
13	GILGFVFTL
6748	GILGFVFTL
36212	IVTDFSVIK
2409	GILGFVFTL
34841	KLGGALQAK
5325	IVTDFSVIK
7345	RAKFKQLL
35926	GILGFVFTL
34655	KLGGALQAK
34136	KLGGALQAK
36265	KLGGALQAK
34985	KLGGALQAK
35705	KLGGALQAK
5557	KLGGALQAK
26470	KLGGALQAK
35617	KLGGALQAK
5288	KLGGALQAK
28823	GILGFVFTL
35734	KLGGALQAK
22326	RAKFKQLL
14333	RAKFKQLL
34124	KLGGALQAK
25725	RAKFKQLL
34445	KLGGALQAK
30401	KLGGALQAK
34171	ELAGIGILTV
14671	GILGFVFTL
34893	KLGGALQAK
4953	KLGGALQAK
14606	RAKFKQLL
5113	ELAGIGILTV
2284	KLGGALQAK
32362	GILGFVFTL
2322	AVFDRKSDAK
35958	KLGGALQAK
34531	KLGGALQAK
31266	GILGFVFTL
35989	KLGGALQAK
34651	KLGGALQAK
4930	IVTDFSVIK
36007	KLGGALQAK
25762	GILGFVFTL
34218	KLGGALQAK
15117	RAKFKQLL
26561	KLGGALQAK
30431	GILGFVFTL
35860	KLGGALQAK
7087	RAKFKQLL
35618	KLGGALQAK
31268	GILGFVFTL
33980	GILGFVFTL
36067	KLGGALQAK
5517	KLGGALQAK
36242	KLGGALQAK
2396	KLGGALQAK
26524	IVTDFSVIK
23225	GILGFVFTL
666	KLGGALQAK
25887	KLGGALQAK
35099	KLGGALQAK
35736	KLGGALQAK
23219	ELAGIGILTV
31323	GILGFVFTL
24592	RAKFKQLL
17996	GLCTLVAML
24296	KLGGALQAK
26557	GLCTLVAML
36323	KLGGALQAK
5273	KLGGALQAK
14192	RAKFKQLL
31442	GILGFVFTL
24333	KLGGALQAK
36125	KLGGALQAK
33945	GILGFVFTL
31365	GILGFVFTL
3468	KLGGALQAK
6089	GILGFVFTL
15827	RAKFKQLL
23891	KLGGALQAK
13892	RAKFKQLL
35118	KLGGALQAK
35760	KLGGALQAK
25723	IVTDFSVIK
593	KLGGALQAK
23278	RAKFKQLL
25402	GILGFVFTL
26495	GLCTLVAML
25223	GLCTLVAML
33900	GILGFVFTL
5462	ELAGIGILTV
23905	RAKFKQLL
4947	KLGGALQAK
36267	KLGGALQAK
32360	GILGFVFTL
31850	GILGFVFTL
5044	KLGGALQAK
31607	RAKFKQLL
23897	RAKFKQLL
23817	KLGGALQAK
35659	KLGGALQAK
34877	KLGGALQAK
15156	RAKFKQLL
25011	IVTDFSVIK
35230	KLGGALQAK
36085	KLGGALQAK
34001	KLGGALQAK
35315	KLGGALQAK
255	KLGGALQAK
11360	RAKFKQLL
34510	AVFDRKSDAK
28364	IVTDFSVIK
34969	KLGGALQAK
6842	GILGFVFTL
34360	KLGGALQAK
23012	KLGGALQAK
4464	IVTDFSVIK
5031	GILGFVFTL
34904	KLGGALQAK
32600	GILGFVFTL
6610	GILGFVFTL
120	IVTDFSVIK
35491	KLGGALQAK
35613	KLGGALQAK
25102	GLCTLVAML
24643	RAKFKQLL
34313	KLGGALQAK
2363	KLGGALQAK
35364	KLGGALQAK
7068	GILGFVFTL
18	KLGGALQAK
6635	GILGFVFTL
35609	KLGGALQAK
14648	GLCTLVAML
5941	GILGFVFTL
6555	GILGFVFTL
31630	GILGFVFTL
16003	RAKFKQLL
30503	GILGFVFTL
15322	RAKFKQLL
30095	GILGFVFTL
3258	IVTDFSVIK
32595	GILGFVFTL
25397	RAKFKQLL
34532	KLGGALQAK
28597	KLGGALQAK
36222	IVTDFSVIK
23123	KLGGALQAK
34004	KLGGALQAK
28407	GILGFVFTL
2379	KLGGALQAK
28989	GILGFVFTL
36241	IVTDFSVIK
32616	GILGFVFTL
4957	RAKFKQLL
35123	KLGGALQAK
25752	GILGFVFTL
5030	IVTDFSVIK
34006	KLGGALQAK
35408	KLGGALQAK
36286	KLGGALQAK
29967	GILGFVFTL
13929	RAKFKQLL
6164	GILGFVFTL
35648	KLGGALQAK
34169	KLGGALQAK
26150	RAKFKQLL
34832	KLGGALQAK
8429	RAKFKQLL
23804	RAKFKQLL
7064	AVFDRKSDAK
34640	KLGGALQAK
26254	KLGGALQAK
33553	GILGFVFTL
35002	KLGGALQAK
26837	RAKFKQLL
24975	KLGGALQAK
7529	GILGFVFTL
34212	KLGGALQAK
5516	ELAGIGILTV
24362	KLGGALQAK
35647	KLGGALQAK
6254	GILGFVFTL
5136	RAKFKQLL
25731	GILGFVFTL
35948	KLGGALQAK
26155	GLCTLVAML
34992	KLGGALQAK
34603	KLGGALQAK
18102	KLGGALQAK
27723	RAKFKQLL
36078	IVTDFSVIK
368	ELAGIGILTV
36226	KLGGALQAK
5391	KLGGALQAK
23828	KLGGALQAK
35348	KLGGALQAK
23832	KLGGALQAK
27082	RAKFKQLL
34664	KLGGALQAK
40	GILGFVFTL
5816	GILGFVFTL
26501	GLCTLVAML
35089	KLGGALQAK
36192	KLGGALQAK
225	AVFDRKSDAK
18062	KLGGALQAK
2716	IVTDFSVIK
641	ELAGIGILTV
14258	GLCTLVAML
13932	RAKFKQLL
35932	KLGGALQAK
18026	RAKFKQLL
31068	GILGFVFTL
31936	GILGFVFTL
34074	KLGGALQAK
22995	RAKFKQLL
30552	GILGFVFTL
28951	GILGFVFTL
5117	KLGGALQAK
14647	RAKFKQLL
2572	IVTDFSVIK
17920	GLCTLVAML
25221	KLGGALQAK
34044	KLGGALQAK
5463	KLGGALQAK
34270	KLGGALQAK
35935	KLGGALQAK
35656	KLGGALQAK
35207	KLGGALQAK
23318	RAKFKQLL
16943	GILGFVFTL
7236	AVFDRKSDAK
35065	KLGGALQAK
2540	KLGGALQAK
22351	RAKFKQLL
4786	IVTDFSVIK
34808	KLGGALQAK
34726	KLGGALQAK
23345	RAKFKQLL
34954	KLGGALQAK
2459	RAKFKQLL
23846	RAKFKQLL
35641	KLGGALQAK
5804	GILGFVFTL
30413	GILGFVFTL
2095	AVFDRKSDAK
5153	GILGFVFTL
2274	KLGGALQAK
2289	IVTDFSVIK
28365	KLGGALQAK
35183	KLGGALQAK
2405	KLGGALQAK
3185	IVTDFSVIK
35072	KLGGALQAK
16002	RAKFKQLL
3582	IVTDFSVIK
5260	KLGGALQAK
5566	GILGFVFTL
7693	KLGGALQAK
24634	GILGFVFTL
6231	GILGFVFTL
35612	KLGGALQAK
31379	GILGFVFTL
13227	RAKFKQLL
31459	GILGFVFTL
28456	KLGGALQAK
23826	KLGGALQAK
8103	RAKFKQLL
26476	KLGGALQAK
14322	RAKFKQLL
29908	GILGFVFTL
36239	AVFDRKSDAK
34482	KLGGALQAK
28571	KLGGALQAK
26554	RAKFKQLL
28730	KLGGALQAK
35129	KLGGALQAK
33953	KLGGALQAK
17863	KLGGALQAK
35480	AVFDRKSDAK
5469	ELAGIGILTV
24671	RAKFKQLL
5418	ELAGIGILTV
15794	RAKFKQLL
34680	ELAGIGILTV
15215	RAKFKQLL
6556	GILGFVFTL
26151	KLGGALQAK
38424	ELAGIGILTV
29944	GILGFVFTL
35853	KLGGALQAK
32998	GILGFVFTL
5567	GILGFVFTL
22313	KLGGALQAK
36100	IVTDFSVIK
34801	KLGGALQAK
6802	GILGFVFTL
28862	KLGGALQAK
35036	KLGGALQAK
28283	RAKFKQLL
25008	IVTDFSVIK
2232	ELAGIGILTV
25399	KLGGALQAK
25704	RAKFKQLL
155	ELAGIGILTV
699	KLGGALQAK
35844	KLGGALQAK
7287	GILGFVFTL
5089	KLGGALQAK
5443	KLGGALQAK
24712	KLGGALQAK
11463	RAKFKQLL
35872	KLGGALQAK
35260	KLGGALQAK
26011	RAKFKQLL
5182	ELAGIGILTV
2582	GILGFVFTL
5471	ELAGIGILTV
36079	AVFDRKSDAK
2424	GILGFVFTL
33858	GILGFVFTL
8544	RAKFKQLL
32417	GILGFVFTL
6560	GILGFVFTL
26556	RAKFKQLL
34736	KLGGALQAK
5647	GILGFVFTL
5543	ELAGIGILTV
165	RAKFKQLL
34411	KLGGALQAK
25002	RAKFKQLL
5386	KLGGALQAK
662	RAKFKQLL
33178	GILGFVFTL
5112	KLGGALQAK
34293	RAKFKQLL
16933	GILGFVFTL
2454	GILGFVFTL
218	KLGGALQAK
27291	RAKFKQLL
4943	IVTDFSVIK
684	AVFDRKSDAK
2316	KLGGALQAK
2004	AVFDRKSDAK
34000	KLGGALQAK
18003	KLGGALQAK
33818	GILGFVFTL
2509	KLGGALQAK
36073	IVTDFSVIK
25454	KLGGALQAK
2291	KLGGALQAK
35264	KLGGALQAK
18090	RAKFKQLL
34063	KLGGALQAK
34152	KLGGALQAK
5379	KLGGALQAK
27085	RAKFKQLL
33391	GILGFVFTL
17894	KLGGALQAK
35268	KLGGALQAK
25404	RAKFKQLL
17883	RAKFKQLL
28417	KLGGALQAK
638	KLGGALQAK
2391	KLGGALQAK
34421	AVFDRKSDAK
34201	KLGGALQAK
23230	RAKFKQLL
35148	KLGGALQAK
21061	RAKFKQLL
36293	IVTDFSVIK
35095	KLGGALQAK
25288	GILGFVFTL
5096	KLGGALQAK
17952	RAKFKQLL
35328	KLGGALQAK
34896	KLGGALQAK
282	KLGGALQAK
34981	ELAGIGILTV
34553	KLGGALQAK
16659	RAKFKQLL
5439	KLGGALQAK
35854	KLGGALQAK
35256	KLGGALQAK
28376	KLGGALQAK
25894	KLGGALQAK
15571	KLGGALQAK
14628	KLGGALQAK
