411	QQH QHY HYR YRT RTP TPP PPT	AKD KDS DSQ SQL QLR LRS RSL SLL LLY LYF YFE FEW EWL WLS LSQ SQG QGY GYF YFD FDP	0
988	QSY SYD YDS DSS SSV SVV VVV	VRD RDD DDS DSY SYD YDG DGG GGG GGH GHY HYG YGL GLH LHN HNW NWF WFD FDS	0
574	SSL SLT LTD TDR DRS RSH SHR HRI	ARE REA EAG AGG GGP GPI PIW IWH WHD HDD DDV DVK VKY KYX YXD XDF DFN FND NDG DGY GYY YYN YNY NYH YHY HYM YMD MDV	0
999	QQY QYG YGG GGS GSP SPY PYT	ARG RGT GTD TDY DYT YTI TID IDD DDQ DQG QGI GIF IFY FYK YKG KGS GSG SGT GTF TFW FWY WYF YFD FDL	0
19846	QHY HYF YFN FNT NTP TPH PHN	ARL RLD LDA DAR ARV RVD VDA DAG AGW GWQ WQL QLD LDS	0
19573	QQS QSS SSD SDD DDP DPI PIT	ARS RSR SRG RGQ GQA QAS ASW SWD WDY DYW YWW WWA WAM AMD MDY	0
499	ATW TWD WDD DDS DSL SLD LDG DGW GWV	ARD RDV DVQ VQY QYS YSG SGS GSY SYL YLG LGA GAY AYY YYF YFD FDY	0
36462	MQA QAL ALQ LQT QTP TPL PLT	ARH RHG HGH GHN HNG NGM GMG MGV	1
8750	SSY SYT YTL TLT LTS TSI SIV IVV	ARD RDR DRL RLR LRN RNW NWN WND NDD DDA DAF AFD FDI	0
900	QQS QSY SYS YSI SIP IPL PLT	ARR RRR RRS RSD SDF DFE FET ETV TVD VDF DFI FIY IYH YHY HYM YMD MDV	0
19613	MQG QGT GTH THW HWP WPP PPY PYT	ARG RGY GYA YAD ADT DTP TPV PVF VFR FRR RRY RYY YYY YYY YYG YGM GMD MDV	0
1413	QQG QGF GFS FSS SSP SPF PFS	ARG RGD GDL DLE LET ETT TTI TIF IFF FFY FYN YNA NAV AVD VDV	1
1320	AAW AWD WDD DDS DSL SLS LSA SAH AHV HVV	ARE REL ELL LLM LMD MDY DYY YYD YDH DHI HIG IGY GYS YSP SPG PGP GPT	0
909	QQS QSF SFQ FQT QTV TVG VGS	VRV RVT VTF TFY FYH YHE HEG EGS GSG SGY GYY YYY YYR YRA RAG AGN GNY NYF YFD FDS	0
921	SSY SYT YTS TSS SSS SST STW TWV	ARV RVP VPR PRL RLR LRG RGG GGN GNY NYF YFD FDS	0
1254	QQY QYF YFY FYW YWP WPI PIT	ARS RSY SYS YSW SWS WSY SYA YAI AID IDY	0
36467	QQS QSY SYI YIS ISP SPF PFT	ARV RVR VRF RFG FGD GDT DTA TAV AVD VDY	1
19723	TSY SYH YHP HPT PTK TKT KTI TIL	ARD RDD DDD DDY DYE YEE EEW EWP WPW PWY WYY YYG YGM GMD MDV	0
8696	ISY SYI YIS ISS SSN SNT NTR TRL	VRG RGV GVI VID IDK DKF KFD FDY	0
19760	QQS QSP SPQ PQG QGY GYL YLV LVT	ARE REY EYH YHS HSY SYV YVY VYE YEP EPP PPL PLY LYG YGM GMD MDY	0
28880	QAW AWD WDS DSG SGI GIW IWV	TVW VWY WYL YLE LET ETP TPD PDD DDG DGF GFD FDI	0
691	AAW AWD WDD DDS DSL SLI LIG IGV GVV	ARD RDK DKN KNP NPG PGT GTK TKP KPY PYY YYH YHY HYG YGM GMD MDV	0
19735	VQT QTV TVQ VQV QVP VPY PYT	TTL TLL LLI LIY IYE YES ESD SDV DVG VGV GVD VDF	0
984	QQY QYY YYT YTT TTA TAT ATT	ARA RAG AGT GTL TLF LFA FAY	0
795	AAW AWD WDD DDS DSL SLN LNG NGW GWV	AKD KDG DGA GAY AYY YYY YYD YDY DYS YSG SGY GYP YPY PYD YDY DYN YNG NGI GID IDV	0
907	QEY EYS YSS SST STP TPY PYN	ARD RDG DGL GLG LGE GEV EVA VAP APD PDY DYR YRY RYG YGI GID IDV	0
491	STW TWD WDD DDT DTL TLK LKG KGW GWV	ARR RRQ RQL QLL LLD LDD DDG DGT GTG TGY GYQ YQW QWA WAA AAF AFD FDV	0
1026	TVW VWD WDS DSV SVP VPG PGA GAS ASV	ARD RDR DRG RGY GYY YYA YAF AFD FDI	0
8695	STW TWD WDS DSS SSL SLS LSA SAV AVV	ARS RSP SPS PSY SYI YIC ICS CSG SGG GGT GTC TCV CVF VFD FDH	0
1417	QAW AWD WDS DSN SNT NTG TGV	ARG RGP GPL PLS LSR SRG RGY GYY YYD YDY	0
19772	QQY QYF YFF FFL FLY LYS	ARI RIR IRQ RQV QVS VSK SKY KYL YLQ LQW QWY WYP YPG PGV GVF VFE FEM	0
1032	LQY QYN YNN NNW NWW WWT	VRN RNV NVG VGT GTA TAG AGS GSL SLL LLH LHY HYD YDH	0
19642	MQG QGT GTH THW HWP WPP PPM PMC MCS	ARG RGT GTS TST STG TGL GLR LRE REA EAF AFH FHI	0
1551	QQY QYN YNN NNW NWW WWT	VRN RNV NVG VGT GTA TAG AGS GSL SLL LLH LHY HYD YDH	0
28798	MQG QGI GIH IHS HSW SWT	VKV KVG VGA GAN ANW NWG WGW GWR WRY RYF YFD FDL	0
1553	KSL SLT LTS TST STR TRR RRR RRV	VRE REA EAG AGG GGP GPD PDY DYR YRN RNG NGY GYN YNY NYY YYD YDF DFY FYD YDG DGY GYY YYN YNY NYH YHY HYM YMD MDV	0
1344	QQS QSS SSS SSR SRP RPV PVT	ARG RGI GIW IWS WSY SYW YWY WYM YMV MVY VYP YPH PHD HDN DNY NYG YGM GMD MDY	0
1385	MQA QAT ATH THW HWP WPY PYT	ARD RDG DGR GRG RGA GAL ALQ LQY	0
9231	QQS QSY SYT YTT TTP TPP PPT	ARR RRL RLA LAL ALV LVR VRM RMW MWM WMD MDY	0
8692	LQH QHW HWS WSY SYP YPY PYT	ARY RYG YGH GHW HWS WSW SWG WGR GRW RWW WWN WNY NYW YWV WVA VAL ALD LDY	0
36475	QQS QSY SYS YST STP TPR PRT	AYS YSN SNT NTW TWT WTG TGG	1
1388	QQL QLN LNT NTY TYP YPF PFT	AKP KPK PKS KSR SRD RDR DRG RGG GGP GPG PGD GDD DDY DYF YFG FGM GMD MDV	0
19671	HMW MWD WDS DSR SRS RSG SGF GFS FSW SWS	ART RTQ TQH QHG HGR GRR RRI RIY IYG YGI GIV IVA VAF AFR FRE REW EWF WFT FTY TYF YFY FYM YMD MDV	0
1605	QQF QFE FEF	VRK RKG KGP GPS PSC SCP CPH PHC HCG CGD GDF DFH FHW HWQ WQH	0
931	QHY HYN YNS NSY SYS YSP SPG PGY GYT	ARP RPH PHY HYY YYD YDS DSL SLD LDA DAF AFD FDI	0
8739	QSY SYD YDS DSS SSV SVS VSG SGS GSV	ARE RER ERL RLP LPG PGN GNW NWN WNY NYD YDL	0
202467	QHR HRG RGN GNW NWP WPP PPG PGA GAT	AKE KEG EGH GHG HGS GSD SDM DMT MTW TWR WRA RAD ADF DFD FDY	0
196	QQY QYA YAD ADS DSP SPI PIT	AST STL TLG LGL GLV LVL VLD LDA DAM AMD MDY	0
189	CSY SYA YAG AGS GSS SST STE TEV EVV	ARG RGP GPK PKE KEQ EQV QVV VVR VRW RWF WFD FDP	0
870	AAW AWD WDD DDS DSL SLN LND NDW DWV	VKD KDR DRV RVA VAV AVA VAG AGK GKG KGS GSY SYY YYF YFD FDS	0
413	GTW TWD WDS DSR SRL RLG LGI GIA IAV	VGL GLD LDW DWN WNY NYN YNP NPL PLR LRY	0
36473	QQY QYG YGR GRS RSP SPF PFT	AKV KVG VGE GEY EYY YYD YDF DFW FWS WSG SGY GYS YSP SPF PFD FDS	1
8746	EAW AWD WDG DGG GGL GLR LRG RGG GGV	ARL RLG LGG GGQ GQL QLW LWN WNS NSY SYY YYY YYY YYY YYY YYM YMD MDV	0
923	ATW TWD WDD DDS DSL SLS LSG SGL GLV	ARR RRP RPQ PQS QSI SIF IFD FDW DWN WNF NFD FDL	0
59128	QQY QYY YYS YST STP TPY PYT	AGG GGS GSG SGI GIS IST STP TPM PMD MDV	0
304	QQH QHD HDS DSS SSP SPY PYT	ASP SPY PYP YPN PND NDX DXN XND NDX DXA XAP APE PEE EEG EGM GMS MSW SWY WYF YFD FDL	0
300	TSW SWD WDD DDS DSL SLD LDS DSQ SQL	ARL RLE LEP EPG PGY GYS YSS SST STW TWS WSV SVN	0
1465	QQS QSY SYT YTT TTP TPP PPT	ARG RGS GSG SGH GHV HVN VNA NAV AVK VKN KNY NYG YGY GYV YVM VMD MDY	0
202254	QSS SSD SDR DRT RTL TLV LVG VGS GSL	ARD RDL DLV LVL VLG LGS GSG SGS GSS SSN SND	0
932	SSF SFA FAN ANS NSG SGP GPL	ARD RDR DRY RYF YFD FDL	0
1333	SSL SLT LTD TDR DRS RSH SHR HRI	ARE REA EAG AGG GGP GPI PIW IWH WHD HDD DDV DVK VKY KYY YYD YDF DFN FND NDG DGY GYY YYN YNY NYH YHY HYM YMD MDV	0
28884	QQY QYN YNN NNY NYW YWT	ARV RVR VRD RDS DSS SSD SDY DYY YYG YGD GDA DAF AFD FDI	0
28882	QQY QYN YNS NSY SYW YWT	ARV RVQ VQT QTT TTT TTG TGG GGG GGS GSC SCC CCP CPF PFD FDY	0
302	QQS QSY SYN YNS NSP SPW PWT	ARD RDN DNG NGD GDY DYV YVG VGE GEK EKG KGF GFD FDI	0
1005	QTW TWD WDS DSS SST STD TDV DVV	ARA RAV AVV VVF VFT FTD TDS DSS SSA SAY AYY YYY YYS YSK SKY KYF YFD FDY	0
19767	QSY SYD YDS DSS SSL SLS LSG SGF GFY FYV	ARL RLG LGY GYC YCS CSG SGG GGS GSC SCH CHF HFD FDY	0
19710	QHR HRD RDS DSW SWP WPP PPG PGA GAT	AKE KES ESD SDS DSC SCG CGG GGD GDC DCS CSR SRF RFA FAF AFD FDV	0
28837	LQI QIY IYN YNM NMP MPI PIT	ARG RGK GKG KGN GNT NTH THK HKP KPY PYG YGY GYV YVR VRY RYF YFD FDV	0
19807	WAY AYE YEA	VRD RDR DRS RSN SNG NGS GSG SGK GKR KRF RFE FES ESS SSN SNW NWF WFL FLD LDL	0
844	QRY RYN YNR NRA RAP APY PYT	AKV KVS VSY SYL YLS LST STA TAS ASS SSL SLD LDY	0
748	QQR QRS RSN SNW NWP WPM PMY MYT	ATE TEG EGD GDN DND NDA DAF AFD FDI	0
662	QQF QFE FEF	VRR RRG RGS GSC SCD CDY DYC YCG CGD GDF DFP FPW PWQ WQY	0
1219	QQH QHD HDS DSS SSP SPY PYT	ASP SPY PYP YPN PND NDY DYN YND NDY DYA YAP APE PEE EEG EGM GMS MSW SWY WYF YFD FDL	0
936	AAW AWD WDD DDG DGL GLN LNG NGW GWV	ARD RDR DRG RGF GFD FDL DLL LLT LTG TGH GHY HYL YLG LGL GLD LDP	0
19591	NSY SYS YSI SIH IHS HSP SPW PWV	ARD RDR DRR RRS RSG SGT GTS TSP SPL PLP LPL PLD LDV	0
19559	SAW AWG WGD GDK DKG KGM GMV	ARG RGF GFG FGT GTD TDF	0
36474	MQA QAL ALQ LQT QTP TPS PSW SWT	ARV RVA VAS ASS SSA SAG AGT GTF TFY FYY YYG YGM GMD MDV	1
351	AAW AWD WDD DDS DSR SRG RGG GGP GPD PDW DWV	ARL RLG LGG GGD GDY DYE YED EDS DSG SGA GAD ADA DAF AFD FDF	0
1025	QQY QYY YYS YSA SAP APL PLT	VRE REG EGP GPR PRA RAT ATG TGY GYS YSM SMA MAD ADV DVF VFD FDI	1
19781	QTW TWG WGA GAG AGI GIR IRV	ARD RDT DTY TYY YYY YYD YDS DSG SGD GDY DYE YED EDA DAF AFD FDI	0
924	MQP QPL PLQ LQS QSY SYT	ARE REN ENA NAD ADY DYG YGS GSD SDY DYY YYF YFG FGM GMD MDV	0
359	QQH QHQ HQN QNV NVP VPL PLT LTT	ARD RDI DIG IGL GLK LKG KGE GEH EHY HYD YDI DIL ILT LTA TAY AYG YGP GPD PDY	0
866	QQS QSS SSS SSS SSL SLI LIT	ARY RYE YET ETL TLY LYW YWP WPY PYQ YQN QNS NSG SGM GMD MDY	0
646	QSY SYD YDR DRN RNL NLS LSG SGV	ARA RAR ARA RAT ATG TGY GYS YSS SSI SIT ITP TPY PYF YFD FDI	0
1565	QQG QGA GAS ASW SWP WPF PFT	ARV RVG VGR GRF RFA FAS ASH SHQ HQL QLD LDY	0
205	QQS QSY SYT YTT TTP TPP PPT	ARS RSA SAR ARF RFS FSF SFD FDY	0
305	GTW TWD WDS DSS SSL SLS LST STG TGQ GQL	ATG TGG GGN GNY NYY YYN YNL NLW LWT WTG TGY GYY YYP YPL PLA LAY	0
1392	QQL QLN LNT NTY TYP YPY PYT	ARG RGR GRY RYD YDY DYW YWS WSG SGY GYL YLS LSP	0
303	QQY QYN YNN NNW NWP WPP PPR PRY RYT	AGV GVY VYE YEG EGE GEA EAD ADE DEG EGE GEY EYR YRN RNN NNG NGF GFL FLK LKH	0
466	QQS QSN SNR NRA RAP APA PAT	AKW KWW WWA WAW AWP WPA PAF AFD FDY	0
908	QEY EYS YSS SST STP TPY PYN	ARD RDG DGL GLG LGE GEV EVA VAP APA PAY AYL YLY LYG YGI GID IDA	0
556	QVY VYE YEF	ARQ RQR QRS RSD SDY DYW YWD WDF DFD FDV	0
19847	QHY HYF YFN FNI NIP IPH PHN	ARL RLD LDA DAR ARV RVD VDA DAG AGW GWQ WQL QLD LDS	0
28871	MQS QSI SIQ IQL QLV LVT	TRG RGI GII IIV IVG VGD GDT DTW TWH WHF HFD FDP	0
8701	ATW TWD WDN DNS NSL SLN LND NDR DRV	ARE REI EIP IPG PGA GAT ATS TSG SGP GPD PDH DHF HFF FFF FFY FYG YGM GMD MDV	0
201197	QQY QYG YGS GSS SSP SPR PRT	ARD RDW DWG WGD GDY DYY YYF YFD FDY	0
164	GTW TWD WDM DMV MVT VTN TNN NNV	ARG RGL GLG LGA GAF AFH FHW HWD WDM DMQ MQP QPD PDY	0
651	QQY QYG YGS GSS SSP SPT	ARD RDL DLT LTT TTL TLT LTS TSY SYN YNW NWW WWD WDL	0
291	QQS QSY SYA YAT ATL TLP LPT	ARN RNA NAL ALY LYG YGS GSG SGG GGY GYY YYA YAM AMD MDY	0
552	QVW VWD WDS DSF SFS FST STF TFV	ASL SLP LPR PRG RGQ GQL QLV LVN VNA NAY AYF YFR FRN	0
1400	QQY QYD YDG DGS GSQ SQY QYT	ARG RGS GSA SAM AMI MIF IFG FGI GIV IVI VII IIL ILE LES	0
19736	QQY QYY YYL YLI LIP IPS PST	ARV RVG VGP GPA PAD ADV DVW VWD WDS DSF SFD FDY	0
965	AAW AWD WDD DDS DSP SPP PPG PGE GEA	ARV RVG VGL GLG LGD GDA DAF AFD FDI	0
394	ASW SWD WDD DDS DSR SRG RGG GGP GPD PDY DYV	ARL RLH LHY HYS YSD SDR DRS RSG SGS GSY SYF YFN FND NDV DVF VFH FHM	0
1306	AAW AWD WDD DDS DSL SLI LIG IGY GYV	AKD KDA DAR ARD RDC DCL CLL LLC LCA CAD ADW DWH WHF HFD FDL	0
1549	QQS QSR SRT	ARS RSG SGH GHI HIT ITV TVF VFG FGV GVN VNV NVD VDA DAF AFD FDM	0
1574	QHM HMS MSS SSY SYP YPL PLT	ARD RDK DKY KYY YYG YGN GNE NEA EAV AVG VGM GMD MDV	0
876	SSY SYT YTS TSS SSS SST STR TRV	ARI RIK IKL KLG LGT GTV TVT VTT TTV TVD VDY	0
19589	QHF HFY FYS YSV SVP VPW PWT	AKD KDR DRG RGP GPR PRG RGV GVG VGE GEL ELF LFD FDS	0
36468	QQY QYG YGS GSS SSP SPL PLT	ARA RAA AAF AFG FGS GSH SHY HYF YFD FDY	1
1237	QSY SYD YDS DSS SSN SNV NVV	ARG RGI GIV IVF VFS FSY SYA YAM AMD MDV	0
19795	QQS QSY SYF YFN FNP NPI PIT	ARH RHY HYS YSA SAV AVA VAG AGL GLD LDY	0
19646	QVW VWD WDN DNY NYS YSD SDH DHV HVI	AVG VGL GLP LPV PVD VDY	0
8705	QTW TWG WGA GAG AGI GIL ILV	AKF KFS FSG SGK GKD KDC DCS CSG SGT GTS TSC SCR CRD RDY	0
854	CSY SYA YAG AGG GGK GKS KSL SLV	ARD RDG DGV GVR VRY RYY YYY YYD YDS DST STG TGY GYY YYP YPD PDN DNF NFF FFQ FQY QYG YGL GLD LDV	0
28869	MQG QGT GTH THW HWP WPD PDT	AAC ACS CSN SNV NVG VGC GCY CYV YVY	0
974	AVW VWD WDD DDS DSL SLS LSG SGR GRW RWV	ATY TYY YYV YVD VDL DLW LWG WGS GSY SYR YRQ RQD QDY DYY YYG YGM GMD MDV	0
1225	QQY QYE YEF	ARG RGK GKY KYC YCT CTA TAS ASD SDY DYY YYN YNW NWD WDF DFE FEH	0
143	ATW TWD WDR DRR RRP RPT PTA TAY AYV YVV	AKH KHM HMG MGY GYQ YQV QVR VRE RET ETM TMD MDV	0
208	QQA QAW AWA WAY AYL YLP LPT	ARE RED EDF DFR FRN RNR NRR RRR RRL RLW LWY WYV YVM VMD MDY	0
19684	QQY QYG YGS GSS SSP SPP PPY PYT	AKE KES ESF SFG FGI GIP IPH PHF	0
1544	QQS QSS SSS SSS SSL SLI LIT	ARL RLT LTW TWR WRS RSY SYR YRG RGV GVH VHA HAL ALD LDY	0
19752	QSY SYD YDR DRY RYT YTH THP HPA PAL ALL	KTH THG HGS GSH SHD HDN	0
484	QQY QYN YNS NSY SYS YSR SRT	AGY GYD YDS DSG SGY GYD YDY DYV YVA VAV AVA VAG AGP GPA PAE AEY EYF YFQ FQH	0
855	QQR QRY RYN YNW NWP WPP PPY PYT	VGG GGY GYS YSN SNF NFY FYY YYY YYY YYT YTM TMD MDV	0
1561	QQY QYL YLQ LQY QYP YPM PMT	ARG RGS GSF SFW FWF WFG FGY	0
1356	QVL VLQ LQF	ARD RDR DRS RSY SYG YGD GDS DSS SSW SWA WAL ALD LDA	0
19719	QSF SFD FDS DSI SIL ILS LSG SGD GDL DLV	ATS TSY SYV YVD VDN DNW NWH WHA HAG AGL GLH LHW HWF WFD FDS	0
46	QSS SSS SSS SSP SPY PYT	SRY RYS YSS SSY SYY YYS YSY SYY YYY YYS YSS SSS SSS SSY SYS YSY SYA YAM AMD MDY	0
8677	QQR QRS RSN SNW NWP WPP PPT	ARD RDR DRS RSY SYY YYL YLD LDY	0
1357	LQH QHN HNS NSY SYP YPR PRT	ARD RDR DRD RDD DDL DLS LSP SPF PFD FDY	0
1354	QQR QRS RSN SNW NWP WPP PPG PGY GYT	VKD KDL DLG LGI GIA IAA AAR ARR RRF RFV FVS VSG SGA GAF AFD FDI	0
1602	SSY SYT YTS TSS SSS SST STL TLV	ARE REG EGD GDG DGA GAF AFD FDY	0
19551	ASA SAT ATL TLL LLD LDT DTY TYV	ARE REP EPD PDY DYY YYD YDS DSS SSG SGY GYY YYP YPI PID IDA DAF AFD FDI	0
356	QQY QYG YGQ GQS QSL SLS LST	ARE REG EGT GTT TTG TGA GAG AGW GWL WLG LGK GKP KPI PIG IGA GAF AFA FAH	0
19786	LQH QHD HDI DIY IYA YAS AST	ARL RLA LAS ASG SGF GFR FRD RDY	0
387	QQS QSS SSY SYI YIP IPV PVT	ART RTP TPW PWW WWY WYW YWS WSG SGL GLD LDY	0
137	MQA QAL	ARD RDG DGK GKC KCG CGG GGG GGR GRC RCY CYS YSG SGL GLL LLD LDY	0
28883	QQY QYN YNS NSY SYW YWT	ARV RVR VRD RDS DSS SSD SDY DYY YYG YGD GDA DAF AFD FDI	0
575	QQY QYD YDN DNL NLP LPL PLT	ATE TET ETA TAL ALV LVV VVS VST STT TTY TYL YLP LPH PHY HYF YFD FDN	0
1397	QVW VWD WDT DTG TGS GSD SDP DPV PVV	ARD RDS DSS SSS SSS SSW SWA WAR ARW RWF WFF FFD FDL	0
1282	AAW AWD WDD DDS DSL SLS LSE SEF EFL	ARA RAS ASI SIA IAA AAA AAR ARV RVL VLD LDY	0
747	ASW SWD WDD DDS DSL SLN LNG NGV GVV	AGP GPS PSI SIT ITE TES ESH SHY HYC YCL CLD LDC DCA CAA AAK AKD KDY DYY YYY YYG YGL GLD LDV	0
520	QVW VWD WDS DSD SDS DSD SDH DHV HVV	ARA RAG AGL GLE LEP EPR PRS RSV SVD VDY DYY YYF YFY FYG YGL GLD LDV	0
1396	GTW TWD WDS DSS SSL SLS LSV SVW VWV	ARD RDH DHL HLG LGW GWS WSS SSI SIW IWS WSA SAP APE PES ESF SFL FLD LDY	0
28879	QQQ QQR QRI	TKR KRG RGG GGW GWG WGD GDG DGS GSD SDI	0
19722	QAW AWD WDS DSS SST STV TVV	ARD RDP DPG PGI GIA IAA AAA AAD ADN DNH NHW HWF WFD FDP	0
938	QQY QYD YDK DKL KLP LPT	VRD RDR DRD RDD DDF DFW FWS WSG SGY GYY YYK YKH	0
28867	QQR QRS RSN SNW NWY WYT	AKS KST STG TGD GDN DNW NWF WFD FDP	0
1274	QQY QYN YNN NNW NWP WPP PPR PRY RYT	AGV GVY VYE YEG EGE GEA EAD ADE DEG EGE GEY EYD YDN DNN NNG NGF GFL FLK LKH	0
1299	SSH SHT HTS TSR SRG RGT GTW TWV	ARD RDK DKV KVD VDD DDY DYG YGD GDY DYW YWF WFP FPT PTL TLW LWY WYF YFD FDY	0
36471	QSF SFD FDS DSS SSL SLR LRD RDS DSW SWV	TTV TVY VYR YRY RYN YNY NYD YDS DSV	1
19628	QQS QSG SGT GTF TFP FPP PPT PTT	ARQ RQW QWG WGS GSY SYA YAF AFD FDS	0
912	ATY TYD YDS DSD SDG DGS GSI SIR IRL	ARA RAE AEA EAA AAS ASD SDS DSH SHS HSR SRP RPI PIM IMF MFD FDH	0
28836	QQS QSY SYS YST STP TPL PLT	ARD RDR DRG RGI GIG IGA GAR ARR RRG RGP GPY PYY YYM YMD MDV	0
964	QQR QRR RRS RSW SWP WPP PPL PLT	TTG TGD GDF DFS FSE SEF EFE FEP EPF PFS FSM SMD MDY DYF YFH FHF	0
412	QQH QHY HYR YRT RTP TPP PPT	AKD KDS DSQ SQL QLR LRS RSL SLL LLY LYF YFE FEW EWL WLS LSQ SQG QGY GYF YFD FDY	0
1355	QQY QYN YNT NTY TYS YSW SWW WWT	ASR SRL RLG LGV GVR VRA RAT ATT TTG TGD GDL DLD LDY	0
941	GTW TWD WDD DDN DNS NSW SWV	ATR TRW RWN WNY NYF YFF FFD FDF DFD FDY	0
824	HMW MWD WDS DSR SRS RSG SGF GFS FSW SWS	ATA TAR ARR RRG RGQ GQR QRI RIY IYG YGV GVV VVS VSF SFG FGE GEF EFF FFY FYY YYY YYY YYM YMD MDV	0
1419	HQY QYI YIQ IQL QLH LHS HSF SFT	ARY RYD YDG DGI GIY IYG YGE GEL ELD LDF	0
407	STF TFT FTM TMS MSG SGN GNG NGT GTV	ARE RER ERW RWH WHV HVR VRG RGY GYF YFD FDH	0
19595	QHY HYG YGV GVS VSP SPV PVI VIT	TRG RGV GVR VRE REV EVG VGA GAT ATG TGD GDD DDP DPF PFY FYY YYG YGM GMY MYV	0
891	QQY QYE YEF	VRT RTA TAD ADC DCE CER ERD RDP DPC PCK CKG KGW GWV WVF VFP FPH	0
36459	CSY SYA YAS AST STS TST STV TVL	ARD RDP DPP PPR PRL RLD LDF DFW FWG WGN GNS NSP SPT PTF TFG FGY GYG YGM GMD MDV	1
357	SSY SYT YTS TSS SST STP TPY PYV YVL	ARE REF EFS FSS SSY SYT YTD TDH DHL HLE LEY EYY YYY YYD YDY DYY YYY YYM YMD MDV	0
545	AAW AWD WDD DDS DSL SLS LSG SGP GPA PAV AVV	ARQ RQQ QQD QDS DSG SGY GYS YSG SGP GPE PEV EVS VSY SYY YYS YSH SHY HYG YGM GMD MDV	0
1390	LHY HYG YGT GTS TSP SPM PMY MYT	IAS ASS SST STT TTG TGW GWY WYV YVR VRE RED EDF DFD FDY	0
202268	QQR QRS RSN SNW NWP WPP PPV PVT	ARD RDI DIY IYD YDV DVS VSS SSA SAY AYY YYG YGM GMD MDV	0
202253	NSR SRD RDS DST STN TND NDP DPV PVL	ARW RWS WSG SGT GTY TYY YYD YDY	0
998	HMW MWD WDS DSR SRS RSG SGF GFS FSW SWS	ARA RAQ AQQ QQG QGK GKR KRI RIY IYG YGM GMV MVS VSF SFG FGE GEF EFF FFY FYY YYY YYY YYM YMD MDV	0
498	QQY QYG YGS GSS SSP SPW PWT	AKD KDR DRL RLE LES ESS SSA SAM AMD MDI DIL ILE LEG EGG GGT GTF TFD FDI	0
969	GSL SLV LVG VGN GNW NWD WDV DVI	ARF RFG FGG GGE GEV EVL VLR LRY RYT YTD TDW DWP WPK PKP KPA PAW AWV WVD VDL	0
1340	QQY QYN YNH NHW HWL WLR LRT	AKD KDE DES ESP SPP PPI PIY IYN YNL NLM LMP MPG PGY GYY YYS YST STY TYY YYY YYM YMD MDV	0
8748	QQY QYY YYS YST STP TPL PLT	AKV KVG VGG GGS GSA SAY AYY YYE YED EDP DPY PYS YSL SLG LGY GYL YLD LDF	0
204643	SSY SYT YTT TTT TTS TSV SVV	ARL RLT LTA TAA AAD ADT DTI TIF IFD FDC	0
19783	QQY QYG YGS GSS SSP SPY PYT	ARG RGI GIA IAS ASA SAG AGT GTP TPD PDY DYF YFF FFY	0
977	QQY QYG YGQ GQS QSL SLS LST	ARE REG EGT GTT TTG TGS GSG SGG GGK GKP KPI PIG IGA GAF AFA FAH	0
26786	QQY QYY YYS YSS SSP SPP PPT	AKD KDL DLS LSP SPP PPY PYS YSY SYA YAW AWD WDI DIF IFQ FQY	0
49	QQS QSY SYT YTT TTP TPP PPT	ARF RFV FVF VFF FFL FLP LPY PYA YAM AMD MDY	0
1030	LQY QYN YNN NNW NWW WWT	ARN RNV NVA VAT ATE TEG EGS GSL SLL LLH LHY HYD YDY	0
1022	QVW VWD WDD DDS DSI SIN INA NAY AYV	ARE REF EFH FHS HSG SGL GLG LGW GWH WHF HFD FDL	0
8752	QQS QSY SYS YST STP TPY PYT	ARV RVP VPA PAN ANT NTL TLV LVN VNH NHD HDF DFD FDY	0
367	QQF QFP FPT PTY TYL YLP LPT	ARG RGP GPF PFS FSP SPW PWV WVM VMD MDY	0
1035	MQS QSK SKD KDF DFP FPL PLT	ARM RMF MFQ FQE QES ESG SGP GPP PPR PRL RLD LDR DRW RWS WSG SGR GRN RNY NYY YYY YYY YYS YSG SGM GMD MDV	0
19761	QQA QAS ASL SLT LTA TAL ALL LLT	ARE REY EYH YHS HSY SYW YWS WSY SYS YSW SWW WWP WPR PRV RVG VGL GLD LDY	0
976	QSY SYD YDS DSS SSS SSW SWV	ARL RLG LGG GGR GRY RYY YYY YYD YDS DSS SSG SGY GYY YYY YYF YFD FDY	0
358	QQY QYD YDN DNS NSV SVC VCT	ARG RGP GPV PVP VPA PAV AVF VFY FYG YGD GDY DYR YRL RLD LDP	0
432	AAW AWD WDD DDS DSL SLN LNG NGF GFW FWV	ART RTL TLR LRV RVS VSG SGD GDY DYV YVR VRD RDF DFD FDL	0
1006	QAW AWD WDS DSS SST STD TDV DVV	ARA RAV AVV VVF VFT FTD TDS DSS SSA SAY AYY YYY YYS YSK SKY KYF YFD FDY	0
19557	QQY QYG YGQ GQS QSL SLS LST	ARE REG EGT GTT TTP TPP PPG PGW GWG WGW GWL WLG LGK GKP KPI PIG IGA GAF AFA FAH	0
28877	QAW AWD WDS DSG SGI GIW IWV	AIW IWY WYL YLD LDS DSP SPD PDH DHG HGF GFD FDI	0
355	ATW TWD WDS DSG SGL GLS LSA SAD ADW DWV	TTD TDG DGF GFI FIM IMI MIR IRG RGV GVS VSE SED EDY DYY YYY YYY YYY YYM YMD MDV	0
213	QQS QSR SRI RIT ITP TPP PPT	ARR RRV RVC VCY CYN YNR NRL RLG LGV GVC VCA CAG AGG GGM GMD MDY	0
354	QVY VYG YGA GAS ASS SSY SYT	ARV RVG VGP GPY PYS YSW SWD WDD DDS DSP SPQ PQD QDN DNY NYY YYM YMD MDV	0
1580	QQY QYK YKH KHW HWP WPP PPY PYT	ARA RAP APS PSG SGY GYP YPG PGV GVS VSL SLY LYQ YQY QYY YYG YGL GLD LDV	0
1391	LHY HYG YGT GTS TSP SPM PMY MYF	IAS ASS SST STT TTG TGW GWY WYV YVR VRE RED EDF DFD FDY	0
1458	QQY QYG YGT GTS TSP SPY PYT	ARD RDF DFG FGP GPD PDW DWE WED EDG DGD GDS DSY SYD YDG DGS GSG SGR GRG RGF GFF FFD FDF	0
8704	YST STN TNS NSG SGG GGT GTF TFF FFV	AIL ILG LGF GFW FWG WGA GAN ANR NRG RGG GGG GGG GGM GMD MDV	0
1268	QQH QHQ HQY QYN YNS NSL SLI	ARK RKQ KQY QYS YSY SYW YWR WRD RDS DSY SYW YWA WAM AMD MDY	0
872	NSY SYT YTT TTL TLS LST STW TWL	ARV RVS VSR SRG RGG GGS GSY SYS YSD	0
591	QQS QSY SYS YST STP TPL PLT	ARD RDM DMR MRA RAA AAT ATP TPY PYS YSF SFD FDY	0
1183	QQY QYH YHS HSY SYP YPW PWT	AKA KAK AKR KRV RVG VGA GAT ATG TGY GYF YFD FDL	0
19806	QHF HFE FET	TRG RGR GRD RDG DGY GYD YDD DDG DGF GFH FHP	0
27	QQY QYG YGQ GQS QSL SLS LST	ARE REG EGT GTT TTG TGW GWG WGW GWL WLG LGK GKP KPI PIG IGA GAF AFA FAH	0
715	QQA QAN ANS NSF SFF FFT	AAD ADP DPW PWE WEL ELN LNA NAF AFN FNV	0
827	QQA QAN ANS NSF SFP FPY PYT	ARW RWN WNN NNW NWN WNH NHR HRG RGM GMV MVF VFA FAF AFD FDL	0
201196	QQL QLD LDS DSY SYP YPP PPG PGT	ARD RDL DLG LGT GTG TGL GLF LFD FDY	0
36472	QLY LYG YGS GSS SSP SPW PWT	AKV KVG VGE GEY EYY YYD YDF DFW FWS WSG SGY GYS YSP SPF PFE FEY	1
19609	MEA EAR ARQ RQT QTP TPR PRL RLT	VRG RGP GPE PES ESG SGW GWF WFY FYH YHY HYY YYW YWG WGL GLG LGV	0
22513	ATW TWD WDD DDS DSL SLS LSG SGP GPW PWV	ARG RGR GRT RTG TGG GGQ GQP QPY PYW YWF WFD FDP	0
1036	QQY QYY YYS YST STP TPG PGL GLT	RLL LLW LWF WFG FGE GEL ELF LFF FFD FDY	0
1563	QQA QAY AYK YKT KTP TPY PYT	ARD RDD DDY DYS YST STY TYA YAF AFA FAY	0
555	AVF VFQ FQW	ARD RDE DES ESG SGD GDD DDL DLK LKW KWH WHL HLH LHP	0
36463	QQF QFG FGA GAS ASP SPP PPY PYS	AKK KKG KGW GWQ WQS QST STF TFL FLG LGM GMD MDY DYF YFY FYG YGM GMD MDV	1
19779	QQR QRN RNN NNW NWY WYT	AIM IMV MVA VAT ATT TTK TKN KND NDF DFH FHY HYY YYK YKD KDV	0
906	TSH SHP HPY PYA	ARE RER ERG RGR GRH RHF HFE FEP EPK PKN KNR NRD RDN DNL NLE LEG EGK GKF KFF FFD FDL	0
19750	CSY SYA YAG AGS GSV SVV	ARD RDL DLT LTL TLM LMY MYV YVH VHS HSS SSG SGW GWE WER ERG RGV GVY VYY YYY YYY YYG YGM GMD MDV	0
203	QQS QSV SVM VMI MIP IPM PMT	ARG RGR GRF RFF FFD FDY	0
19819	QVW VWD WDS DSG SGR GRG RGH GHP HPL PLY LYV	ARA RAL ALE LEM EMG MGH GHR HRS RSG SGF GFP FPF PFD FDY	0
1381	QVW VWD WDS DSR SRT RTD TDH DHW HWV	ARG RGR GRG RGF GFH FHY HYY YYY YYY YYG YGM GMD MDI	0
1372	MQG QGT GTH THW HWP WPY PYT	ARD RDR DRP RPH PHI HIL ILT LTG TGF GFD FDF DFD FDY	0
1351	FST STD TDS DSS SSG SGQ GQT QTW TWV	ANA NAG AGG GGG GGK GKY KYD YDY DYL YLD LDV	0
1374	QQG QGS GST STF TFP FPY PYT	VRN RNR NRV RVQ VQM QME MEV EVS VSP SPA PAT ATQ TQS QST STW TWY WYM YMD MDL	0
201248	AAW AWD WDD DDS DSL SLT LTV TVS	ARD RDL DLQ LQP QPP PPH PHS HSP SPY PYG YGM GMD MDV	0
201247	QQY QYS YSN SNW NWP WPR PRT	ARA RAP APD PDD DDY DYY YYD YDS DSV SVG VGY GYY YYY YYG YGC GCP CPY PYF YFD FDS	0
544	QQY QYD YDN DNL NLP LPI PIT	ARG RGI GIS ISG SGS GSY SYG YGW GWF WFD FDP	0
48	QQS QSN SNT NTS TSP SPL PLT	ARW RWG WGH GHS HST STS TSP SPW PWA WAM AMD MDY	0
697	NSA SAD ADS DSS SSG SGN GNH NHV HVV	AKI KIL ILG LGA GAG AGR GRG RGW GWY WYF YFD FDY	0
536	QQL QLE LEF	ARQ RQK QKF KFY FYT YTG TGG GGQ GQG QGW GWY WYF YFD FDL	0
380	QQW QWW WWW WWW WWP WPS PST	ARW RWW WWS WSS SSA SAM AMD MDY	0
674	QQY QYY YYR YRS RSP SPL PLT	VRS RSV SVT VTP TPR PRY RYC YCG CGG GGG GGF GFC FCY CYG YGE GEF EFD FDY	0
972	QSY SYD YDS DSN SNL NLS LSG SGS GSA SAV	ARE REG EGG GGA GAR ARG RGF GFD FDY	0
19587	QQY QYD YDN DNL NLP LPL PLT	ATE TET ETA TAL ALV LVV VVS VSE SET ETY TYL YLP LPH PHY HYF YFD FDN	0
1398	QQS QSN SNS NSW SWP WPY PYT	ANW NWD WDG DGD GDY	0
1314	QQH QHN HNE NEY EYP YPY PYT	ARM RMG MGS GSD SDY DYD YDV DVW VWF WFD FDY	0
1021	QVW VWD WDD DDS DSI SIN INA NAY AYV	ARN RNF NFV FVR VRG RGF GFG FGW GWH WHF HFD FDL	0
19808	MQS QSL SLQ LQT QTP TPR PRL RLT	TRG RGG GGT GTL TLF LFD FDY	0
37271	ASW SWD WDD DDS DSL SLS LSG SGH GHW HWV	ARV RVR VRS RSG SGT GTN TNY NYG YGS GSY SYY YYY YYY YYY YYY YYG YGM GMD MDV	0
295	QQS QSY SYT YTT TTP TPP PPT	ART RTY TYG YGI GIY IYD YDL DLY LYV YVD VDY DYT YTE TEY EYV YVM VMD MDY	0
8741	MQA QAL ALQ LQT QTP TPW PWT	ATR TRN RNY NYR YRL RLY LYF YFD FDF	0
201246	AAW AWD WDD DDS DSL SLN LNG NGW GWV	AKD KDV DVT VTY TYL YLY LYD YDS DSS SSG SGY GYY YYY YYG YGG GGA GAD ADR DRD RDY DYY YYF YFD FDY	0
535	QQS QSY SYT YTT TTP TPP PPT	ART RTW TWL WLL LLR LRW RWV WVM VMD MDL	0
1245	QES ESL SLS LSA SAS ASY SYT	ARL RLD LDG DGY GYT YTL TLD LDI	0
739	QQY QYS YSS SSF SFP FPT PTT	ARW RWG WGD GDE DEG EGF GFD FDI	0
8679	QSY SYD YDR DRS RSL SLS LSG SGV	ARA RAR ARA RAT ATG TGY GYN YNS NSI SIT ITP TPY PYF YFD FDI	0
587	QQY QYE YEE EEW EWP WPR PRT	ARH RHR HRH RHH HHD HDV DVF VFM FML MLV LVP VPI PIA IAG AGW GWF WFD FDV	0
19748	QVW VWD WDS DSS SSS SSD SDH DHV HVV	ARL RLP LPM PMV MVT VTM TMS MSF SFD FDY	0
776	QQY QYN YNT NTY TYW YWT	AYR YRR RRI RIG IGV GVP VPR PRR RRD RDE DEF EFD FDI	0
325	WSF SFA FAG AGS GSY SYY YYV	AGE GEL ELL LLP LPY PYY YYG YGM GMD MDV	0
1411	QSA SAD ADS DSS SSG SGD GDY DYV	ARE REW EWA WAE AED EDG DGD GDF DFG FGN GNA NAF AFH FHV	0
19661	QQS QSY SYS YST STP TPR PRT	ARD RDP DPS PSF SFW FWA WAA AAE AEY EYF YFQ FQH	0
339	AAW AWD WDD DDS DSL SLN LNG NGP GPV	ARD RDW DWG WGS GSN SNY NYV YVW VWG WGS GSY SYP YPK PKY	0
978	QQY QYG YGQ GQS QSL SLS LST	ARE REG EGT GTT TTG TGD GDG DGD GDL DLG LGK GKP KPI PIG IGA GAF AFA FAH	0
1416	QVW VWD WDS DSS SSS SSV SVV	ARG RGP GPL PLS LSR SRG RGY GYY YYD YDY	0
928	MQA QAL ALQ LQT QTP TPL PLT	ARH RHA HAS ASC SCS CSA SAR ARS RSC SCY CYW YWG WGP GPV PVD VDY	0
975	MQS QSI SIQ IQV QVP VPL PLY LYT	ARG RGA GAH AHR HRS RSI SIG IGT GTT TTP TPL PLD LDS	0
199390	QET ETY TYS YSR SRT	ARD RDF DFF FFE FEK EKL KLI LIA IAD ADD DDL DLN LNA NAF AFD FDI	0
36464	MQA QAT ATQ TQF QFP FPL PLT	ARG RGS GST STG TGG GGY	1
201043	QQR QRS RSM SMW MWP WPP PPV PVT	ARD RDG DGK GKC KCG CGG GGG GGR GRC RCY CYS YSG SGL GLL LLD LDY	0
1347	QHY HYY YYT YTT TTH THR HRT	ARD RDD DDG DGY GYY YYD YDR DRS RSG SGY GYY YYG YGV GVF VFD FDL	0
764	MQA QAL ALQ LQI QIP IPR PRT	ARD RDR DRS RSY SYY YYA YAF AFS FSS SSG SGS GSL SLS LSD SDY DYY YYY YYG YGL GLD LDV	0
19588	QQY QYS YST STF TFW FWT	VRD RDR DRS RSN SNG NGW GWS WSS SSI SIN INL	0
19734	QQY QYY YYS YST STP TPI PIT	AKD KDP DPG PGG GGD GDS DSS SSP SPA PAG AGR GRT RTW TWF WFD FDP	0
501	AAW AWD WDD DDS DSL SLK LKG KGA GAV	ARH RHG HGN GNY NYY YYY YYY YYS YSG SGM GMD MDV	0
1571	KQY QYA YAD ADY DYW YWT	ARD RDR DRY RYS YSP SPT PTG TGH GHY HYY YYG YGM GMD MDV	0
821	QQY QYG YGS GSS SSP SPS PST	ARE REG EGT GTT TTG TGS GSG SGW GWL WLG LGK GKP KPI PIG IGA GAF AFA FAY	0
954	QQL QLN LNS NSY SYP YPL PLT	ARV RVG VGY GYC YCS CSS SST STS TSC SCN CNR NRG RGA GAF AFD FDI	0
805	QHL HLI LIG IGL GLR LRS	ARR RRS RSN SNW NWP WPY PYL YLP LPF PFD FDP	0
19770	ASY SYA YAG AGS GSG SGI GIY IYV	ARL RLA LAI AIG IGD GDS DSY	0
1539	QQA QAN ANS NSF SFF FFT	AAD ADP DPW PWE WEL ELN LNN NNV	0
19784	QST STD TDS DSS SSG SGT GTS TSW SWV	ARD RDP DPI PIV IVG VGH GHT HTR TRD RDG DGL GLD LDV	0
8749	AAW AWD WDD DDS DSL SLN LNG NGL GLV	ARV RVS VSY SYY YYE YES ESS SSG SGY GYY YYY YYV YVA VAD ADY DYY YYY YYG YGM GMD MDV	0
1307	QQY QYR YRY RYS YSP SPR PRT	ARG RGG GGF GFG FGS GSF SFD FDT	0
1298	QVW VWD WDS DSS SSS SSD SDY DYV	ARD RDT DTV TVM VMG MGG GGM GMD MDV	0
746	QKY KYG YGT GTS TSA SAI AIT	AVP VPD PDP DPD PDA DAF AFD FDI	0
170	QAR ARL RLL LLL LLP LPQ PQT	ARV RVA VAI AIG IGV GVS VSG SGF GFL FLN LNY NYY YYY YYY YYM YMD MDV	0
209	QQY QYS YSY SYY YYY YYY YYP YPF PFT	ARY RYY YYG YGT GTG TGA GAM AMD MDY	0
890	QQY QYE YEF	VRG RGK GKS KSC SCC CCG CGG GGR GRR RRY RYC YCN CNG NGA GAD ADC DCF CFN FNW NWD WDF DFE FEH	0
19789	QQS QSY SYS YST STP TPY PYT	ARA RAT ATN TNY NYD YDS DSS SSG SGY GYY YYS YSL SLY LYF YFD FDY	0
477	QQS QSF SFY FYF YFP FPN PNT	ARG RGL GLG LGK GKG KGS GSK SKR KRG RGA GAM AMD MDY	0
19747	SSR SRD RDK DKS KSG SGS GSR SRL RLS LSV	ART RTG TGK GKY KYY YYD YDF DFW FWF WFG FGY GYP YPP PPG PGE GEE EEY EYF YFQ FQD	0
19727	QSY SYD YDR DRR RRL RLS LSG SGS GSW SWV	ARA RAA AAY AYY YYD YDT DTS TSG SGY GYG YGD GDY	0
19827	QQY QYY YYT YTA TAS ASP SPF	AKL KLL LLV LVG VGI GIT ITT TTD TDV DVF VFD FDV	0
19639	QQY QYL YLY LYH YHP HPA PAT	ARR RRH RHW HWP WPG PGG GGF GFD FDY	0
19630	QQS QSH SHS HSP SPP PPV PVT	ARE REQ EQR QRN RNK NKD KDY DYR YRY RYG YGQ GQE QEG EGF GFG FGY GYS YSY SYG YGM GMD MDV	0
1034	QNY NYN YNS NSA SAP APL PLT	VRS RSD SDR DRG RGV GVA VAG AGL GLF LFD FDS	1
1349	QSR SRD RDI DIS ISQ SQY QYV	ART RTF TFH FHI HIR IRR RRY RYR YRS RSG SGY GYY YYD YDK DKM KMD MDH	0
822	QQY QYG YGS GSS SSP SPS PST	ARE REG EGT GTT TTG TGW GWG WGW GWL WLG LGK GKP KPI PIG IGA GAF AFQ FQH	0
1363	QQY QYN YNS NSY SYP YPW PWT	ARE REE EEH EHI HIT ITF TFG FGG GGV GVI VIV IVR VRY	0
1000	QQY QYG YGR GRS RSP SPY PYT	ARG RGT GTD TDY DYT YTI TID IDD DDQ DQG QGI GIR IRY RYQ YQG QGS GSG SGT GTF TFW FWY WYF YFD FDV	0
28881	QQY QYG YGN GNS NSR SRR RRV RVT	ARG RGW GWG WGR GRE REQ EQL QLA LAP APH PHP HPS PSQ SQY QYY YYY YYY YYY YYY YYG YGM GMD MDV	0
202252	AAW AWD WDD DDS DSL SLS LSG SGV GVV	ARG RGK GKF KFD FDY	0
1358	YSY SYA YAD ADG DGV GVA	ARE REM EMF MFD FDS DSS SSA SAD ADW DWS WSP SPW PWR WRG RGM GMV MVA	0
19756	QQS QSQ SQW QWY WYP YPI PIT	ARS RSY SYS YST STK TKL KLA LAM AMD MDY	0
695	QQS QSY SYS YST STP TPF PFT	ARQ RQN QNH NHY HYG YGS GSG SGS GSY SYF YFY FYR YRT RTA TAY AYY YYY YYA YAM AMD MDV	0
642	QVW VWD WDI DIS IST STD TDQ DQA QAV	ARH RHV HVR VRS RSG SGY GYP YPD PDT DTA TAY AYY YYF YFD FDK	0
201045	QQR QRN RNS NSW SWP WPP PPL PLT	ARD RDG DGT GTC TCG CGG GGG GGN GNC NCY CYS YSG SGL GLL LLD LDY	0
1339	QQY QYY YYS YSI SIP IPR PRT	ASN SNR NRA RAN ANR NRA RAD ADD DDY DYD YDY DYY YYF YFD FDY	0
467	QQS QSN SNR NRA RAP APA PAT	AKW KWA WAW AWP WPA PAF AFD FDY	0
927	QQF QFS FSV SVS VSP SPW PWT	ARD RDK DKV KVQ VQG QGR GRV RVE VEV EVG VGS GSG SGG GGR GRH RHD HDY	0
200539	LQD QDY DYN YNY NYL YLL LLT	ARE REI EIT ITM TMI MIA IAW AWF WFD FDP	0
1606	QCL CLE LEA	VRG RGR GRS RSC SCC CCG CGG GGR GRR RRH RHC HCN CNG NGA GAD ADC DCF CFN FNW NWD WDF DFQ FQH	0
987	QQY QYN YNN NNW NWP WPY PYT	AYH YHR HRR RRG RGH GHF HFY FYG YGS GSG SGS GSA SAW AWD WDW DWF WFE FES	0
19721	GTF TFA FAG AGG GGS GSY SYY YYG YGV	ARG RGG GGW GWF WFD FDY	0
935	HQY QYS YSS SSH SHP HPP PPT	ARA RAD ADG DGL GLT LTY TYF YFS FSE SEL ELL LLQ LQY QYI YIF IFD FDL	0
202270	QQR QRL RLN LNW NWP WPP PPL PLT	AKV KVL VLS LSP SPG PGG GGS GSN SNM NMV MVW VWD WDY	0
19844	NAY AYE YEF	ARM RMG MGA GAA AAR ARE REW EWD WDF DFQ FQY	0
19708	QQY QYG YGT GTS TSP SPL PLT	ASR SRQ RQH QHH HHE HEY EYF YFQ FQE	0
548	QQY QYE YEF	ARG RGK GKN KNS NSD SDY DYN YNW NWD WDF DFQ FQH	0
636	QQY QYE YET	ARA RAQ AQK QKR KRG RGR GRS RSE SEW EWA WAY AYA YAH	0
605	QHY HYS YSN SNW NWP WPP PPR PRL RLT	AVP VPG PGP GPV PVF VFG FGI GIF IFP FPP PPW PWS WSY SYF YFD FDN	0
590	QQY QYG YGS GSS SSP SPY PYT	ARE REM EME MEV EVS VSG SGR GRW RWR WRP RPT PTE TEA EAF AFE FEI	0
853	CSY SYA YAT ATS TSR SRT RTL TLV	VRD RDG DGV GVR VRF RFY FYY YYD YDS DST STG TGY GYY YYP YPD PDS DSF SFF FFK FKY KYG YGM GMD MDV	0
50	QQG QGL GLL LLS LSP SPL PLT	ARF RFV FVF VFF FFL FLP LPY PYA YAM AMD MDY	0
8740	QSS SSD SDR DRF RFG FGS GSR SRY RYV	AAG AGF GFH FHY	0
1582	QVY VYE YEF	ARR RRH RHS HSD SDY DYC YCD CDF DFD FDI	0
492	STW TWD WDD DDT DTL TLE LEG EGW GWV	ARR RRQ RQL QLL LLD LDD DDG DGT GTG TGY GYQ YQW QWA WAA AAF AFD FDV	0
960	QSY SYD YDS DSP SPT PTL TLT LTS TSP	ATV TVM VMG MGK GKW KWI WIK IKG KGG GGY GYD YDY	0
19563	MQG QGL GLH LHS HSP SPW PWT	LTG TGS GSK SKH KHR HRL RLR LRD RDY DYF YFL FLY LYN YNE NEY EYG YGP GPN PNY NYE YEE EEW EWG WGD GDY DYL YLA LAT ATL TLD LDV	0
415	QVW VWD WDS DSS SSS SSD SDH DHV HVI	ARG RGG GGL GLE LEP EPR PRS RSV SVD VDY DYY YYY YYY YYG YGM GMD MDV	0
19636	QES ESY SYS YSS SST STP TPT PTH THI	TMD MDE DEG EGT GTP TPV PVT VTR TRF RFL FLE LEW EWG WGY GYF YFY FYY YYY YYM YMA MAV	0
666	HIW IWD WDS DSR SRR RRP RPT PTN TNW NWV	ATT TTK TKH KHG HGR GRR RRI RIY IYG YGV GVV VVA VAF AFK FKE KEW EWF WFT FTY TYF YFY FYM YMD MDV	0
738	QSY SYD YDS DSS SSL SLS LSG SGS GSV	ARV RVE VEG EGV GVR VRG RGV GVM VMG MGF GFH FHY HYY YYP YPM PMD MDV	0
563	QQY QYE YET	ARG RGV GVR VRR RRD RDA DAS ASW SWW WWL WLQ LQF	0
