346	TTDPSFLGRY
460	YLQPRTFLL
204	TTDPSFLGRY
406	YLQPRTFLL
172	TTDPSFLGRY
514	YLQPRTFLL
199	TTDPSFLGRY
304	TTDPSFLGRY
218	TTDPSFLGRY
156	TTDPSFLGRY
206	TTDPSFLGRY
161	TTDPSFLGRY
47	LTDEMIAQY
231	TTDPSFLGRY
370	TTDPSFLGRY
2	LTDEMIAQY
109	LTDEMIAQY
585	YLQPRTFLL
463	YLQPRTFLL
349	TTDPSFLGRY
362	TTDPSFLGRY
452	YLQPRTFLL
263	TTDPSFLGRY
29	LTDEMIAQY
264	TTDPSFLGRY
25	LTDEMIAQY
175	TTDPSFLGRY
345	TTDPSFLGRY
332	TTDPSFLGRY
559	YLQPRTFLL
454	YLQPRTFLL
461	YLQPRTFLL
364	TTDPSFLGRY
428	YLQPRTFLL
294	TTDPSFLGRY
11	LTDEMIAQY
193	TTDPSFLGRY
42	LTDEMIAQY
45	LTDEMIAQY
90	LTDEMIAQY
389	YLQPRTFLL
519	YLQPRTFLL
274	TTDPSFLGRY
8	LTDEMIAQY
382	TTDPSFLGRY
368	TTDPSFLGRY
31	LTDEMIAQY
76	LTDEMIAQY
77	LTDEMIAQY
16	LTDEMIAQY
0	LTDEMIAQY
129	LTDEMIAQY
469	YLQPRTFLL
6	LTDEMIAQY
265	TTDPSFLGRY
473	YLQPRTFLL
339	TTDPSFLGRY
380	TTDPSFLGRY
221	TTDPSFLGRY
138	TTDPSFLGRY
101	LTDEMIAQY
305	TTDPSFLGRY
79	LTDEMIAQY
247	TTDPSFLGRY
520	YLQPRTFLL
388	YLQPRTFLL
211	TTDPSFLGRY
233	TTDPSFLGRY
201	TTDPSFLGRY
327	TTDPSFLGRY
84	LTDEMIAQY
116	LTDEMIAQY
243	TTDPSFLGRY
356	TTDPSFLGRY
541	YLQPRTFLL
530	YLQPRTFLL
190	TTDPSFLGRY
91	LTDEMIAQY
481	YLQPRTFLL
150	TTDPSFLGRY
75	LTDEMIAQY
408	YLQPRTFLL
323	TTDPSFLGRY
552	YLQPRTFLL
429	YLQPRTFLL
41	LTDEMIAQY
170	TTDPSFLGRY
582	YLQPRTFLL
497	YLQPRTFLL
485	YLQPRTFLL
553	YLQPRTFLL
451	YLQPRTFLL
568	YLQPRTFLL
44	LTDEMIAQY
178	TTDPSFLGRY
377	TTDPSFLGRY
67	LTDEMIAQY
159	TTDPSFLGRY
369	TTDPSFLGRY
113	LTDEMIAQY
123	LTDEMIAQY
539	YLQPRTFLL
66	LTDEMIAQY
486	YLQPRTFLL
72	LTDEMIAQY
384	TTDPSFLGRY
337	TTDPSFLGRY
232	TTDPSFLGRY
466	YLQPRTFLL
185	TTDPSFLGRY
267	TTDPSFLGRY
216	TTDPSFLGRY
250	TTDPSFLGRY
442	YLQPRTFLL
496	YLQPRTFLL
410	YLQPRTFLL
301	TTDPSFLGRY
538	YLQPRTFLL
397	YLQPRTFLL
279	TTDPSFLGRY
280	TTDPSFLGRY
152	TTDPSFLGRY
23	LTDEMIAQY
447	YLQPRTFLL
1	LTDEMIAQY
61	LTDEMIAQY
238	TTDPSFLGRY
566	YLQPRTFLL
420	YLQPRTFLL
324	TTDPSFLGRY
464	YLQPRTFLL
271	TTDPSFLGRY
24	LTDEMIAQY
104	LTDEMIAQY
78	LTDEMIAQY
550	YLQPRTFLL
321	TTDPSFLGRY
4	LTDEMIAQY
36	LTDEMIAQY
318	TTDPSFLGRY
65	LTDEMIAQY
412	YLQPRTFLL
430	YLQPRTFLL
5	LTDEMIAQY
63	LTDEMIAQY
59	LTDEMIAQY
419	YLQPRTFLL
60	LTDEMIAQY
411	YLQPRTFLL
476	YLQPRTFLL
574	YLQPRTFLL
230	TTDPSFLGRY
564	YLQPRTFLL
433	YLQPRTFLL
558	YLQPRTFLL
261	TTDPSFLGRY
283	TTDPSFLGRY
26	LTDEMIAQY
244	TTDPSFLGRY
465	YLQPRTFLL
396	YLQPRTFLL
88	LTDEMIAQY
117	LTDEMIAQY
467	YLQPRTFLL
453	YLQPRTFLL
535	YLQPRTFLL
418	YLQPRTFLL
586	YLQPRTFLL
352	TTDPSFLGRY
95	LTDEMIAQY
365	TTDPSFLGRY
309	TTDPSFLGRY
529	YLQPRTFLL
13	LTDEMIAQY
546	YLQPRTFLL
70	LTDEMIAQY
507	YLQPRTFLL
236	TTDPSFLGRY
96	LTDEMIAQY
501	YLQPRTFLL
141	TTDPSFLGRY
124	LTDEMIAQY
425	YLQPRTFLL
515	YLQPRTFLL
215	TTDPSFLGRY
176	TTDPSFLGRY
436	YLQPRTFLL
307	TTDPSFLGRY
342	TTDPSFLGRY
120	LTDEMIAQY
542	YLQPRTFLL
421	YLQPRTFLL
502	YLQPRTFLL
205	TTDPSFLGRY
526	YLQPRTFLL
28	LTDEMIAQY
317	TTDPSFLGRY
311	TTDPSFLGRY
51	LTDEMIAQY
508	YLQPRTFLL
361	TTDPSFLGRY
401	YLQPRTFLL
154	TTDPSFLGRY
320	TTDPSFLGRY
328	TTDPSFLGRY
22	LTDEMIAQY
37	LTDEMIAQY
281	TTDPSFLGRY
136	TTDPSFLGRY
334	TTDPSFLGRY
517	YLQPRTFLL
443	YLQPRTFLL
128	LTDEMIAQY
338	TTDPSFLGRY
554	YLQPRTFLL
375	TTDPSFLGRY
399	YLQPRTFLL
534	YLQPRTFLL
499	YLQPRTFLL
179	TTDPSFLGRY
56	LTDEMIAQY
140	TTDPSFLGRY
35	LTDEMIAQY
498	YLQPRTFLL
351	TTDPSFLGRY
350	TTDPSFLGRY
449	YLQPRTFLL
249	TTDPSFLGRY
100	LTDEMIAQY
302	TTDPSFLGRY
303	TTDPSFLGRY
316	TTDPSFLGRY
194	TTDPSFLGRY
208	TTDPSFLGRY
103	LTDEMIAQY
590	YLQPRTFLL
112	LTDEMIAQY
97	LTDEMIAQY
423	YLQPRTFLL
273	TTDPSFLGRY
570	YLQPRTFLL
30	LTDEMIAQY
543	YLQPRTFLL
107	LTDEMIAQY
82	LTDEMIAQY
589	YLQPRTFLL
14	LTDEMIAQY
177	TTDPSFLGRY
540	YLQPRTFLL
513	YLQPRTFLL
562	YLQPRTFLL
536	YLQPRTFLL
374	TTDPSFLGRY
491	YLQPRTFLL
329	TTDPSFLGRY
139	TTDPSFLGRY
475	YLQPRTFLL
34	LTDEMIAQY
298	TTDPSFLGRY
569	YLQPRTFLL
162	TTDPSFLGRY
127	LTDEMIAQY
217	TTDPSFLGRY
573	YLQPRTFLL
246	TTDPSFLGRY
551	YLQPRTFLL
531	YLQPRTFLL
492	YLQPRTFLL
532	YLQPRTFLL
253	TTDPSFLGRY
299	TTDPSFLGRY
424	YLQPRTFLL
239	TTDPSFLGRY
427	YLQPRTFLL
197	TTDPSFLGRY
43	LTDEMIAQY
89	LTDEMIAQY
315	TTDPSFLGRY
403	YLQPRTFLL
62	LTDEMIAQY
68	LTDEMIAQY
258	TTDPSFLGRY
545	YLQPRTFLL
9	LTDEMIAQY
248	TTDPSFLGRY
462	YLQPRTFLL
306	TTDPSFLGRY
213	TTDPSFLGRY
341	TTDPSFLGRY
489	YLQPRTFLL
111	LTDEMIAQY
379	TTDPSFLGRY
441	YLQPRTFLL
398	YLQPRTFLL
157	TTDPSFLGRY
493	YLQPRTFLL
504	YLQPRTFLL
69	LTDEMIAQY
17	LTDEMIAQY
322	TTDPSFLGRY
289	TTDPSFLGRY
158	TTDPSFLGRY
544	YLQPRTFLL
336	TTDPSFLGRY
49	LTDEMIAQY
587	YLQPRTFLL
144	TTDPSFLGRY
80	LTDEMIAQY
414	YLQPRTFLL
422	YLQPRTFLL
146	TTDPSFLGRY
3	LTDEMIAQY
92	LTDEMIAQY
38	LTDEMIAQY
165	TTDPSFLGRY
203	TTDPSFLGRY
457	YLQPRTFLL
135	TTDPSFLGRY
240	TTDPSFLGRY
378	TTDPSFLGRY
237	TTDPSFLGRY
548	YLQPRTFLL
480	YLQPRTFLL
528	YLQPRTFLL
98	LTDEMIAQY
505	YLQPRTFLL
335	TTDPSFLGRY
386	YLQPRTFLL
55	LTDEMIAQY
228	TTDPSFLGRY
591	YLQPRTFLL
272	TTDPSFLGRY
46	LTDEMIAQY
340	TTDPSFLGRY
391	YLQPRTFLL
147	TTDPSFLGRY
143	TTDPSFLGRY
500	YLQPRTFLL
196	TTDPSFLGRY
262	TTDPSFLGRY
549	YLQPRTFLL
81	LTDEMIAQY
110	LTDEMIAQY
487	YLQPRTFLL
509	YLQPRTFLL
241	TTDPSFLGRY
163	TTDPSFLGRY
367	TTDPSFLGRY
202	TTDPSFLGRY
326	TTDPSFLGRY
142	TTDPSFLGRY
225	TTDPSFLGRY
533	YLQPRTFLL
32	LTDEMIAQY
404	YLQPRTFLL
438	YLQPRTFLL
395	YLQPRTFLL
259	TTDPSFLGRY
479	YLQPRTFLL
560	YLQPRTFLL
355	TTDPSFLGRY
521	YLQPRTFLL
145	TTDPSFLGRY
153	TTDPSFLGRY
192	TTDPSFLGRY
108	LTDEMIAQY
468	YLQPRTFLL
525	YLQPRTFLL
148	TTDPSFLGRY
234	TTDPSFLGRY
296	TTDPSFLGRY
254	TTDPSFLGRY
373	TTDPSFLGRY
155	TTDPSFLGRY
83	LTDEMIAQY
226	TTDPSFLGRY
260	TTDPSFLGRY
583	YLQPRTFLL
181	TTDPSFLGRY
224	TTDPSFLGRY
571	YLQPRTFLL
118	LTDEMIAQY
220	TTDPSFLGRY
198	TTDPSFLGRY
268	TTDPSFLGRY
168	TTDPSFLGRY
325	TTDPSFLGRY
523	YLQPRTFLL
282	TTDPSFLGRY
57	LTDEMIAQY
256	TTDPSFLGRY
27	LTDEMIAQY
297	TTDPSFLGRY
291	TTDPSFLGRY
407	YLQPRTFLL
212	TTDPSFLGRY
275	TTDPSFLGRY
405	YLQPRTFLL
132	TTDPSFLGRY
579	YLQPRTFLL
287	TTDPSFLGRY
94	LTDEMIAQY
584	YLQPRTFLL
184	TTDPSFLGRY
471	YLQPRTFLL
522	YLQPRTFLL
210	TTDPSFLGRY
511	YLQPRTFLL
255	TTDPSFLGRY
371	TTDPSFLGRY
455	YLQPRTFLL
331	TTDPSFLGRY
74	LTDEMIAQY
413	YLQPRTFLL
310	TTDPSFLGRY
506	YLQPRTFLL
242	TTDPSFLGRY
319	TTDPSFLGRY
171	TTDPSFLGRY
358	TTDPSFLGRY
581	YLQPRTFLL
483	YLQPRTFLL
227	TTDPSFLGRY
477	YLQPRTFLL
