4968	KLGGALQAK
34919	KLGGALQAK
35748	KLGGALQAK
33840	GILGFVFTL
33945	GILGFVFTL
33554	GILGFVFTL
34621	KLGGALQAK
25385	RAKFKQLL
35484	KLGGALQAK
34633	KLGGALQAK
26548	KLGGALQAK
6686	GILGFVFTL
35909	KLGGALQAK
16650	RAKFKQLL
34074	KLGGALQAK
34722	KLGGALQAK
35467	KLGGALQAK
35168	KLGGALQAK
32417	GILGFVFTL
18087	KLGGALQAK
2347	ELAGIGILTV
12507	RAKFKQLL
35470	KLGGALQAK
35808	KLGGALQAK
16765	RAKFKQLL
35658	KLGGALQAK
28595	KLGGALQAK
2275	KLGGALQAK
5089	KLGGALQAK
29859	GILGFVFTL
29018	KLGGALQAK
35254	AVFDRKSDAK
25107	RAKFKQLL
34632	KLGGALQAK
34593	KLGGALQAK
25920	GILGFVFTL
35562	KLGGALQAK
35613	KLGGALQAK
26615	RAKFKQLL
36206	KLGGALQAK
34758	KLGGALQAK
25282	KLGGALQAK
187	ELAGIGILTV
23243	KLGGALQAK
26479	KLGGALQAK
104	KLGGALQAK
35315	KLGGALQAK
35638	KLGGALQAK
34124	KLGGALQAK
28933	GILGFVFTL
35853	KLGGALQAK
35745	KLGGALQAK
35029	KLGGALQAK
34316	KLGGALQAK
31619	GILGFVFTL
6946	GILGFVFTL
34983	KLGGALQAK
25016	IVTDFSVIK
34709	KLGGALQAK
5640	GILGFVFTL
35178	KLGGALQAK
34565	KLGGALQAK
25270	RAKFKQLL
35964	AVFDRKSDAK
35668	KLGGALQAK
17040	KLGGALQAK
35477	KLGGALQAK
34697	KLGGALQAK
21476	RAKFKQLL
35667	KLGGALQAK
25029	RAKFKQLL
25806	RAKFKQLL
26127	RAKFKQLL
7674	RAKFKQLL
34931	KLGGALQAK
34081	KLGGALQAK
34956	KLGGALQAK
23828	KLGGALQAK
22358	RAKFKQLL
34902	KLGGALQAK
32524	GILGFVFTL
7356	RAKFKQLL
35649	KLGGALQAK
27090	KLGGALQAK
36231	KLGGALQAK
35403	KLGGALQAK
34304	KLGGALQAK
19422	RAKFKQLL
32195	GILGFVFTL
34447	KLGGALQAK
27291	RAKFKQLL
30515	GILGFVFTL
2292	KLGGALQAK
11196	RAKFKQLL
34453	KLGGALQAK
35854	KLGGALQAK
34023	KLGGALQAK
5599	GILGFVFTL
33502	GILGFVFTL
24291	KLGGALQAK
34829	KLGGALQAK
34511	KLGGALQAK
30032	GILGFVFTL
34939	KLGGALQAK
34996	KLGGALQAK
35258	KLGGALQAK
34957	KLGGALQAK
5142	KLGGALQAK
7667	RAKFKQLL
26512	AVFDRKSDAK
16981	KLGGALQAK
200	KLGGALQAK
6609	GILGFVFTL
140	KLGGALQAK
4926	KLGGALQAK
30395	GILGFVFTL
5062	GILGFVFTL
5107	GILGFVFTL
31938	GILGFVFTL
35641	KLGGALQAK
36269	KLGGALQAK
6164	GILGFVFTL
34608	KLGGALQAK
13976	RAKFKQLL
36106	KLGGALQAK
35687	KLGGALQAK
33898	KLGGALQAK
5799	GILGFVFTL
57	RAKFKQLL
35303	KLGGALQAK
34334	KLGGALQAK
183	ELAGIGILTV
28301	KLGGALQAK
5132	KLGGALQAK
14674	KLGGALQAK
35428	KLGGALQAK
35162	KLGGALQAK
35454	KLGGALQAK
34173	KLGGALQAK
5273	KLGGALQAK
15827	RAKFKQLL
14675	GILGFVFTL
34300	KLGGALQAK
5527	ELAGIGILTV
24351	KLGGALQAK
32247	KLGGALQAK
34808	KLGGALQAK
35103	ELAGIGILTV
15326	RAKFKQLL
34864	KLGGALQAK
22315	KLGGALQAK
35002	KLGGALQAK
30493	GILGFVFTL
25767	GILGFVFTL
28307	RAKFKQLL
34051	KLGGALQAK
32253	GILGFVFTL
53	RAKFKQLL
34696	KLGGALQAK
7882	RAKFKQLL
99	KLGGALQAK
32537	GILGFVFTL
10119	RAKFKQLL
23241	GILGFVFTL
35741	KLGGALQAK
24	GILGFVFTL
2368	KLGGALQAK
34798	KLGGALQAK
36156	KLGGALQAK
5051	KLGGALQAK
18246	RAKFKQLL
25274	KLGGALQAK
2560	RAKFKQLL
34954	KLGGALQAK
6236	GILGFVFTL
34782	KLGGALQAK
238	ELAGIGILTV
35993	KLGGALQAK
30385	GILGFVFTL
7265	GLCTLVAML
36182	AVFDRKSDAK
34721	KLGGALQAK
5473	KLGGALQAK
36118	KLGGALQAK
35017	KLGGALQAK
35830	KLGGALQAK
35452	KLGGALQAK
32502	GILGFVFTL
34680	ELAGIGILTV
35556	KLGGALQAK
32769	GILGFVFTL
36023	KLGGALQAK
34635	ELAGIGILTV
35628	KLGGALQAK
25299	RAKFKQLL
35152	KLGGALQAK
6240	GILGFVFTL
64	KLGGALQAK
35022	KLGGALQAK
33903	KLGGALQAK
28845	GILGFVFTL
262	RAKFKQLL
33509	GILGFVFTL
34974	KLGGALQAK
34264	KLGGALQAK
7069	KLGGALQAK
56	RAKFKQLL
35644	KLGGALQAK
679	KLGGALQAK
19	KLGGALQAK
4952	IVTDFSVIK
28373	IVTDFSVIK
34386	KLGGALQAK
33366	GILGFVFTL
4945	KLGGALQAK
14644	KLGGALQAK
6092	GILGFVFTL
34318	KLGGALQAK
34877	KLGGALQAK
24428	RAKFKQLL
6089	GILGFVFTL
33844	GILGFVFTL
38421	KLGGALQAK
26022	GILGFVFTL
35573	KLGGALQAK
26569	RAKFKQLL
34831	KLGGALQAK
5073	KLGGALQAK
5115	RAKFKQLL
33858	GILGFVFTL
35125	KLGGALQAK
25102	GLCTLVAML
25382	GLCTLVAML
34429	KLGGALQAK
36093	KLGGALQAK
2252	RAKFKQLL
2491	KLGGALQAK
35920	KLGGALQAK
4940	KLGGALQAK
29955	GILGFVFTL
18007	KLGGALQAK
34517	KLGGALQAK
26484	GLCTLVAML
34465	KLGGALQAK
25905	KLGGALQAK
13892	RAKFKQLL
4970	KLGGALQAK
30438	GILGFVFTL
6797	GILGFVFTL
24335	AVFDRKSDAK
26152	KLGGALQAK
29771	RAKFKQLL
26016	KLGGALQAK
35640	KLGGALQAK
14671	GILGFVFTL
35306	KLGGALQAK
34990	KLGGALQAK
32285	GILGFVFTL
35148	KLGGALQAK
2344	KLGGALQAK
35034	KLGGALQAK
36130	KLGGALQAK
5510	AVFDRKSDAK
35890	KLGGALQAK
34250	KLGGALQAK
23373	KLGGALQAK
26470	KLGGALQAK
2504	KLGGALQAK
35845	KLGGALQAK
6626	GILGFVFTL
22321	KLGGALQAK
26561	KLGGALQAK
24591	RAKFKQLL
18001	KLGGALQAK
13	GILGFVFTL
25908	RAKFKQLL
34618	KLGGALQAK
25104	KLGGALQAK
36325	KLGGALQAK
7716	RAKFKQLL
34093	KLGGALQAK
34103	KLGGALQAK
34867	KLGGALQAK
2517	KLGGALQAK
639	GILGFVFTL
34073	KLGGALQAK
7215	GILGFVFTL
14255	KLGGALQAK
8924	RAKFKQLL
5321	IVTDFSVIK
34214	KLGGALQAK
24633	GILGFVFTL
34527	KLGGALQAK
36267	KLGGALQAK
671	KLGGALQAK
4964	GILGFVFTL
2407	KLGGALQAK
35643	KLGGALQAK
30697	GILGFVFTL
152	RAKFKQLL
14676	GILGFVFTL
1699	AVFDRKSDAK
7280	GILGFVFTL
30503	GILGFVFTL
24695	KLGGALQAK
31798	GILGFVFTL
25753	KLGGALQAK
31890	GILGFVFTL
28476	IVTDFSVIK
2531	KLGGALQAK
24685	GLCTLVAML
25297	RAKFKQLL
5650	GILGFVFTL
35186	KLGGALQAK
5047	KLGGALQAK
32338	GILGFVFTL
15071	RAKFKQLL
9392	RAKFKQLL
13931	GILGFVFTL
31399	GILGFVFTL
28939	GILGFVFTL
34500	KLGGALQAK
31434	GILGFVFTL
35800	KLGGALQAK
14320	KLGGALQAK
34781	KLGGALQAK
35572	KLGGALQAK
35852	KLGGALQAK
6685	GILGFVFTL
35469	KLGGALQAK
4948	KLGGALQAK
31074	GILGFVFTL
34272	KLGGALQAK
5	GILGFVFTL
113	RAKFKQLL
278	GILGFVFTL
5461	KLGGALQAK
21860	RAKFKQLL
35202	KLGGALQAK
35881	KLGGALQAK
33224	GILGFVFTL
24336	KLGGALQAK
32331	IVTDFSVIK
122	AVFDRKSDAK
35030	KLGGALQAK
6364	GILGFVFTL
18818	RAKFKQLL
6944	GILGFVFTL
34606	KLGGALQAK
5070	RAKFKQLL
6301	GILGFVFTL
36112	KLGGALQAK
34928	KLGGALQAK
36107	KLGGALQAK
25993	KLGGALQAK
35129	KLGGALQAK
23847	KLGGALQAK
23903	RAKFKQLL
2274	KLGGALQAK
55	IVTDFSVIK
30540	GILGFVFTL
34656	KLGGALQAK
2532	KLGGALQAK
2454	GILGFVFTL
24101	RAKFKQLL
34346	KLGGALQAK
34179	KLGGALQAK
35719	KLGGALQAK
34806	KLGGALQAK
25401	IVTDFSVIK
17892	GILGFVFTL
28682	KLGGALQAK
22346	KLGGALQAK
34732	KLGGALQAK
34119	KLGGALQAK
35551	KLGGALQAK
34780	KLGGALQAK
35601	KLGGALQAK
35337	KLGGALQAK
34200	KLGGALQAK
5179	KLGGALQAK
10000	RAKFKQLL
35936	KLGGALQAK
35750	KLGGALQAK
4929	KLGGALQAK
6602	GILGFVFTL
35794	KLGGALQAK
35364	KLGGALQAK
7671	RAKFKQLL
33890	GILGFVFTL
35434	KLGGALQAK
35988	KLGGALQAK
25886	RAKFKQLL
36147	KLGGALQAK
35889	KLGGALQAK
2385	IVTDFSVIK
23128	KLGGALQAK
35141	KLGGALQAK
34094	KLGGALQAK
280	KLGGALQAK
18103	GILGFVFTL
9474	RAKFKQLL
17895	GLCTLVAML
18063	RAKFKQLL
654	KLGGALQAK
27389	RAKFKQLL
27763	RAKFKQLL
4937	KLGGALQAK
26555	RAKFKQLL
37236	IVTDFSVIK
33372	GILGFVFTL
5558	GILGFVFTL
28708	GILGFVFTL
34377	KLGGALQAK
14622	GILGFVFTL
26407	GLCTLVAML
5451	RAKFKQLL
5603	GILGFVFTL
23832	KLGGALQAK
35339	KLGGALQAK
34296	KLGGALQAK
29947	GILGFVFTL
32595	GILGFVFTL
35335	KLGGALQAK
581	GILGFVFTL
2233	RAKFKQLL
32416	GILGFVFTL
5408	ELAGIGILTV
14191	KLGGALQAK
35834	KLGGALQAK
34143	KLGGALQAK
20783	RAKFKQLL
25725	RAKFKQLL
11985	RAKFKQLL
35379	KLGGALQAK
32856	GILGFVFTL
35154	KLGGALQAK
26535	GLCTLVAML
2311	KLGGALQAK
2502	ELAGIGILTV
14679	KLGGALQAK
24496	RAKFKQLL
28885	GILGFVFTL
31863	GILGFVFTL
36132	ELAGIGILTV
34616	KLGGALQAK
18039	AVFDRKSDAK
35027	AVFDRKSDAK
28475	KLGGALQAK
24314	KLGGALQAK
14246	IVTDFSVIK
34534	KLGGALQAK
35916	KLGGALQAK
2302	KLGGALQAK
14624	RAKFKQLL
26523	KLGGALQAK
25089	GLCTLVAML
35221	KLGGALQAK
36195	KLGGALQAK
33946	KLGGALQAK
36288	KLGGALQAK
25281	KLGGALQAK
38425	KLGGALQAK
2381	ELAGIGILTV
2373	KLGGALQAK
34040	KLGGALQAK
34434	KLGGALQAK
15472	RAKFKQLL
236	KLGGALQAK
23224	KLGGALQAK
35795	KLGGALQAK
35437	KLGGALQAK
31814	GILGFVFTL
23177	RAKFKQLL
14240	RAKFKQLL
2482	KLGGALQAK
28408	RAKFKQLL
35489	KLGGALQAK
25750	GILGFVFTL
655	KLGGALQAK
34127	KLGGALQAK
28951	GILGFVFTL
25268	KLGGALQAK
15723	GILGFVFTL
25701	KLGGALQAK
7316	GILGFVFTL
666	KLGGALQAK
35383	KLGGALQAK
23824	KLGGALQAK
33167	GILGFVFTL
100	KLGGALQAK
6550	KLGGALQAK
46	IVTDFSVIK
14838	KLGGALQAK
34973	KLGGALQAK
5110	KLGGALQAK
34964	KLGGALQAK
34583	KLGGALQAK
36063	IVTDFSVIK
34269	KLGGALQAK
22990	KLGGALQAK
24696	KLGGALQAK
7070	KLGGALQAK
35592	KLGGALQAK
14192	RAKFKQLL
5522	ELAGIGILTV
36104	KLGGALQAK
34720	KLGGALQAK
2470	GILGFVFTL
4969	GLCTLVAML
18105	RAKFKQLL
25724	KLGGALQAK
26155	GLCTLVAML
31618	GILGFVFTL
34910	KLGGALQAK
35836	KLGGALQAK
34241	IVTDFSVIK
25272	KLGGALQAK
26517	RAKFKQLL
11815	AVFDRKSDAK
653	ELAGIGILTV
35253	KLGGALQAK
5030	IVTDFSVIK
957	AVFDRKSDAK
5383	GILGFVFTL
31489	GILGFVFTL
6661	GILGFVFTL
31077	GILGFVFTL
17976	KLGGALQAK
665	ELAGIGILTV
24788	KLGGALQAK
34747	KLGGALQAK
25453	RAKFKQLL
18701	RAKFKQLL
35005	KLGGALQAK
30409	GILGFVFTL
32831	GILGFVFTL
34178	KLGGALQAK
15317	KLGGALQAK
35505	KLGGALQAK
24332	KLGGALQAK
35737	KLGGALQAK
34219	KLGGALQAK
15332	KLGGALQAK
24064	RAKFKQLL
33997	KLGGALQAK
24686	KLGGALQAK
35918	KLGGALQAK
25809	KLGGALQAK
28735	GILGFVFTL
34238	KLGGALQAK
5094	GILGFVFTL
34675	KLGGALQAK
34249	KLGGALQAK
34584	KLGGALQAK
35260	KLGGALQAK
33843	GILGFVFTL
14796	RAKFKQLL
12455	RAKFKQLL
15467	RAKFKQLL
34218	KLGGALQAK
34090	KLGGALQAK
18090	RAKFKQLL
24302	GILGFVFTL
22538	RAKFKQLL
35650	KLGGALQAK
31458	GILGFVFTL
2755	IVTDFSVIK
15980	RAKFKQLL
4938	KLGGALQAK
36139	KLGGALQAK
17953	RAKFKQLL
35661	KLGGALQAK
2	GILGFVFTL
147	RAKFKQLL
36089	KLGGALQAK
24218	KLGGALQAK
13286	RAKFKQLL
34408	KLGGALQAK
35133	KLGGALQAK
5441	KLGGALQAK
35033	KLGGALQAK
25290	RAKFKQLL
5243	AVFDRKSDAK
2390	GILGFVFTL
5454	ELAGIGILTV
4260	IVTDFSVIK
34605	KLGGALQAK
5530	KLGGALQAK
34741	KLGGALQAK
34172	KLGGALQAK
34893	KLGGALQAK
5326	IVTDFSVIK
18106	KLGGALQAK
2396	KLGGALQAK
35326	KLGGALQAK
35878	KLGGALQAK
28704	RAKFKQLL
34089	KLGGALQAK
33528	GILGFVFTL
34456	KLGGALQAK
22323	RAKFKQLL
4959	KLGGALQAK
34751	KLGGALQAK
28304	IVTDFSVIK
34915	KLGGALQAK
5045	AVFDRKSDAK
2415	KLGGALQAK
35226	KLGGALQAK
35730	ELAGIGILTV
2269	KLGGALQAK
17878	RAKFKQLL
18000	KLGGALQAK
14642	KLGGALQAK
36225	IVTDFSVIK
5250	RAKFKQLL
38429	ELAGIGILTV
34641	KLGGALQAK
5084	RAKFKQLL
265	GILGFVFTL
15382	RAKFKQLL
23013	KLGGALQAK
26242	GILGFVFTL
2335	GILGFVFTL
33471	GILGFVFTL
10554	RAKFKQLL
17877	RAKFKQLL
189	ELAGIGILTV
5325	IVTDFSVIK
25887	KLGGALQAK
25439	RAKFKQLL
2400	KLGGALQAK
20584	RAKFKQLL
35559	KLGGALQAK
4954	KLGGALQAK
218	KLGGALQAK
14330	RAKFKQLL
2363	KLGGALQAK
35806	KLGGALQAK
23285	RAKFKQLL
26040	GILGFVFTL
35373	KLGGALQAK
5523	KLGGALQAK
7240	RAKFKQLL
25909	GILGFVFTL
28821	KLGGALQAK
24304	KLGGALQAK
35004	KLGGALQAK
17889	KLGGALQAK
30494	GILGFVFTL
30492	GILGFVFTL
34367	KLGGALQAK
34972	KLGGALQAK
23405	RAKFKQLL
28614	KLGGALQAK
6848	GILGFVFTL
35793	KLGGALQAK
30427	GILGFVFTL
34559	KLGGALQAK
18492	RAKFKQLL
35064	KLGGALQAK
34537	KLGGALQAK
35689	KLGGALQAK
281	KLGGALQAK
34036	KLGGALQAK
32360	GILGFVFTL
2383	GILGFVFTL
23232	KLGGALQAK
35509	AVFDRKSDAK
34875	KLGGALQAK
28718	KLGGALQAK
34457	KLGGALQAK
35358	KLGGALQAK
28600	KLGGALQAK
2577	KLGGALQAK
13327	RAKFKQLL
28470	KLGGALQAK
38417	KLGGALQAK
36250	KLGGALQAK
35342	KLGGALQAK
22998	RAKFKQLL
25380	KLGGALQAK
5535	KLGGALQAK
24352	RAKFKQLL
35170	KLGGALQAK
24382	RAKFKQLL
16948	KLGGALQAK
28867	GILGFVFTL
25262	IVTDFSVIK
2512	KLGGALQAK
7080	GILGFVFTL
38435	KLGGALQAK
34067	KLGGALQAK
26125	RAKFKQLL
5278	GILGFVFTL
34443	KLGGALQAK
23901	KLGGALQAK
34494	KLGGALQAK
6996	GILGFVFTL
7059	GILGFVFTL
34552	KLGGALQAK
14621	KLGGALQAK
35155	KLGGALQAK
35223	KLGGALQAK
2529	KLGGALQAK
15323	KLGGALQAK
2393	ELAGIGILTV
14	KLGGALQAK
26261	GILGFVFTL
7692	KLGGALQAK
34940	KLGGALQAK
34118	KLGGALQAK
3712	IVTDFSVIK
25291	RAKFKQLL
6792	GILGFVFTL
35277	KLGGALQAK
23233	ELAGIGILTV
35449	KLGGALQAK
32631	GILGFVFTL
26126	KLGGALQAK
34661	KLGGALQAK
34946	KLGGALQAK
2567	GILGFVFTL
35491	KLGGALQAK
26514	RAKFKQLL
15308	GILGFVFTL
36188	KLGGALQAK
2369	KLGGALQAK
13227	RAKFKQLL
31267	GILGFVFTL
14833	KLGGALQAK
2602	IVTDFSVIK
2255	RAKFKQLL
7973	RAKFKQLL
178	KLGGALQAK
32854	GILGFVFTL
2476	AVFDRKSDAK
28737	KLGGALQAK
34897	KLGGALQAK
35085	KLGGALQAK
34707	KLGGALQAK
5040	KLGGALQAK
35480	AVFDRKSDAK
34340	KLGGALQAK
34035	KLGGALQAK
34141	KLGGALQAK
33522	RAKFKQLL
35924	KLGGALQAK
35396	KLGGALQAK
3053	IVTDFSVIK
28834	KLGGALQAK
23118	GILGFVFTL
35059	KLGGALQAK
4984	KLGGALQAK
6227	GILGFVFTL
34588	KLGGALQAK
28604	KLGGALQAK
24307	GILGFVFTL
31266	GILGFVFTL
35135	IVTDFSVIK
5068	KLGGALQAK
27818	RAKFKQLL
5071	RAKFKQLL
34057	KLGGALQAK
276	RAKFKQLL
32518	GILGFVFTL
35329	KLGGALQAK
36281	KLGGALQAK
16053	RAKFKQLL
35209	KLGGALQAK
35783	KLGGALQAK
36157	KLGGALQAK
34223	KLGGALQAK
33453	GILGFVFTL
34235	KLGGALQAK
34739	KLGGALQAK
2272	KLGGALQAK
34763	KLGGALQAK
17879	RAKFKQLL
35939	KLGGALQAK
76	RAKFKQLL
35776	KLGGALQAK
5528	KLGGALQAK
35870	KLGGALQAK
35547	KLGGALQAK
28365	KLGGALQAK
19439	RAKFKQLL
30398	GILGFVFTL
34022	KLGGALQAK
35300	KLGGALQAK
32601	GILGFVFTL
29313	GILGFVFTL
5542	KLGGALQAK
15996	KLGGALQAK
243	GILGFVFTL
25393	IVTDFSVIK
31677	GILGFVFTL
28355	RAKFKQLL
34766	KLGGALQAK
5703	GILGFVFTL
17894	KLGGALQAK
25851	GLCTLVAML
35832	KLGGALQAK
34740	KLGGALQAK
16942	RAKFKQLL
16699	RAKFKQLL
35648	KLGGALQAK
28935	GILGFVFTL
35882	KLGGALQAK
7331	GILGFVFTL
35701	KLGGALQAK
34617	KLGGALQAK
25924	GILGFVFTL
7195	GILGFVFTL
33497	GILGFVFTL
23221	KLGGALQAK
15230	RAKFKQLL
35705	KLGGALQAK
2294	KLGGALQAK
13455	GILGFVFTL
35934	KLGGALQAK
34287	KLGGALQAK
26243	KLGGALQAK
35233	KLGGALQAK
34838	KLGGALQAK
35797	KLGGALQAK
26557	GLCTLVAML
34374	KLGGALQAK
35691	KLGGALQAK
2495	IVTDFSVIK
34162	KLGGALQAK
36136	KLGGALQAK
36181	KLGGALQAK
11019	RAKFKQLL
30156	GILGFVFTL
2282	RAKFKQLL
5266	GILGFVFTL
36005	KLGGALQAK
33577	GILGFVFTL
34676	KLGGALQAK
34139	KLGGALQAK
34958	KLGGALQAK
17978	KLGGALQAK
35310	KLGGALQAK
25917	RAKFKQLL
5374	KLGGALQAK
34837	KLGGALQAK
77	ELAGIGILTV
34010	KLGGALQAK
174	ELAGIGILTV
34106	KLGGALQAK
182	KLGGALQAK
35521	KLGGALQAK
25890	GILGFVFTL
35552	KLGGALQAK
34358	KLGGALQAK
7367	RAKFKQLL
5091	KLGGALQAK
79	RAKFKQLL
29938	GILGFVFTL
32772	GILGFVFTL
128	KLGGALQAK
14680	RAKFKQLL
36065	IVTDFSVIK
28594	KLGGALQAK
34277	KLGGALQAK
134	KLGGALQAK
31612	GILGFVFTL
27063	RAKFKQLL
31460	GILGFVFTL
34748	KLGGALQAK
35926	GILGFVFTL
35072	KLGGALQAK
9203	RAKFKQLL
35241	KLGGALQAK
2564	RAKFKQLL
36324	KLGGALQAK
2398	KLGGALQAK
5554	AVFDRKSDAK
7068	GILGFVFTL
26241	KLGGALQAK
34308	KLGGALQAK
11138	RAKFKQLL
32755	GILGFVFTL
34955	KLGGALQAK
6607	GILGFVFTL
34845	KLGGALQAK
36123	KLGGALQAK
26210	KLGGALQAK
34397	KLGGALQAK
35765	KLGGALQAK
5462	ELAGIGILTV
5400	ELAGIGILTV
34030	KLGGALQAK
36263	IVTDFSVIK
5112	KLGGALQAK
213	KLGGALQAK
33841	GILGFVFTL
26502	ELAGIGILTV
29908	GILGFVFTL
35611	KLGGALQAK
31358	KLGGALQAK
34215	KLGGALQAK
31504	GILGFVFTL
16003	RAKFKQLL
221	KLGGALQAK
34869	KLGGALQAK
24988	KLGGALQAK
5540	KLGGALQAK
14316	RAKFKQLL
5241	ELAGIGILTV
34550	KLGGALQAK
22993	KLGGALQAK
31276	GILGFVFTL
33598	GILGFVFTL
26148	GILGFVFTL
23229	RAKFKQLL
125	RAKFKQLL
34524	KLGGALQAK
26314	GLCTLVAML
34435	KLGGALQAK
17977	KLGGALQAK
14142	RAKFKQLL
34083	KLGGALQAK
6568	KLGGALQAK
8622	RAKFKQLL
34306	IVTDFSVIK
8391	RAKFKQLL
694	KLGGALQAK
36121	KLGGALQAK
31972	GILGFVFTL
35448	KLGGALQAK
34952	KLGGALQAK
35079	KLGGALQAK
5240	GLCTLVAML
635	RAKFKQLL
29020	GILGFVFTL
28586	KLGGALQAK
2312	KLGGALQAK
6357	GILGFVFTL
35230	KLGGALQAK
33468	GILGFVFTL
33595	GILGFVFTL
35690	KLGGALQAK
6231	GILGFVFTL
34953	KLGGALQAK
35106	KLGGALQAK
36087	KLGGALQAK
23813	RAKFKQLL
35839	KLGGALQAK
49	GILGFVFTL
9486	RAKFKQLL
34493	KLGGALQAK
14673	KLGGALQAK
35451	KLGGALQAK
30095	GILGFVFTL
36097	KLGGALQAK
35136	KLGGALQAK
24593	RAKFKQLL
34211	KLGGALQAK
34765	KLGGALQAK
17881	KLGGALQAK
36272	IVTDFSVIK
34878	KLGGALQAK
34796	KLGGALQAK
2447	KLGGALQAK
18	KLGGALQAK
33989	KLGGALQAK
35412	KLGGALQAK
33851	GILGFVFTL
35799	KLGGALQAK
7261	KLGGALQAK
169	GILGFVFTL
26018	KLGGALQAK
97	KLGGALQAK
33390	GILGFVFTL
5378	KLGGALQAK
25285	KLGGALQAK
4932	KLGGALQAK
17178	KLGGALQAK
15871	RAKFKQLL
26481	RAKFKQLL
24088	RAKFKQLL
35929	KLGGALQAK
7346	KLGGALQAK
25815	RAKFKQLL
7358	RAKFKQLL
34626	KLGGALQAK
5409	ELAGIGILTV
2372	ELAGIGILTV
24363	KLGGALQAK
34237	KLGGALQAK
17005	GLCTLVAML
14249	KLGGALQAK
25696	RAKFKQLL
22309	RAKFKQLL
22582	RAKFKQLL
35844	KLGGALQAK
24962	GLCTLVAML
23028	KLGGALQAK
36189	KLGGALQAK
32520	GILGFVFTL
36153	KLGGALQAK
35932	KLGGALQAK
5113	ELAGIGILTV
34006	KLGGALQAK
2467	KLGGALQAK
34335	KLGGALQAK
35213	KLGGALQAK
32019	GILGFVFTL
14628	KLGGALQAK
34792	KLGGALQAK
34225	KLGGALQAK
5041	KLGGALQAK
373	KLGGALQAK
18065	KLGGALQAK
34105	KLGGALQAK
34652	AVFDRKSDAK
7306	GILGFVFTL
26499	KLGGALQAK
34017	KLGGALQAK
6356	GILGFVFTL
11838	RAKFKQLL
18070	RAKFKQLL
35269	KLGGALQAK
28825	GILGFVFTL
34528	KLGGALQAK
14317	KLGGALQAK
25005	IVTDFSVIK
35432	KLGGALQAK
14190	RAKFKQLL
33483	GILGFVFTL
6332	GILGFVFTL
35952	KLGGALQAK
3233	IVTDFSVIK
34222	KLGGALQAK
2253	IVTDFSVIK
472	IVTDFSVIK
30087	KLGGALQAK
15667	RAKFKQLL
35631	KLGGALQAK
35574	KLGGALQAK
10407	RAKFKQLL
35302	KLGGALQAK
33588	GILGFVFTL
2384	ELAGIGILTV
15987	KLGGALQAK
24989	KLGGALQAK
7206	GILGFVFTL
35442	KLGGALQAK
5647	GILGFVFTL
15583	RAKFKQLL
34013	KLGGALQAK
30415	GILGFVFTL
7355	RAKFKQLL
2283	KLGGALQAK
30892	GILGFVFTL
15277	RAKFKQLL
24238	KLGGALQAK
32606	GILGFVFTL
641	ELAGIGILTV
2452	KLGGALQAK
14979	RAKFKQLL
17890	KLGGALQAK
30778	GILGFVFTL
35397	KLGGALQAK
34904	KLGGALQAK
5170	GLCTLVAML
32323	GILGFVFTL
35014	KLGGALQAK
35657	KLGGALQAK
223	AVFDRKSDAK
35981	KLGGALQAK
35146	KLGGALQAK
30923	GILGFVFTL
2421	KLGGALQAK
17090	RAKFKQLL
25438	RAKFKQLL
25812	RAKFKQLL
36158	KLGGALQAK
34418	KLGGALQAK
13207	RAKFKQLL
32290	GILGFVFTL
34110	KLGGALQAK
32364	GILGFVFTL
5421	KLGGALQAK
34995	KLGGALQAK
5561	GILGFVFTL
6245	GILGFVFTL
34830	KLGGALQAK
34536	KLGGALQAK
36247	KLGGALQAK
18089	KLGGALQAK
5494	KLGGALQAK
24041	RAKFKQLL
35706	KLGGALQAK
25021	RAKFKQLL
2931	IVTDFSVIK
279	KLGGALQAK
34252	KLGGALQAK
35317	KLGGALQAK
34440	KLGGALQAK
23119	KLGGALQAK
34790	KLGGALQAK
33963	KLGGALQAK
2301	ELAGIGILTV
33854	GILGFVFTL
36021	KLGGALQAK
36237	AVFDRKSDAK
36317	KLGGALQAK
26468	KLGGALQAK
35465	KLGGALQAK
34834	KLGGALQAK
35234	KLGGALQAK
16058	RAKFKQLL
36138	KLGGALQAK
5491	KLGGALQAK
34927	KLGGALQAK
2336	KLGGALQAK
25076	KLGGALQAK
34198	KLGGALQAK
34538	KLGGALQAK
34062	KLGGALQAK
15145	RAKFKQLL
18093	RAKFKQLL
36331	KLGGALQAK
36191	KLGGALQAK
7318	GILGFVFTL
33475	KLGGALQAK
32525	GILGFVFTL
34114	KLGGALQAK
18026	RAKFKQLL
28596	KLGGALQAK
5220	RAKFKQLL
32775	GILGFVFTL
26150	RAKFKQLL
34803	KLGGALQAK
26116	GILGFVFTL
34640	KLGGALQAK
29	KLGGALQAK
32519	GILGFVFTL
27098	RAKFKQLL
35895	KLGGALQAK
23893	KLGGALQAK
2565	KLGGALQAK
1588	AVFDRKSDAK
34301	KLGGALQAK
25028	GILGFVFTL
36126	KLGGALQAK
34460	KLGGALQAK
35743	KLGGALQAK
24638	RAKFKQLL
25218	KLGGALQAK
5033	KLGGALQAK
18532	RAKFKQLL
35161	KLGGALQAK
35877	KLGGALQAK
22322	KLGGALQAK
4786	IVTDFSVIK
5058	KLGGALQAK
2339	AVFDRKSDAK
28720	KLGGALQAK
6807	GILGFVFTL
597	GILGFVFTL
17954	RAKFKQLL
7253	KLGGALQAK
78	RAKFKQLL
7294	GILGFVFTL
2534	IVTDFSVIK
20756	RAKFKQLL
31933	GILGFVFTL
24316	KLGGALQAK
5135	RAKFKQLL
2527	KLGGALQAK
18072	RAKFKQLL
7711	RAKFKQLL
16980	KLGGALQAK
35618	KLGGALQAK
25383	RAKFKQLL
250	GILGFVFTL
28411	RAKFKQLL
19486	RAKFKQLL
21712	RAKFKQLL
2248	IVTDFSVIK
28956	ELAGIGILTV
23018	GILGFVFTL
34911	KLGGALQAK
15570	KLGGALQAK
6560	GILGFVFTL
2559	IVTDFSVIK
28714	KLGGALQAK
14528	RAKFKQLL
29960	GILGFVFTL
177	KLGGALQAK
23071	GILGFVFTL
24305	RAKFKQLL
5469	ELAGIGILTV
2493	KLGGALQAK
12702	RAKFKQLL
34192	KLGGALQAK
11360	RAKFKQLL
24221	RAKFKQLL
34573	KLGGALQAK
36137	KLGGALQAK
24820	RAKFKQLL
35344	KLGGALQAK
34898	KLGGALQAK
5433	GILGFVFTL
6748	GILGFVFTL
14625	GLCTLVAML
642	IVTDFSVIK
29936	GILGFVFTL
34032	KLGGALQAK
35733	KLGGALQAK
17002	KLGGALQAK
6365	GILGFVFTL
23007	RAKFKQLL
25813	RAKFKQLL
4933	ELAGIGILTV
35843	KLGGALQAK
36294	KLGGALQAK
32709	GILGFVFTL
28602	KLGGALQAK
26262	KLGGALQAK
35861	KLGGALQAK
6691	GILGFVFTL
26559	RAKFKQLL
19628	RAKFKQLL
35669	KLGGALQAK
34597	KLGGALQAK
5151	KLGGALQAK
34664	KLGGALQAK
89	AVFDRKSDAK
35635	KLGGALQAK
34138	KLGGALQAK
2392	KLGGALQAK
2299	GILGFVFTL
35330	KLGGALQAK
35662	KLGGALQAK
34452	KLGGALQAK
35295	KLGGALQAK
3258	IVTDFSVIK
35891	ELAGIGILTV
36060	KLGGALQAK
28732	KLGGALQAK
36096	KLGGALQAK
33986	KLGGALQAK
35259	KLGGALQAK
28450	KLGGALQAK
38430	KLGGALQAK
30391	GILGFVFTL
26039	KLGGALQAK
33931	RAKFKQLL
34942	KLGGALQAK
33846	GILGFVFTL
34802	KLGGALQAK
33422	GILGFVFTL
33530	GILGFVFTL
34703	KLGGALQAK
7659	GILGFVFTL
34102	ELAGIGILTV
22989	KLGGALQAK
34384	KLGGALQAK
5458	KLGGALQAK
34401	KLGGALQAK
696	KLGGALQAK
35833	KLGGALQAK
38422	KLGGALQAK
34818	KLGGALQAK
32001	GILGFVFTL
16952	KLGGALQAK
5288	KLGGALQAK
34176	KLGGALQAK
18086	KLGGALQAK
16186	RAKFKQLL
14683	RAKFKQLL
16063	RAKFKQLL
5516	ELAGIGILTV
35481	KLGGALQAK
36291	IVTDFSVIK
6162	GILGFVFTL
31852	GILGFVFTL
123	RAKFKQLL
2279	KLGGALQAK
25452	KLGGALQAK
28683	KLGGALQAK
2446	RAKFKQLL
36120	KLGGALQAK
35947	KLGGALQAK
2999	IVTDFSVIK
29945	GILGFVFTL
24359	KLGGALQAK
27576	RAKFKQLL
6333	GILGFVFTL
367	KLGGALQAK
5290	KLGGALQAK
35143	KLGGALQAK
7345	RAKFKQLL
34049	KLGGALQAK
32911	GILGFVFTL
28448	KLGGALQAK
35695	KLGGALQAK
34770	KLGGALQAK
26033	KLGGALQAK
25053	RAKFKQLL
35864	KLGGALQAK
7326	RAKFKQLL
5496	ELAGIGILTV
34433	KLGGALQAK
2401	KLGGALQAK
5264	GILGFVFTL
35967	GILGFVFTL
25086	GLCTLVAML
5407	KLGGALQAK
22995	RAKFKQLL
36064	KLGGALQAK
14263	KLGGALQAK
25219	KLGGALQAK
186	KLGGALQAK
34753	KLGGALQAK
34948	KLGGALQAK
25392	RAKFKQLL
5498	ELAGIGILTV
35165	KLGGALQAK
31936	GILGFVFTL
255	KLGGALQAK
24282	RAKFKQLL
623	KLGGALQAK
34695	KLGGALQAK
2374	KLGGALQAK
35616	KLGGALQAK
23356	RAKFKQLL
34355	KLGGALQAK
6254	GILGFVFTL
209	RAKFKQLL
31081	GILGFVFTL
35268	KLGGALQAK
23888	RAKFKQLL
27087	RAKFKQLL
34612	KLGGALQAK
34491	AVFDRKSDAK
34206	KLGGALQAK
26703	RAKFKQLL
257	KLGGALQAK
2469	KLGGALQAK
12887	RAKFKQLL
1168	AVFDRKSDAK
33990	KLGGALQAK
35377	KLGGALQAK
27086	KLGGALQAK
34230	ELAGIGILTV
35284	KLGGALQAK
15298	RAKFKQLL
34011	KLGGALQAK
36310	ELAGIGILTV
625	GILGFVFTL
2382	KLGGALQAK
29797	GILGFVFTL
7680	RAKFKQLL
25105	RAKFKQLL
35203	KLGGALQAK
35009	KLGGALQAK
62	AVFDRKSDAK
6544	ELAGIGILTV
15296	ELAGIGILTV
34259	KLGGALQAK
32368	GILGFVFTL
33556	GILGFVFTL
10357	RAKFKQLL
25184	GILGFVFTL
34216	KLGGALQAK
6305	GILGFVFTL
6983	GILGFVFTL
15320	KLGGALQAK
7666	RAKFKQLL
5534	KLGGALQAK
23203	KLGGALQAK
33799	GILGFVFTL
7264	AVFDRKSDAK
75	KLGGALQAK
31903	GILGFVFTL
34549	KLGGALQAK
34726	KLGGALQAK
26059	KLGGALQAK
25008	IVTDFSVIK
23206	RAKFKQLL
35841	GILGFVFTL
34352	KLGGALQAK
2411	KLGGALQAK
35774	KLGGALQAK
29935	GILGFVFTL
24297	RAKFKQLL
35482	KLGGALQAK
34833	KLGGALQAK
5260	KLGGALQAK
2389	KLGGALQAK
36193	KLGGALQAK
35385	KLGGALQAK
5177	KLGGALQAK
5060	KLGGALQAK
7328	KLGGALQAK
28419	KLGGALQAK
24509	RAKFKQLL
34221	KLGGALQAK
25397	RAKFKQLL
17042	RAKFKQLL
31407	GILGFVFTL
668	ELAGIGILTV
14188	RAKFKQLL
5104	KLGGALQAK
8581	RAKFKQLL
26017	GILGFVFTL
25007	IVTDFSVIK
35624	IVTDFSVIK
5515	ELAGIGILTV
32334	GILGFVFTL
27092	KLGGALQAK
14401	RAKFKQLL
2296	KLGGALQAK
38428	IVTDFSVIK
21061	RAKFKQLL
36222	IVTDFSVIK
35591	KLGGALQAK
14606	RAKFKQLL
31380	GILGFVFTL
32420	GILGFVFTL
34962	KLGGALQAK
36101	KLGGALQAK
26147	RAKFKQLL
35563	KLGGALQAK
7160	GILGFVFTL
263	KLGGALQAK
34862	KLGGALQAK
5275	RAKFKQLL
26011	RAKFKQLL
7257	ELAGIGILTV
23817	KLGGALQAK
6334	KLGGALQAK
251	KLGGALQAK
34997	KLGGALQAK
26626	RAKFKQLL
15998	RAKFKQLL
2435	IVTDFSVIK
35285	KLGGALQAK
28412	KLGGALQAK
33470	GILGFVFTL
34328	KLGGALQAK
33520	GILGFVFTL
35910	KLGGALQAK
33827	GILGFVFTL
24317	KLGGALQAK
24987	KLGGALQAK
34755	KLGGALQAK
26214	GLCTLVAML
35063	KLGGALQAK
34811	KLGGALQAK
33572	GILGFVFTL
26739	RAKFKQLL
6855	GILGFVFTL
643	KLGGALQAK
9228	RAKFKQLL
34180	KLGGALQAK
35810	KLGGALQAK
7213	GILGFVFTL
35196	KLGGALQAK
36003	KLGGALQAK
36177	KLGGALQAK
5022	GILGFVFTL
14187	KLGGALQAK
35873	AVFDRKSDAK
35711	KLGGALQAK
24401	RAKFKQLL
6892	GILGFVFTL
15304	RAKFKQLL
34687	KLGGALQAK
5029	GILGFVFTL
17863	KLGGALQAK
25852	KLGGALQAK
23884	KLGGALQAK
10987	RAKFKQLL
24338	RAKFKQLL
10423	RAKFKQLL
5079	KLGGALQAK
34631	KLGGALQAK
5483	KLGGALQAK
27521	RAKFKQLL
31930	GILGFVFTL
4936	GILGFVFTL
4955	KLGGALQAK
36091	IVTDFSVIK
14850	RAKFKQLL
35580	KLGGALQAK
6094	GILGFVFTL
5803	GILGFVFTL
23834	KLGGALQAK
6048	GILGFVFTL
34360	KLGGALQAK
34417	KLGGALQAK
35363	KLGGALQAK
34822	KLGGALQAK
5486	KLGGALQAK
34381	KLGGALQAK
35131	KLGGALQAK
34943	KLGGALQAK
35716	KLGGALQAK
16713	RAKFKQLL
30475	GILGFVFTL
36179	KLGGALQAK
33537	GILGFVFTL
34950	KLGGALQAK
35971	KLGGALQAK
22177	RAKFKQLL
34620	KLGGALQAK
34688	KLGGALQAK
21873	RAKFKQLL
5105	KLGGALQAK
25799	RAKFKQLL
25085	RAKFKQLL
29930	GILGFVFTL
17861	KLGGALQAK
71	AVFDRKSDAK
34229	KLGGALQAK
34551	KLGGALQAK
35043	KLGGALQAK
13887	RAKFKQLL
28607	KLGGALQAK
14640	KLGGALQAK
19693	RAKFKQLL
23826	KLGGALQAK
23371	KLGGALQAK
6470	GILGFVFTL
30502	GILGFVFTL
26145	KLGGALQAK
34271	KLGGALQAK
2229	ELAGIGILTV
35674	KLGGALQAK
4155	IVTDFSVIK
8188	GILGFVFTL
2472	AVFDRKSDAK
35251	KLGGALQAK
29911	GILGFVFTL
7074	GILGFVFTL
4962	GILGFVFTL
34647	AVFDRKSDAK
36273	IVTDFSVIK
24716	RAKFKQLL
26476	KLGGALQAK
36252	KLGGALQAK
29967	GILGFVFTL
156	GILGFVFTL
32616	GILGFVFTL
13932	RAKFKQLL
35639	KLGGALQAK
34265	KLGGALQAK
34960	KLGGALQAK
35754	KLGGALQAK
35018	KLGGALQAK
2503	ELAGIGILTV
35160	KLGGALQAK
35564	KLGGALQAK
34525	KLGGALQAK
5567	GILGFVFTL
20172	RAKFKQLL
35087	KLGGALQAK
2348	GILGFVFTL
33472	GILGFVFTL
34337	KLGGALQAK
34441	KLGGALQAK
636	KLGGALQAK
35346	KLGGALQAK
35821	KLGGALQAK
17882	GILGFVFTL
35614	KLGGALQAK
23001	KLGGALQAK
35589	KLGGALQAK
29922	GILGFVFTL
34461	KLGGALQAK
133	GILGFVFTL
34651	KLGGALQAK
6551	GILGFVFTL
15293	RAKFKQLL
33	GILGFVFTL
36180	KLGGALQAK
94	KLGGALQAK
26146	KLGGALQAK
28451	KLGGALQAK
14623	RAKFKQLL
28851	RAKFKQLL
33951	KLGGALQAK
2414	KLGGALQAK
24341	KLGGALQAK
32998	GILGFVFTL
32883	GILGFVFTL
33900	GILGFVFTL
35720	KLGGALQAK
7226	KLGGALQAK
34122	KLGGALQAK
6359	IVTDFSVIK
13801	RAKFKQLL
23214	KLGGALQAK
33498	GILGFVFTL
34483	KLGGALQAK
36208	KLGGALQAK
2305	KLGGALQAK
34860	KLGGALQAK
23372	KLGGALQAK
28376	KLGGALQAK
5653	GILGFVFTL
32181	GILGFVFTL
34825	KLGGALQAK
35214	KLGGALQAK
7236	AVFDRKSDAK
34009	KLGGALQAK
3101	IVTDFSVIK
34604	ELAGIGILTV
35731	KLGGALQAK
10031	RAKFKQLL
2290	KLGGALQAK
5546	ELAGIGILTV
9044	RAKFKQLL
23820	RAKFKQLL
36020	KLGGALQAK
35309	KLGGALQAK
34717	KLGGALQAK
28593	KLGGALQAK
28473	AVFDRKSDAK
35892	KLGGALQAK
35468	KLGGALQAK
14980	RAKFKQLL
6596	GILGFVFTL
23814	KLGGALQAK
34385	KLGGALQAK
36293	IVTDFSVIK
4164	IVTDFSVIK
28857	AVFDRKSDAK
167	ELAGIGILTV
5422	KLGGALQAK
18230	RAKFKQLL
34681	KLGGALQAK
25796	GILGFVFTL
35858	KLGGALQAK
35340	KLGGALQAK
36256	KLGGALQAK
35290	KLGGALQAK
23019	KLGGALQAK
25084	GILGFVFTL
5065	KLGGALQAK
32367	GILGFVFTL
4967	KLGGALQAK
34383	KLGGALQAK
35145	KLGGALQAK
5450	AVFDRKSDAK
34793	KLGGALQAK
34142	KLGGALQAK
34667	KLGGALQAK
34167	KLGGALQAK
14846	KLGGALQAK
35438	KLGGALQAK
5660	GILGFVFTL
23876	KLGGALQAK
27721	RAKFKQLL
30289	GILGFVFTL
34998	KLGGALQAK
29702	GILGFVFTL
25220	GILGFVFTL
33490	GILGFVFTL
35100	KLGGALQAK
5050	RAKFKQLL
34071	KLGGALQAK
35256	KLGGALQAK
208	RAKFKQLL
33500	GILGFVFTL
30429	GILGFVFTL
22102	RAKFKQLL
108	KLGGALQAK
17046	RAKFKQLL
14250	KLGGALQAK
28601	KLGGALQAK
7260	ELAGIGILTV
35053	KLGGALQAK
35603	KLGGALQAK
28577	KLGGALQAK
18350	RAKFKQLL
25079	KLGGALQAK
36109	KLGGALQAK
36024	KLGGALQAK
28302	KLGGALQAK
11463	RAKFKQLL
19550	RAKFKQLL
175	ELAGIGILTV
2522	RAKFKQLL
34070	KLGGALQAK
22114	RAKFKQLL
6255	GILGFVFTL
26418	GLCTLVAML
34168	KLGGALQAK
28722	KLGGALQAK
30096	GILGFVFTL
24350	KLGGALQAK
26036	KLGGALQAK
28826	GILGFVFTL
34394	KLGGALQAK
207	RAKFKQLL
34783	KLGGALQAK
33499	GILGFVFTL
24683	RAKFKQLL
24975	KLGGALQAK
35865	KLGGALQAK
18047	RAKFKQLL
23804	RAKFKQLL
33923	KLGGALQAK
34654	KLGGALQAK
35680	KLGGALQAK
33548	GILGFVFTL
23859	KLGGALQAK
33479	GILGFVFTL
34069	KLGGALQAK
34516	AVFDRKSDAK
4046	IVTDFSVIK
24710	KLGGALQAK
35386	KLGGALQAK
5059	ELAGIGILTV
2506	KLGGALQAK
139	GILGFVFTL
31663	GILGFVFTL
661	ELAGIGILTV
34678	KLGGALQAK
35398	KLGGALQAK
7201	GILGFVFTL
17298	GLCTLVAML
35088	KLGGALQAK
25731	GILGFVFTL
36308	KLGGALQAK
2195	AVFDRKSDAK
28306	KLGGALQAK
35353	KLGGALQAK
34760	KLGGALQAK
5074	KLGGALQAK
6858	GILGFVFTL
25797	RAKFKQLL
32620	GILGFVFTL
8896	RAKFKQLL
34542	KLGGALQAK
29877	GILGFVFTL
4973	KLGGALQAK
34314	KLGGALQAK
35582	KLGGALQAK
2245	KLGGALQAK
23889	GILGFVFTL
31503	IVTDFSVIK
36083	IVTDFSVIK
15334	KLGGALQAK
5044	KLGGALQAK
31064	GILGFVFTL
26480	GILGFVFTL
34871	KLGGALQAK
23220	KLGGALQAK
5186	KLGGALQAK
2095	AVFDRKSDAK
34217	KLGGALQAK
23000	RAKFKQLL
33476	KLGGALQAK
14241	GILGFVFTL
631	IVTDFSVIK
34393	KLGGALQAK
5445	KLGGALQAK
25249	GLCTLVAML
7163	ELAGIGILTV
28831	GILGFVFTL
702	ELAGIGILTV
4821	IVTDFSVIK
32607	GILGFVFTL
6949	GILGFVFTL
35777	KLGGALQAK
196	AVFDRKSDAK
24340	KLGGALQAK
33999	KLGGALQAK
33534	GILGFVFTL
25451	RAKFKQLL
5525	ELAGIGILTV
16982	RAKFKQLL
35757	KLGGALQAK
35083	KLGGALQAK
25302	RAKFKQLL
15086	RAKFKQLL
14334	GILGFVFTL
11437	RAKFKQLL
5222	KLGGALQAK
16697	RAKFKQLL
37043	IVTDFSVIK
13152	RAKFKQLL
14837	RAKFKQLL
2254	RAKFKQLL
23126	IVTDFSVIK
689	AVFDRKSDAK
26482	GILGFVFTL
0	GILGFVFTL
25070	KLGGALQAK
34682	KLGGALQAK
2494	KLGGALQAK
35243	KLGGALQAK
5117	KLGGALQAK
15367	RAKFKQLL
28587	GILGFVFTL
36233	IVTDFSVIK
5242	KLGGALQAK
14058	RAKFKQLL
36253	KLGGALQAK
16001	ELAGIGILTV
23245	RAKFKQLL
34345	KLGGALQAK
34801	KLGGALQAK
10972	RAKFKQLL
26038	KLGGALQAK
7171	GILGFVFTL
35965	KLGGALQAK
35781	KLGGALQAK
35590	KLGGALQAK
28957	GILGFVFTL
34691	KLGGALQAK
28830	KLGGALQAK
35124	KLGGALQAK
5259	ELAGIGILTV
24944	GLCTLVAML
34884	KLGGALQAK
8379	GILGFVFTL
34544	KLGGALQAK
14347	RAKFKQLL
36215	KLGGALQAK
31880	GILGFVFTL
13995	GILGFVFTL
4953	KLGGALQAK
25454	KLGGALQAK
2667	IVTDFSVIK
5460	IVTDFSVIK
23222	KLGGALQAK
2226	RAKFKQLL
34498	KLGGALQAK
35753	KLGGALQAK
31928	GILGFVFTL
32594	GILGFVFTL
23816	GILGFVFTL
34120	KLGGALQAK
36326	KLGGALQAK
34021	KLGGALQAK
34059	KLGGALQAK
25899	RAKFKQLL
526	IVTDFSVIK
34015	KLGGALQAK
35571	KLGGALQAK
6335	GILGFVFTL
8104	RAKFKQLL
22327	IVTDFSVIK
14075	RAKFKQLL
34473	KLGGALQAK
29944	GILGFVFTL
14672	KLGGALQAK
15582	RAKFKQLL
18341	RAKFKQLL
36131	AVFDRKSDAK
33521	GILGFVFTL
35872	KLGGALQAK
2280	IVTDFSVIK
35585	KLGGALQAK
31443	GILGFVFTL
25807	GILGFVFTL
5392	GILGFVFTL
282	KLGGALQAK
7313	GILGFVFTL
5054	KLGGALQAK
27091	KLGGALQAK
31666	GILGFVFTL
2466	AVFDRKSDAK
31359	GILGFVFTL
27088	RAKFKQLL
7969	RAKFKQLL
13986	RAKFKQLL
26074	GILGFVFTL
224	KLGGALQAK
23548	RAKFKQLL
28361	KLGGALQAK
35950	KLGGALQAK
5247	ELAGIGILTV
34342	KLGGALQAK
6555	GILGFVFTL
30412	GILGFVFTL
35011	KLGGALQAK
181	ELAGIGILTV
33954	RAKFKQLL
34029	KLGGALQAK
2423	ELAGIGILTV
35966	KLGGALQAK
5229	KLGGALQAK
35652	KLGGALQAK
35577	KLGGALQAK
6351	GILGFVFTL
14626	RAKFKQLL
24235	RAKFKQLL
6098	GILGFVFTL
31343	GILGFVFTL
5163	GILGFVFTL
35408	KLGGALQAK
8107	RAKFKQLL
34080	KLGGALQAK
36135	KLGGALQAK
25006	IVTDFSVIK
24711	GILGFVFTL
27968	RAKFKQLL
28446	KLGGALQAK
30520	GILGFVFTL
34799	KLGGALQAK
38426	IVTDFSVIK
34486	KLGGALQAK
2370	RAKFKQLL
25763	GILGFVFTL
20062	RAKFKQLL
34037	KLGGALQAK
28606	ELAGIGILTV
2329	KLGGALQAK
26558	RAKFKQLL
35874	KLGGALQAK
28418	KLGGALQAK
31937	GILGFVFTL
33480	KLGGALQAK
24242	RAKFKQLL
34791	KLGGALQAK
31362	GILGFVFTL
28458	KLGGALQAK
36285	KLGGALQAK
34432	KLGGALQAK
33993	KLGGALQAK
31858	GILGFVFTL
35090	KLGGALQAK
35263	KLGGALQAK
29946	GILGFVFTL
9154	RAKFKQLL
34692	KLGGALQAK
664	ELAGIGILTV
30539	GILGFVFTL
11726	RAKFKQLL
2132	AVFDRKSDAK
34874	KLGGALQAK
35622	KLGGALQAK
2358	KLGGALQAK
699	KLGGALQAK
7366	KLGGALQAK
28818	RAKFKQLL
33998	KLGGALQAK
5404	RAKFKQLL
382	IVTDFSVIK
36246	KLGGALQAK
6601	GILGFVFTL
36283	KLGGALQAK
35378	KLGGALQAK
7689	RAKFKQLL
25394	GILGFVFTL
5428	KLGGALQAK
17970	RAKFKQLL
69	KLGGALQAK
23843	KLGGALQAK
34474	KLGGALQAK
30361	GILGFVFTL
34761	KLGGALQAK
30562	GILGFVFTL
5218	GILGFVFTL
20673	RAKFKQLL
36160	KLGGALQAK
33908	KLGGALQAK
14516	RAKFKQLL
35617	KLGGALQAK
35015	KLGGALQAK
35328	KLGGALQAK
23845	KLGGALQAK
2330	ELAGIGILTV
35402	KLGGALQAK
29698	GILGFVFTL
18107	ELAGIGILTV
26525	GLCTLVAML
36287	KLGGALQAK
35569	KLGGALQAK
35762	KLGGALQAK
13989	RAKFKQLL
235	KLGGALQAK
24963	GLCTLVAML
5019	KLGGALQAK
23962	RAKFKQLL
5256	KLGGALQAK
35273	KLGGALQAK
35314	KLGGALQAK
283	KLGGALQAK
34121	KLGGALQAK
85	KLGGALQAK
10	ELAGIGILTV
34290	KLGGALQAK
27843	RAKFKQLL
31776	GILGFVFTL
4390	IVTDFSVIK
28710	RAKFKQLL
5414	RAKFKQLL
34310	KLGGALQAK
35356	KLGGALQAK
23230	RAKFKQLL
28417	KLGGALQAK
34484	KLGGALQAK
35193	KLGGALQAK
2315	IVTDFSVIK
628	GILGFVFTL
25222	RAKFKQLL
35188	KLGGALQAK
6347	GILGFVFTL
18104	KLGGALQAK
28703	RAKFKQLL
33505	GILGFVFTL
205	KLGGALQAK
5417	KLGGALQAK
6959	ELAGIGILTV
7084	GILGFVFTL
36025	KLGGALQAK
36245	KLGGALQAK
31333	GILGFVFTL
34870	KLGGALQAK
25002	RAKFKQLL
35791	KLGGALQAK
2004	AVFDRKSDAK
25072	KLGGALQAK
24334	IVTDFSVIK
5731	GILGFVFTL
32592	GILGFVFTL
10950	RAKFKQLL
35887	RAKFKQLL
6	GILGFVFTL
33590	GILGFVFTL
2286	KLGGALQAK
29774	GILGFVFTL
16044	RAKFKQLL
23849	RAKFKQLL
16659	RAKFKQLL
705	RAKFKQLL
34199	KLGGALQAK
33860	GILGFVFTL
26491	GLCTLVAML
23305	RAKFKQLL
2306	KLGGALQAK
7061	GILGFVFTL
6951	GILGFVFTL
34873	KLGGALQAK
27758	RAKFKQLL
34233	KLGGALQAK
2371	KLGGALQAK
32983	GILGFVFTL
33206	RAKFKQLL
34487	KLGGALQAK
5507	ELAGIGILTV
23844	KLGGALQAK
6549	KLGGALQAK
159	KLGGALQAK
1233	AVFDRKSDAK
34708	KLGGALQAK
5080	IVTDFSVIK
25447	RAKFKQLL
34975	KLGGALQAK
34268	KLGGALQAK
683	KLGGALQAK
23014	KLGGALQAK
7344	RAKFKQLL
14272	RAKFKQLL
34095	KLGGALQAK
35679	KLGGALQAK
36212	IVTDFSVIK
35696	KLGGALQAK
33917	RAKFKQLL
36322	IVTDFSVIK
25294	KLGGALQAK
33386	GILGFVFTL
17893	GLCTLVAML
34743	KLGGALQAK
15330	RAKFKQLL
630	GILGFVFTL
33516	GILGFVFTL
35885	KLGGALQAK
25783	RAKFKQLL
239	KLGGALQAK
31404	GILGFVFTL
27841	RAKFKQLL
13978	RAKFKQLL
30421	GILGFVFTL
35621	KLGGALQAK
5652	GILGFVFTL
3074	IVTDFSVIK
26494	KLGGALQAK
34485	KLGGALQAK
28415	KLGGALQAK
26521	KLGGALQAK
2462	KLGGALQAK
26190	GLCTLVAML
596	ELAGIGILTV
35963	KLGGALQAK
26055	KLGGALQAK
2562	KLGGALQAK
35296	KLGGALQAK
31368	GILGFVFTL
25277	RAKFKQLL
4192	IVTDFSVIK
24692	KLGGALQAK
35912	KLGGALQAK
17967	KLGGALQAK
33072	GILGFVFTL
35025	KLGGALQAK
34823	KLGGALQAK
13821	RAKFKQLL
14243	RAKFKQLL
35756	KLGGALQAK
8170	RAKFKQLL
6598	GILGFVFTL
34201	KLGGALQAK
32999	GILGFVFTL
33178	GILGFVFTL
34762	KLGGALQAK
34079	KLGGALQAK
36202	KLGGALQAK
5389	ELAGIGILTV
15794	RAKFKQLL
26260	KLGGALQAK
27120	RAKFKQLL
26140	KLGGALQAK
14627	IVTDFSVIK
7235	KLGGALQAK
5488	KLGGALQAK
34531	KLGGALQAK
2438	IVTDFSVIK
5624	GILGFVFTL
17036	KLGGALQAK
34662	KLGGALQAK
34795	KLGGALQAK
36239	AVFDRKSDAK
23278	RAKFKQLL
31406	GILGFVFTL
35172	KLGGALQAK
4956	GILGFVFTL
34189	KLGGALQAK
33391	GILGFVFTL
7686	RAKFKQLL
7269	KLGGALQAK
22245	RAKFKQLL
32921	GILGFVFTL
28457	GILGFVFTL
34055	KLGGALQAK
34146	KLGGALQAK
35016	KLGGALQAK
374	KLGGALQAK
26032	KLGGALQAK
12	RAKFKQLL
284	KLGGALQAK
34477	KLGGALQAK
23228	KLGGALQAK
2775	IVTDFSVIK
14677	GILGFVFTL
34008	KLGGALQAK
31340	GILGFVFTL
2566	KLGGALQAK
35726	KLGGALQAK
34492	KLGGALQAK
11294	RAKFKQLL
34226	KLGGALQAK
2246	IVTDFSVIK
32297	GILGFVFTL
35801	KLGGALQAK
36279	IVTDFSVIK
32605	GILGFVFTL
7083	GILGFVFTL
35739	KLGGALQAK
35431	KLGGALQAK
25402	GILGFVFTL
15321	RAKFKQLL
28372	KLGGALQAK
5238	GILGFVFTL
3038	IVTDFSVIK
34562	KLGGALQAK
35333	KLGGALQAK
7679	RAKFKQLL
8147	RAKFKQLL
15322	RAKFKQLL
35399	KLGGALQAK
34907	KLGGALQAK
15324	KLGGALQAK
5855	GILGFVFTL
24598	RAKFKQLL
30089	GILGFVFTL
30088	GILGFVFTL
16935	KLGGALQAK
8	KLGGALQAK
33996	KLGGALQAK
34585	KLGGALQAK
33961	RAKFKQLL
5606	GILGFVFTL
24361	RAKFKQLL
6262	GILGFVFTL
35208	KLGGALQAK
24707	RAKFKQLL
272	IVTDFSVIK
5804	GILGFVFTL
18115	RAKFKQLL
34336	KLGGALQAK
34614	KLGGALQAK
26138	KLGGALQAK
34561	KLGGALQAK
9609	RAKFKQLL
35820	KLGGALQAK
18590	RAKFKQLL
25265	RAKFKQLL
32402	GILGFVFTL
22001	RAKFKQLL
35372	KLGGALQAK
30422	GILGFVFTL
25912	KLGGALQAK
5253	ELAGIGILTV
36052	KLGGALQAK
7176	GILGFVFTL
2541	IVTDFSVIK
25108	RAKFKQLL
32304	GILGFVFTL
274	KLGGALQAK
5281	GLCTLVAML
8106	RAKFKQLL
30664	GILGFVFTL
5959	GILGFVFTL
25802	KLGGALQAK
34727	KLGGALQAK
18055	GLCTLVAML
11402	RAKFKQLL
13269	RAKFKQLL
35222	KLGGALQAK
14897	RAKFKQLL
23231	KLGGALQAK
33591	GILGFVFTL
31373	GILGFVFTL
35718	KLGGALQAK
34992	KLGGALQAK
35292	KLGGALQAK
33529	GILGFVFTL
35081	KLGGALQAK
23124	KLGGALQAK
15046	RAKFKQLL
31942	GILGFVFTL
7682	RAKFKQLL
44	KLGGALQAK
5566	GILGFVFTL
35327	KLGGALQAK
5649	RAKFKQLL
5393	KLGGALQAK
36211	KLGGALQAK
36078	IVTDFSVIK
34836	KLGGALQAK
34600	KLGGALQAK
34376	KLGGALQAK
137	KLGGALQAK
17965	AVFDRKSDAK
6599	GILGFVFTL
2318	KLGGALQAK
17869	KLGGALQAK
27947	GLCTLVAML
669	KLGGALQAK
378	KLGGALQAK
34014	KLGGALQAK
6709	GILGFVFTL
35361	KLGGALQAK
7996	RAKFKQLL
7230	RAKFKQLL
8542	GILGFVFTL
34437	KLGGALQAK
34209	KLGGALQAK
4982	KLGGALQAK
35875	KLGGALQAK
5021	KLGGALQAK
34220	KLGGALQAK
31941	GILGFVFTL
31653	GILGFVFTL
5100	AVFDRKSDAK
36113	KLGGALQAK
35798	KLGGALQAK
5118	KLGGALQAK
28300	RAKFKQLL
15215	RAKFKQLL
32385	GILGFVFTL
36286	KLGGALQAK
3316	IVTDFSVIK
34190	KLGGALQAK
34548	KLGGALQAK
35080	KLGGALQAK
36265	KLGGALQAK
29867	GILGFVFTL
2250	KLGGALQAK
23833	KLGGALQAK
33956	KLGGALQAK
35944	KLGGALQAK
35665	KLGGALQAK
35893	KLGGALQAK
34266	KLGGALQAK
34424	KLGGALQAK
5221	KLGGALQAK
34742	KLGGALQAK
28884	KLGGALQAK
5562	GILGFVFTL
2460	KLGGALQAK
5972	GILGFVFTL
23008	RAKFKQLL
35392	KLGGALQAK
17035	KLGGALQAK
35294	KLGGALQAK
34666	KLGGALQAK
30546	RAKFKQLL
35324	KLGGALQAK
34590	KLGGALQAK
3952	IVTDFSVIK
18053	KLGGALQAK
6479	AVFDRKSDAK
5429	ELAGIGILTV
35455	KLGGALQAK
36209	KLGGALQAK
14843	RAKFKQLL
34140	KLGGALQAK
34594	KLGGALQAK
6232	GILGFVFTL
193	IVTDFSVIK
34719	ELAGIGILTV
34258	KLGGALQAK
26259	KLGGALQAK
594	KLGGALQAK
15361	RAKFKQLL
35826	KLGGALQAK
112	KLGGALQAK
34540	KLGGALQAK
16933	GILGFVFTL
28400	RAKFKQLL
5402	ELAGIGILTV
5285	KLGGALQAK
14262	KLGGALQAK
28717	GILGFVFTL
7065	GILGFVFTL
34174	KLGGALQAK
35954	KLGGALQAK
32555	GILGFVFTL
35647	KLGGALQAK
34152	KLGGALQAK
35065	KLGGALQAK
6050	GILGFVFTL
6600	GILGFVFTL
35316	KLGGALQAK
35174	ELAGIGILTV
28463	KLGGALQAK
35163	KLGGALQAK
11759	RAKFKQLL
33289	GILGFVFTL
3185	IVTDFSVIK
34582	KLGGALQAK
6605	GILGFVFTL
24339	KLGGALQAK
4107	IVTDFSVIK
35132	KLGGALQAK
34970	KLGGALQAK
36186	KLGGALQAK
23825	RAKFKQLL
23900	KLGGALQAK
25014	GILGFVFTL
36007	KLGGALQAK
15276	RAKFKQLL
34426	AVFDRKSDAK
28598	KLGGALQAK
34406	KLGGALQAK
240	RAKFKQLL
2242	ELAGIGILTV
35275	KLGGALQAK
35568	KLGGALQAK
3846	IVTDFSVIK
35869	KLGGALQAK
34810	AVFDRKSDAK
12620	RAKFKQLL
35142	AVFDRKSDAK
30431	GILGFVFTL
35084	KLGGALQAK
31623	GILGFVFTL
5497	KLGGALQAK
48	RAKFKQLL
173	ELAGIGILTV
34389	KLGGALQAK
35817	KLGGALQAK
34482	KLGGALQAK
6251	GILGFVFTL
869	AVFDRKSDAK
19401	RAKFKQLL
5384	KLGGALQAK
34353	KLGGALQAK
28680	KLGGALQAK
34526	KLGGALQAK
219	KLGGALQAK
33953	KLGGALQAK
7370	GILGFVFTL
5183	GILGFVFTL
13776	RAKFKQLL
31840	GILGFVFTL
35362	KLGGALQAK
7178	GILGFVFTL
34267	KLGGALQAK
25800	KLGGALQAK
2262	GILGFVFTL
25719	KLGGALQAK
35409	KLGGALQAK
31607	RAKFKQLL
36238	IVTDFSVIK
35683	KLGGALQAK
35717	KLGGALQAK
24592	RAKFKQLL
34161	KLGGALQAK
18695	RAKFKQLL
32002	GILGFVFTL
35855	AVFDRKSDAK
4980	GILGFVFTL
18102	KLGGALQAK
2284	KLGGALQAK
34007	KLGGALQAK
28037	RAKFKQLL
11304	RAKFKQLL
28371	RAKFKQLL
34378	KLGGALQAK
5387	KLGGALQAK
34890	KLGGALQAK
35583	KLGGALQAK
35786	KLGGALQAK
24790	KLGGALQAK
26551	KLGGALQAK
38427	KLGGALQAK
47	GILGFVFTL
24346	KLGGALQAK
5162	RAKFKQLL
170	ELAGIGILTV
2399	KLGGALQAK
2334	GILGFVFTL
23093	GLCTLVAML
2579	GILGFVFTL
31973	GILGFVFTL
29964	GILGFVFTL
5123	RAKFKQLL
26504	KLGGALQAK
34609	KLGGALQAK
34177	KLGGALQAK
33991	KLGGALQAK
19220	RAKFKQLL
35089	KLGGALQAK
34935	KLGGALQAK
25012	RAKFKQLL
35308	KLGGALQAK
5514	ELAGIGILTV
7670	RAKFKQLL
35984	KLGGALQAK
26473	GILGFVFTL
23906	KLGGALQAK
204	ELAGIGILTV
36002	KLGGALQAK
13895	GILGFVFTL
32401	GILGFVFTL
34901	KLGGALQAK
5375	AVFDRKSDAK
6239	GILGFVFTL
16002	RAKFKQLL
3105	IVTDFSVIK
32396	GILGFVFTL
35933	KLGGALQAK
5512	KLGGALQAK
248	KLGGALQAK
35942	KLGGALQAK
35460	KLGGALQAK
34281	KLGGALQAK
191	KLGGALQAK
2468	KLGGALQAK
2366	KLGGALQAK
25463	RAKFKQLL
6570	IVTDFSVIK
3371	IVTDFSVIK
24840	GLCTLVAML
31628	GILGFVFTL
2367	KLGGALQAK
201	RAKFKQLL
5797	GILGFVFTL
26048	GILGFVFTL
52	AVFDRKSDAK
35710	KLGGALQAK
24688	RAKFKQLL
34679	ELAGIGILTV
28863	KLGGALQAK
38420	IVTDFSVIK
5262	GILGFVFTL
35792	KLGGALQAK
2249	GILGFVFTL
5960	GILGFVFTL
24123	RAKFKQLL
35307	KLGGALQAK
657	KLGGALQAK
20662	RAKFKQLL
35181	KLGGALQAK
678	ELAGIGILTV
31290	GILGFVFTL
31002	GILGFVFTL
25765	KLGGALQAK
34416	KLGGALQAK
28823	GILGFVFTL
27110	RAKFKQLL
25450	RAKFKQLL
23242	KLGGALQAK
28709	KLGGALQAK
7072	KLGGALQAK
34812	KLGGALQAK
26486	KLGGALQAK
35819	KLGGALQAK
35366	KLGGALQAK
26524	IVTDFSVIK
5418	ELAGIGILTV
34016	KLGGALQAK
34315	KLGGALQAK
33987	KLGGALQAK
35623	KLGGALQAK
26139	RAKFKQLL
33552	GILGFVFTL
27062	KLGGALQAK
34623	KLGGALQAK
3880	IVTDFSVIK
35850	KLGGALQAK
35896	KLGGALQAK
18059	KLGGALQAK
8647	RAKFKQLL
13891	RAKFKQLL
6238	GILGFVFTL
5017	KLGGALQAK
34627	KLGGALQAK
15303	RAKFKQLL
34690	KLGGALQAK
34160	KLGGALQAK
34348	KLGGALQAK
2337	KLGGALQAK
677	IVTDFSVIK
36221	ELAGIGILTV
7321	GILGFVFTL
28572	GILGFVFTL
25894	KLGGALQAK
33861	GILGFVFTL
33828	GILGFVFTL
35169	KLGGALQAK
35807	KLGGALQAK
36129	KLGGALQAK
35974	KLGGALQAK
36105	KLGGALQAK
23086	KLGGALQAK
24671	RAKFKQLL
111	KLGGALQAK
5564	GILGFVFTL
34193	KLGGALQAK
34082	KLGGALQAK
26511	RAKFKQLL
26501	GLCTLVAML
26537	GLCTLVAML
1324	AVFDRKSDAK
35948	KLGGALQAK
25456	RAKFKQLL
25081	AVFDRKSDAK
32392	GILGFVFTL
34689	KLGGALQAK
17034	RAKFKQLL
25283	RAKFKQLL
24318	AVFDRKSDAK
35785	KLGGALQAK
25386	KLGGALQAK
34630	ELAGIGILTV
35331	KLGGALQAK
29012	GILGFVFTL
35846	KLGGALQAK
31745	GILGFVFTL
254	KLGGALQAK
7360	RAKFKQLL
28362	GILGFVFTL
29971	GILGFVFTL
35272	KLGGALQAK
4949	IVTDFSVIK
5154	AVFDRKSDAK
36309	IVTDFSVIK
34407	KLGGALQAK
34357	KLGGALQAK
33474	GILGFVFTL
35215	KLGGALQAK
25106	RAKFKQLL
15311	KLGGALQAK
35071	KLGGALQAK
27330	RAKFKQLL
28589	KLGGALQAK
35822	KLGGALQAK
34455	ELAGIGILTV
138	GILGFVFTL
2025	AVFDRKSDAK
34945	KLGGALQAK
16947	KLGGALQAK
22985	KLGGALQAK
5457	ELAGIGILTV
34737	KLGGALQAK
34311	KLGGALQAK
34522	KLGGALQAK
28613	KLGGALQAK
34270	KLGGALQAK
5155	KLGGALQAK
36213	KLGGALQAK
35219	KLGGALQAK
34239	KLGGALQAK
26258	KLGGALQAK
4257	GILGFVFTL
34257	KLGGALQAK
28360	KLGGALQAK
36018	KLGGALQAK
29650	GILGFVFTL
33573	GILGFVFTL
5283	IVTDFSVIK
5254	ELAGIGILTV
16526	RAKFKQLL
18333	RAKFKQLL
34388	KLGGALQAK
29954	GILGFVFTL
28472	RAKFKQLL
16944	ELAGIGILTV
5188	KLGGALQAK
24349	IVTDFSVIK
29934	GILGFVFTL
7322	GILGFVFTL
2424	GILGFVFTL
34518	KLGGALQAK
2365	KLGGALQAK
34814	KLGGALQAK
34282	KLGGALQAK
35151	KLGGALQAK
35676	KLGGALQAK
15302	AVFDRKSDAK
27	IVTDFSVIK
6327	GILGFVFTL
35289	KLGGALQAK
5237	GILGFVFTL
4943	IVTDFSVIK
5101	KLGGALQAK
34086	KLGGALQAK
36133	IVTDFSVIK
4924	IVTDFSVIK
14292	RAKFKQLL
81	ELAGIGILTV
34529	KLGGALQAK
18054	GLCTLVAML
34333	KLGGALQAK
25264	RAKFKQLL
27094	KLGGALQAK
26135	GILGFVFTL
36242	KLGGALQAK
24682	KLGGALQAK
23853	KLGGALQAK
26292	GLCTLVAML
5521	ELAGIGILTV
35023	KLGGALQAK
5072	KLGGALQAK
19907	RAKFKQLL
273	RAKFKQLL
34382	KLGGALQAK
34112	KLGGALQAK
35463	KLGGALQAK
15573	RAKFKQLL
23009	RAKFKQLL
28474	ELAGIGILTV
35666	AVFDRKSDAK
5182	ELAGIGILTV
26014	KLGGALQAK
35236	KLGGALQAK
7256	KLGGALQAK
35115	KLGGALQAK
35010	KLGGALQAK
7339	GILGFVFTL
34659	KLGGALQAK
34163	KLGGALQAK
2287	KLGGALQAK
260	KLGGALQAK
34362	KLGGALQAK
35513	KLGGALQAK
35107	KLGGALQAK
5879	GILGFVFTL
25391	RAKFKQLL
24803	GILGFVFTL
34816	KLGGALQAK
27083	KLGGALQAK
5777	GILGFVFTL
5503	KLGGALQAK
25073	GILGFVFTL
34815	KLGGALQAK
7979	RAKFKQLL
15384	RAKFKQLL
17883	RAKFKQLL
377	KLGGALQAK
35992	KLGGALQAK
25223	GLCTLVAML
6036	GILGFVFTL
34610	KLGGALQAK
3780	IVTDFSVIK
28862	KLGGALQAK
34000	KLGGALQAK
6361	GILGFVFTL
36159	KLGGALQAK
30982	GILGFVFTL
35550	KLGGALQAK
2304	KLGGALQAK
14247	KLGGALQAK
15989	KLGGALQAK
35297	KLGGALQAK
26845	RAKFKQLL
2228	ELAGIGILTV
28599	RAKFKQLL
31372	GILGFVFTL
34746	KLGGALQAK
34572	KLGGALQAK
25716	RAKFKQLL
34107	KLGGALQAK
19532	RAKFKQLL
34431	KLGGALQAK
5555	GILGFVFTL
33852	GILGFVFTL
26034	GILGFVFTL
30402	GILGFVFTL
4166	IVTDFSVIK
14242	RAKFKQLL
2497	RAKFKQLL
34422	KLGGALQAK
22330	RAKFKQLL
34924	KLGGALQAK
34569	KLGGALQAK
5176	AVFDRKSDAK
35255	KLGGALQAK
23902	KLGGALQAK
36175	IVTDFSVIK
584	IVTDFSVIK
34047	KLGGALQAK
35973	KLGGALQAK
6247	GILGFVFTL
5049	RAKFKQLL
32363	GILGFVFTL
35007	KLGGALQAK
2519	KLGGALQAK
36219	KLGGALQAK
36243	KLGGALQAK
5284	KLGGALQAK
32523	GILGFVFTL
15990	KLGGALQAK
35191	KLGGALQAK
34984	KLGGALQAK
31882	GILGFVFTL
7200	GILGFVFTL
34413	KLGGALQAK
30405	GILGFVFTL
3	GILGFVFTL
34775	KLGGALQAK
34052	KLGGALQAK
16265	RAKFKQLL
35261	KLGGALQAK
35977	KLGGALQAK
2376	ELAGIGILTV
25110	RAKFKQLL
67	GILGFVFTL
18067	KLGGALQAK
5608	GILGFVFTL
25075	GLCTLVAML
34989	KLGGALQAK
15289	RAKFKQLL
35008	KLGGALQAK
29927	GILGFVFTL
4130	IVTDFSVIK
4930	IVTDFSVIK
32279	GILGFVFTL
4961	KLGGALQAK
34905	KLGGALQAK
23026	KLGGALQAK
34828	KLGGALQAK
25769	RAKFKQLL
650	ELAGIGILTV
34578	KLGGALQAK
117	IVTDFSVIK
27923	RAKFKQLL
34665	KLGGALQAK
7675	RAKFKQLL
35118	KLGGALQAK
17155	RAKFKQLL
34520	KLGGALQAK
8616	RAKFKQLL
25023	KLGGALQAK
28468	RAKFKQLL
215	GILGFVFTL
7211	GILGFVFTL
5128	KLGGALQAK
26554	RAKFKQLL
35012	KLGGALQAK
26220	GLCTLVAML
17956	KLGGALQAK
34054	KLGGALQAK
32526	GILGFVFTL
24569	GILGFVFTL
2247	KLGGALQAK
6690	GILGFVFTL
25805	GILGFVFTL
26049	KLGGALQAK
6667	GILGFVFTL
33484	GILGFVFTL
20245	RAKFKQLL
34279	AVFDRKSDAK
35457	KLGGALQAK
31376	GILGFVFTL
13822	RAKFKQLL
5173	GLCTLVAML
35210	KLGGALQAK
18262	RAKFKQLL
6355	GILGFVFTL
6304	GILGFVFTL
32342	GILGFVFTL
27286	RAKFKQLL
34133	KLGGALQAK
5076	KLGGALQAK
5492	KLGGALQAK
2340	KLGGALQAK
14648	GLCTLVAML
6559	AVFDRKSDAK
33980	GILGFVFTL
21422	RAKFKQLL
31459	GILGFVFTL
5774	GILGFVFTL
36054	ELAGIGILTV
34510	AVFDRKSDAK
644	KLGGALQAK
35709	KLGGALQAK
31681	GILGFVFTL
35105	KLGGALQAK
6349	GILGFVFTL
31624	GILGFVFTL
27085	RAKFKQLL
31850	GILGFVFTL
25762	GILGFVFTL
38432	KLGGALQAK
35139	KLGGALQAK
36010	KLGGALQAK
34415	KLGGALQAK
22089	RAKFKQLL
25298	RAKFKQLL
28416	KLGGALQAK
6604	KLGGALQAK
36152	KLGGALQAK
7243	IVTDFSVIK
29924	GILGFVFTL
34490	KLGGALQAK
30719	GILGFVFTL
32362	GILGFVFTL
7168	GILGFVFTL
27079	KLGGALQAK
35113	KLGGALQAK
18092	ELAGIGILTV
23904	RAKFKQLL
27100	RAKFKQLL
34713	KLGGALQAK
149	KLGGALQAK
18220	RAKFKQLL
15310	KLGGALQAK
245	KLGGALQAK
2477	AVFDRKSDAK
2481	KLGGALQAK
24714	KLGGALQAK
15985	KLGGALQAK
34427	KLGGALQAK
34390	KLGGALQAK
2333	ELAGIGILTV
33814	GILGFVFTL
25353	RAKFKQLL
27097	RAKFKQLL
24312	KLGGALQAK
34611	KLGGALQAK
17996	GLCTLVAML
2244	KLGGALQAK
35986	KLGGALQAK
15184	RAKFKQLL
5164	IVTDFSVIK
32394	GILGFVFTL
91	KLGGALQAK
624	KLGGALQAK
35220	KLGGALQAK
21756	RAKFKQLL
33909	GILGFVFTL
36176	KLGGALQAK
34458	KLGGALQAK
32252	GILGFVFTL
5136	RAKFKQLL
684	AVFDRKSDAK
32322	KLGGALQAK
34364	KLGGALQAK
2449	KLGGALQAK
35876	KLGGALQAK
38418	KLGGALQAK
2409	GILGFVFTL
35634	KLGGALQAK
34929	KLGGALQAK
34288	KLGGALQAK
28684	KLGGALQAK
35035	KLGGALQAK
5231	GILGFVFTL
532	IVTDFSVIK
35931	KLGGALQAK
5517	KLGGALQAK
35660	KLGGALQAK
5533	ELAGIGILTV
2511	RAKFKQLL
5319	AVFDRKSDAK
34711	KLGGALQAK
5317	KLGGALQAK
34773	KLGGALQAK
86	GILGFVFTL
19413	RAKFKQLL
19210	RAKFKQLL
18064	GLCTLVAML
33891	GILGFVFTL
34880	KLGGALQAK
5806	GILGFVFTL
16963	KLGGALQAK
36085	KLGGALQAK
31924	GILGFVFTL
35350	KLGGALQAK
34985	KLGGALQAK
2293	KLGGALQAK
28676	KLGGALQAK
28877	GILGFVFTL
36200	KLGGALQAK
31655	GILGFVFTL
6259	GILGFVFTL
31555	RAKFKQLL
28734	KLGGALQAK
5191	KLGGALQAK
34993	KLGGALQAK
8151	RAKFKQLL
33016	GILGFVFTL
35646	KLGGALQAK
5249	KLGGALQAK
30399	GILGFVFTL
35940	KLGGALQAK
28724	GILGFVFTL
27119	RAKFKQLL
4939	ELAGIGILTV
6348	GILGFVFTL
13987	KLGGALQAK
30413	GILGFVFTL
36067	KLGGALQAK
17995	KLGGALQAK
30524	GILGFVFTL
26060	KLGGALQAK
35218	KLGGALQAK
28835	KLGGALQAK
3897	IVTDFSVIK
23017	IVTDFSVIK
24311	KLGGALQAK
34338	KLGGALQAK
3646	IVTDFSVIK
34514	KLGGALQAK
25409	RAKFKQLL
34091	KLGGALQAK
5092	KLGGALQAK
18008	KLGGALQAK
31268	GILGFVFTL
35138	KLGGALQAK
34451	KLGGALQAK
6366	GILGFVFTL
28715	KLGGALQAK
6569	KLGGALQAK
36300	KLGGALQAK
7087	RAKFKQLL
35001	KLGGALQAK
5380	ELAGIGILTV
33596	KLGGALQAK
154	KLGGALQAK
7693	KLGGALQAK
12586	RAKFKQLL
5506	GILGFVFTL
34863	KLGGALQAK
14319	KLGGALQAK
6078	GILGFVFTL
17862	KLGGALQAK
7091	GILGFVFTL
36314	KLGGALQAK
34166	KLGGALQAK
23852	KLGGALQAK
23823	KLGGALQAK
24986	KLGGALQAK
24713	KLGGALQAK
32695	GILGFVFTL
14270	RAKFKQLL
8008	RAKFKQLL
28881	RAKFKQLL
28730	KLGGALQAK
25808	RAKFKQLL
2404	KLGGALQAK
36119	KLGGALQAK
2273	KLGGALQAK
35334	KLGGALQAK
40	GILGFVFTL
34155	KLGGALQAK
2455	RAKFKQLL
36271	KLGGALQAK
34767	KLGGALQAK
2837	IVTDFSVIK
35058	KLGGALQAK
36155	IVTDFSVIK
14678	GILGFVFTL
22326	RAKFKQLL
15992	KLGGALQAK
34084	KLGGALQAK
2530	KLGGALQAK
674	AVFDRKSDAK
6842	GILGFVFTL
32547	GILGFVFTL
6545	GILGFVFTL
25004	IVTDFSVIK
35019	KLGGALQAK
34978	KLGGALQAK
28876	RAKFKQLL
35904	KLGGALQAK
34208	KLGGALQAK
34157	KLGGALQAK
10417	RAKFKQLL
277	IVTDFSVIK
28878	KLGGALQAK
31834	GILGFVFTL
24588	RAKFKQLL
14315	RAKFKQLL
36128	IVTDFSVIK
5255	RAKFKQLL
35655	KLGGALQAK
6091	GILGFVFTL
23973	RAKFKQLL
5518	GILGFVFTL
32391	GILGFVFTL
2386	KLGGALQAK
2326	KLGGALQAK
25080	KLGGALQAK
33911	RAKFKQLL
269	GILGFVFTL
25400	AVFDRKSDAK
26153	GILGFVFTL
8972	RAKFKQLL
35805	KLGGALQAK
27814	RAKFKQLL
3041	IVTDFSVIK
2277	ELAGIGILTV
17004	GLCTLVAML
35479	KLGGALQAK
26563	RAKFKQLL
27061	KLGGALQAK
36062	AVFDRKSDAK
6237	GILGFVFTL
35549	KLGGALQAK
25770	ELAGIGILTV
26263	KLGGALQAK
35370	KLGGALQAK
24348	GILGFVFTL
5411	KLGGALQAK
35597	KLGGALQAK
36051	IVTDFSVIK
34305	KLGGALQAK
27093	IVTDFSVIK
2451	KLGGALQAK
34283	KLGGALQAK
587	ELAGIGILTV
34912	KLGGALQAK
25911	KLGGALQAK
35752	KLGGALQAK
34186	KLGGALQAK
34068	KLGGALQAK
15117	RAKFKQLL
34917	KLGGALQAK
28719	RAKFKQLL
33535	GILGFVFTL
5026	GILGFVFTL
33894	GILGFVFTL
24909	GLCTLVAML
34060	KLGGALQAK
31475	GILGFVFTL
34558	KLGGALQAK
95	KLGGALQAK
17975	KLGGALQAK
6771	GILGFVFTL
34309	KLGGALQAK
23021	KLGGALQAK
35978	KLGGALQAK
30130	GILGFVFTL
34414	KLGGALQAK
34592	KLGGALQAK
25112	GILGFVFTL
34317	KLGGALQAK
34469	KLGGALQAK
35879	KLGGALQAK
35829	KLGGALQAK
15299	ELAGIGILTV
14060	RAKFKQLL
7234	KLGGALQAK
65	KLGGALQAK
34077	KLGGALQAK
23127	ELAGIGILTV
34012	KLGGALQAK
5622	GILGFVFTL
35594	KLGGALQAK
5252	KLGGALQAK
34196	KLGGALQAK
23829	KLGGALQAK
34134	KLGGALQAK
171	ELAGIGILTV
16000	KLGGALQAK
10449	RAKFKQLL
24712	KLGGALQAK
36234	KLGGALQAK
14955	RAKFKQLL
18075	AVFDRKSDAK
5814	GILGFVFTL
34987	KLGGALQAK
7035	GILGFVFTL
34464	KLGGALQAK
35098	KLGGALQAK
35558	KLGGALQAK
2459	RAKFKQLL
3521	IVTDFSVIK
35812	KLGGALQAK
30552	GILGFVFTL
141	AVFDRKSDAK
32399	GILGFVFTL
34242	KLGGALQAK
7624	GILGFVFTL
35	GILGFVFTL
24643	RAKFKQLL
5432	KLGGALQAK
35727	KLGGALQAK
7332	KLGGALQAK
17860	GLCTLVAML
31630	GILGFVFTL
28864	KLGGALQAK
36198	KLGGALQAK
25276	KLGGALQAK
34669	KLGGALQAK
29782	GILGFVFTL
5443	KLGGALQAK
23025	KLGGALQAK
2360	ELAGIGILTV
23027	RAKFKQLL
2410	KLGGALQAK
34776	KLGGALQAK
5420	ELAGIGILTV
637	KLGGALQAK
34785	KLGGALQAK
36134	IVTDFSVIK
22991	KLGGALQAK
26801	RAKFKQLL
34981	ELAGIGILTV
5245	KLGGALQAK
2308	AVFDRKSDAK
2391	KLGGALQAK
35264	KLGGALQAK
35082	KLGGALQAK
34694	KLGGALQAK
8178	RAKFKQLL
17955	GILGFVFTL
35121	KLGGALQAK
26136	KLGGALQAK
34930	KLGGALQAK
32661	GILGFVFTL
35595	KLGGALQAK
23210	KLGGALQAK
34677	KLGGALQAK
34638	KLGGALQAK
5563	GILGFVFTL
28958	KLGGALQAK
35619	AVFDRKSDAK
31664	GILGFVFTL
35185	KLGGALQAK
23006	KLGGALQAK
5755	GILGFVFTL
707	IVTDFSVIK
34994	KLGGALQAK
28369	RAKFKQLL
25717	RAKFKQLL
35360	KLGGALQAK
32348	GILGFVFTL
26419	GLCTLVAML
24635	RAKFKQLL
5027	GILGFVFTL
5267	RAKFKQLL
6684	GILGFVFTL
34278	GILGFVFTL
2405	KLGGALQAK
34577	KLGGALQAK
36103	IVTDFSVIK
132	GILGFVFTL
4950	AVFDRKSDAK
14314	GILGFVFTL
34674	KLGGALQAK
34908	KLGGALQAK
35144	KLGGALQAK
217	KLGGALQAK
29830	GILGFVFTL
34756	KLGGALQAK
35715	KLGGALQAK
35902	KLGGALQAK
35553	KLGGALQAK
703	IVTDFSVIK
2528	AVFDRKSDAK
24652	RAKFKQLL
22988	KLGGALQAK
7699	RAKFKQLL
116	KLGGALQAK
6705	GILGFVFTL
34876	KLGGALQAK
35659	KLGGALQAK
34903	IVTDFSVIK
30425	GILGFVFTL
7214	KLGGALQAK
35598	KLGGALQAK
2518	KLGGALQAK
7263	RAKFKQLL
592	ELAGIGILTV
31902	GILGFVFTL
15942	RAKFKQLL
26519	GLCTLVAML
34101	KLGGALQAK
35444	KLGGALQAK
25810	RAKFKQLL
31889	GILGFVFTL
26451	GLCTLVAML
34817	KLGGALQAK
5172	GLCTLVAML
35464	KLGGALQAK
60	IVTDFSVIK
35158	KLGGALQAK
34064	KLGGALQAK
25676	RAKFKQLL
5215	KLGGALQAK
5425	ELAGIGILTV
5386	KLGGALQAK
31476	GILGFVFTL
35217	KLGGALQAK
24699	GILGFVFTL
23897	RAKFKQLL
35721	KLGGALQAK
24360	RAKFKQLL
285	IVTDFSVIK
35126	KLGGALQAK
2573	IVTDFSVIK
2271	KLGGALQAK
27302	RAKFKQLL
35097	KLGGALQAK
14849	RAKFKQLL
5463	KLGGALQAK
2243	ELAGIGILTV
5096	KLGGALQAK
5434	ELAGIGILTV
31671	GILGFVFTL
24708	RAKFKQLL
6762	GILGFVFTL
35898	KLGGALQAK
28571	KLGGALQAK
7159	GILGFVFTL
7662	KLGGALQAK
656	ELAGIGILTV
153	KLGGALQAK
29727	GILGFVFTL
24636	KLGGALQAK
7224	GILGFVFTL
5487	KLGGALQAK
7041	GILGFVFTL
5707	GILGFVFTL
5125	ELAGIGILTV
24913	GLCTLVAML
25437	RAKFKQLL
4979	KLGGALQAK
155	ELAGIGILTV
35555	KLGGALQAK
35989	KLGGALQAK
42	AVFDRKSDAK
34819	KLGGALQAK
34591	KLGGALQAK
36254	AVFDRKSDAK
35835	KLGGALQAK
33755	GILGFVFTL
15	ELAGIGILTV
34764	KLGGALQAK
29781	GILGFVFTL
5287	KLGGALQAK
34286	KLGGALQAK
35672	KLGGALQAK
36301	KLGGALQAK
2453	IVTDFSVIK
649	KLGGALQAK
16940	GLCTLVAML
34125	KLGGALQAK
5672	GILGFVFTL
5500	ELAGIGILTV
25111	GILGFVFTL
35183	KLGGALQAK
34787	KLGGALQAK
16939	GLCTLVAML
33892	GILGFVFTL
35357	KLGGALQAK
34470	KLGGALQAK
33929	ELAGIGILTV
33818	GILGFVFTL
34034	KLGGALQAK
31363	GILGFVFTL
34246	KLGGALQAK
2362	KLGGALQAK
33955	KLGGALQAK
30436	GILGFVFTL
31462	GILGFVFTL
34099	KLGGALQAK
29950	RAKFKQLL
26837	RAKFKQLL
18100	RAKFKQLL
23899	RAKFKQLL
25698	KLGGALQAK
34547	KLGGALQAK
18108	GILGFVFTL
28729	RAKFKQLL
24849	GLCTLVAML
10943	RAKFKQLL
23239	RAKFKQLL
25019	KLGGALQAK
35282	KLGGALQAK
3198	IVTDFSVIK
33868	GILGFVFTL
2328	GILGFVFTL
6234	GILGFVFTL
28305	KLGGALQAK
34412	KLGGALQAK
35702	KLGGALQAK
35692	KLGGALQAK
34789	KLGGALQAK
23965	RAKFKQLL
7665	RAKFKQLL
23492	RAKFKQLL
30435	GILGFVFTL
34881	KLGGALQAK
119	ELAGIGILTV
17880	RAKFKQLL
35095	KLGGALQAK
5268	KLGGALQAK
5465	GILGFVFTL
35276	KLGGALQAK
27078	RAKFKQLL
2474	KLGGALQAK
34646	KLGGALQAK
4464	IVTDFSVIK
25925	RAKFKQLL
34373	KLGGALQAK
7324	GILGFVFTL
2403	KLGGALQAK
36092	KLGGALQAK
4985	KLGGALQAK
5048	KLGGALQAK
34571	KLGGALQAK
34999	KLGGALQAK
35697	KLGGALQAK
21590	RAKFKQLL
35848	GILGFVFTL
2342	ELAGIGILTV
2480	KLGGALQAK
11940	RAKFKQLL
30795	GILGFVFTL
34462	KLGGALQAK
5508	ELAGIGILTV
34004	KLGGALQAK
35802	KLGGALQAK
34284	KLGGALQAK
5403	ELAGIGILTV
23345	RAKFKQLL
16941	GILGFVFTL
165	RAKFKQLL
32359	GILGFVFTL
135	RAKFKQLL
34232	KLGGALQAK
34339	KLGGALQAK
5043	KLGGALQAK
26239	KLGGALQAK
34777	KLGGALQAK
27099	KLGGALQAK
32635	GILGFVFTL
35654	KLGGALQAK
35355	KLGGALQAK
35849	KLGGALQAK
7060	GILGFVFTL
25	GILGFVFTL
34039	KLGGALQAK
34400	KLGGALQAK
5270	KLGGALQAK
2237	ELAGIGILTV
25720	KLGGALQAK
35390	KLGGALQAK
33526	GILGFVFTL
28874	KLGGALQAK
34347	KLGGALQAK
34628	KLGGALQAK
23848	KLGGALQAK
26681	RAKFKQLL
36075	KLGGALQAK
2576	AVFDRKSDAK
11890	RAKFKQLL
34564	KLGGALQAK
34581	KLGGALQAK
24694	RAKFKQLL
4977	IVTDFSVIK
5594	GILGFVFTL
8103	RAKFKQLL
31375	GILGFVFTL
34148	KLGGALQAK
34744	KLGGALQAK
28455	KLGGALQAK
35787	KLGGALQAK
5636	GILGFVFTL
34607	KLGGALQAK
124	ELAGIGILTV
35642	KLGGALQAK
5078	AVFDRKSDAK
34396	KLGGALQAK
34212	KLGGALQAK
18088	RAKFKQLL
2307	KLGGALQAK
34184	KLGGALQAK
31403	GILGFVFTL
36117	KLGGALQAK
31679	GILGFVFTL
34130	KLGGALQAK
27161	RAKFKQLL
25801	KLGGALQAK
35096	KLGGALQAK
672	KLGGALQAK
25443	RAKFKQLL
29932	GILGFVFTL
34774	KLGGALQAK
4322	IVTDFSVIK
17999	RAKFKQLL
35946	KLGGALQAK
7085	GILGFVFTL
34754	KLGGALQAK
5023	GILGFVFTL
35917	KLGGALQAK
24310	KLGGALQAK
34979	KLGGALQAK
2515	KLGGALQAK
35338	KLGGALQAK
15991	RAKFKQLL
34475	KLGGALQAK
27953	GLCTLVAML
6669	KLGGALQAK
34207	KLGGALQAK
34521	KLGGALQAK
16937	RAKFKQLL
25926	GILGFVFTL
35000	KLGGALQAK
14248	KLGGALQAK
197	KLGGALQAK
14645	KLGGALQAK
31066	GILGFVFTL
17957	RAKFKQLL
5226	RAKFKQLL
5470	KLGGALQAK
103	ELAGIGILTV
34745	KLGGALQAK
179	KLGGALQAK
35994	KLGGALQAK
5550	GILGFVFTL
35983	IVTDFSVIK
14333	RAKFKQLL
35091	KLGGALQAK
5427	IVTDFSVIK
34169	KLGGALQAK
26505	KLGGALQAK
26046	KLGGALQAK
34197	KLGGALQAK
35708	KLGGALQAK
36088	IVTDFSVIK
34982	KLGGALQAK
27733	RAKFKQLL
6243	GILGFVFTL
34497	KLGGALQAK
15312	RAKFKQLL
32672	GILGFVFTL
35744	KLGGALQAK
7673	RAKFKQLL
31018	GILGFVFTL
34056	KLGGALQAK
15828	RAKFKQLL
35150	KLGGALQAK
24027	RAKFKQLL
36050	AVFDRKSDAK
35242	KLGGALQAK
35999	KLGGALQAK
25287	RAKFKQLL
25378	RAKFKQLL
34566	KLGGALQAK
35036	KLGGALQAK
35332	KLGGALQAK
2790	IVTDFSVIK
30414	GILGFVFTL
34299	KLGGALQAK
634	IVTDFSVIK
34634	KLGGALQAK
35956	KLGGALQAK
26149	GILGFVFTL
15571	KLGGALQAK
51	GILGFVFTL
25907	KLGGALQAK
35190	KLGGALQAK
32414	GILGFVFTL
241	KLGGALQAK
27723	RAKFKQLL
23818	RAKFKQLL
32366	KLGGALQAK
25994	ELAGIGILTV
107	KLGGALQAK
26520	ELAGIGILTV
34900	KLGGALQAK
34851	KLGGALQAK
35395	KLGGALQAK
5426	KLGGALQAK
34495	KLGGALQAK
5654	GILGFVFTL
23011	KLGGALQAK
6330	GILGFVFTL
35304	KLGGALQAK
5697	GILGFVFTL
32341	GILGFVFTL
28955	KLGGALQAK
36226	KLGGALQAK
36111	KLGGALQAK
35809	KLGGALQAK
30545	GILGFVFTL
35351	KLGGALQAK
22347	RAKFKQLL
34576	KLGGALQAK
2575	GILGFVFTL
34579	KLGGALQAK
34175	KLGGALQAK
26212	KLGGALQAK
31551	GILGFVFTL
28410	RAKFKQLL
35911	KLGGALQAK
34843	KLGGALQAK
26702	RAKFKQLL
36241	IVTDFSVIK
2458	KLGGALQAK
811	AVFDRKSDAK
24693	KLGGALQAK
34625	KLGGALQAK
6674	GILGFVFTL
2568	IVTDFSVIK
29957	GILGFVFTL
36070	KLGGALQAK
22311	RAKFKQLL
31332	GILGFVFTL
28449	KLGGALQAK
25814	GILGFVFTL
24357	KLGGALQAK
34821	KLGGALQAK
5942	GILGFVFTL
35348	KLGGALQAK
5816	GILGFVFTL
50	RAKFKQLL
33388	GILGFVFTL
26550	RAKFKQLL
18702	RAKFKQLL
7202	GILGFVFTL
26019	GILGFVFTL
33482	RAKFKQLL
35825	GILGFVFTL
35884	KLGGALQAK
24990	KLGGALQAK
34686	KLGGALQAK
5066	KLGGALQAK
4284	IVTDFSVIK
5053	KLGGALQAK
35266	KLGGALQAK
25916	RAKFKQLL
4947	KLGGALQAK
26665	RAKFKQLL
34156	KLGGALQAK
26012	RAKFKQLL
35579	KLGGALQAK
4958	KLGGALQAK
31	KLGGALQAK
34613	KLGGALQAK
33580	GILGFVFTL
35249	KLGGALQAK
6635	GILGFVFTL
7691	RAKFKQLL
34450	KLGGALQAK
7529	GILGFVFTL
7238	KLGGALQAK
34298	KLGGALQAK
36154	KLGGALQAK
35127	KLGGALQAK
34832	KLGGALQAK
25752	GILGFVFTL
35811	KLGGALQAK
36151	ELAGIGILTV
2256	RAKFKQLL
34297	KLGGALQAK
25109	RAKFKQLL
34963	KLGGALQAK
34624	KLGGALQAK
34752	KLGGALQAK
20507	RAKFKQLL
6322	GILGFVFTL
168	AVFDRKSDAK
33869	GILGFVFTL
15333	ELAGIGILTV
22999	RAKFKQLL
34423	KLGGALQAK
7079	KLGGALQAK
34523	KLGGALQAK
28284	RAKFKQLL
35828	KLGGALQAK
34857	KLGGALQAK
35094	KLGGALQAK
30573	GILGFVFTL
34356	KLGGALQAK
36000	KLGGALQAK
13930	KLGGALQAK
6680	GILGFVFTL
25455	KLGGALQAK
33599	RAKFKQLL
28364	IVTDFSVIK
18643	GILGFVFTL
7262	RAKFKQLL
34113	KLGGALQAK
34066	KLGGALQAK
35629	AVFDRKSDAK
34183	KLGGALQAK
25396	KLGGALQAK
35024	KLGGALQAK
36327	KLGGALQAK
14254	KLGGALQAK
26490	RAKFKQLL
24995	KLGGALQAK
33547	GILGFVFTL
34599	KLGGALQAK
35312	KLGGALQAK
25764	KLGGALQAK
2285	KLGGALQAK
6328	GILGFVFTL
23138	RAKFKQLL
17009	GLCTLVAML
35862	KLGGALQAK
2419	KLGGALQAK
7233	ELAGIGILTV
34472	KLGGALQAK
35703	KLGGALQAK
253	IVTDFSVIK
35311	KLGGALQAK
35784	KLGGALQAK
36236	IVTDFSVIK
35714	KLGGALQAK
25405	KLGGALQAK
31492	GILGFVFTL
34131	KLGGALQAK
15300	RAKFKQLL
35922	KLGGALQAK
34986	KLGGALQAK
31068	GILGFVFTL
34554	KLGGALQAK
7281	GILGFVFTL
34730	KLGGALQAK
7663	GILGFVFTL
74	RAKFKQLL
7668	RAKFKQLL
34149	KLGGALQAK
36073	IVTDFSVIK
32270	GILGFVFTL
36214	KLGGALQAK
34916	KLGGALQAK
35588	KLGGALQAK
2298	IVTDFSVIK
24292	KLGGALQAK
6606	GILGFVFTL
28712	RAKFKQLL
28283	RAKFKQLL
2289	IVTDFSVIK
34	IVTDFSVIK
24358	KLGGALQAK
33862	GILGFVFTL
5039	IVTDFSVIK
31402	KLGGALQAK
22310	RAKFKQLL
35424	KLGGALQAK
10497	GILGFVFTL
29019	GILGFVFTL
32040	GILGFVFTL
2461	ELAGIGILTV
35067	KLGGALQAK
2861	IVTDFSVIK
26495	GLCTLVAML
130	RAKFKQLL
11413	RAKFKQLL
6671	GILGFVFTL
34044	KLGGALQAK
4960	KLGGALQAK
23123	KLGGALQAK
1266	GILGFVFTL
39	GILGFVFTL
25263	RAKFKQLL
34914	KLGGALQAK
242	KLGGALQAK
5228	GILGFVFTL
34234	KLGGALQAK
7325	GILGFVFTL
34481	KLGGALQAK
31887	GILGFVFTL
2465	KLGGALQAK
25404	RAKFKQLL
17038	KLGGALQAK
144	KLGGALQAK
5557	KLGGALQAK
34700	KLGGALQAK
5257	RAKFKQLL
35038	KLGGALQAK
7216	GILGFVFTL
2520	KLGGALQAK
5646	GILGFVFTL
20130	RAKFKQLL
5233	KLGGALQAK
2265	KLGGALQAK
25446	GILGFVFTL
17581	GILGFVFTL
22342	RAKFKQLL
33826	GILGFVFTL
513	IVTDFSVIK
34430	KLGGALQAK
32249	GILGFVFTL
34967	KLGGALQAK
23217	KLGGALQAK
34988	KLGGALQAK
34147	KLGGALQAK
25462	RAKFKQLL
17891	GILGFVFTL
6610	GILGFVFTL
35504	KLGGALQAK
6241	GILGFVFTL
34580	KLGGALQAK
28861	KLGGALQAK
10378	RAKFKQLL
5097	KLGGALQAK
2267	RAKFKQLL
26690	RAKFKQLL
34002	KLGGALQAK
21	ELAGIGILTV
35775	KLGGALQAK
35970	KLGGALQAK
34053	KLGGALQAK
28822	GLCTLVAML
34813	KLGGALQAK
34842	KLGGALQAK
35615	KLGGALQAK
36055	KLGGALQAK
28953	GILGFVFTL
35755	KLGGALQAK
34085	KLGGALQAK
34731	KLGGALQAK
33995	KLGGALQAK
23974	RAKFKQLL
6367	GILGFVFTL
35404	KLGGALQAK
30423	GILGFVFTL
35301	KLGGALQAK
34941	KLGGALQAK
35975	KLGGALQAK
23020	GILGFVFTL
8654	RAKFKQLL
73	RAKFKQLL
35062	KLGGALQAK
35943	KLGGALQAK
18069	RAKFKQLL
5656	GILGFVFTL
33901	KLGGALQAK
35147	KLGGALQAK
14548	AVFDRKSDAK
6552	GILGFVFTL
33952	RAKFKQLL
25384	KLGGALQAK
34779	KLGGALQAK
6556	GILGFVFTL
24036	RAKFKQLL
17003	GLCTLVAML
35184	KLGGALQAK
16091	RAKFKQLL
34150	KLGGALQAK
4974	RAKFKQLL
9	ELAGIGILTV
35704	KLGGALQAK
31971	GILGFVFTL
34587	KLGGALQAK
25798	RAKFKQLL
35343	KLGGALQAK
2716	IVTDFSVIK
23120	KLGGALQAK
5187	KLGGALQAK
34637	KLGGALQAK
34109	KLGGALQAK
34855	KLGGALQAK
29933	GILGFVFTL
31378	GILGFVFTL
3903	IVTDFSVIK
35925	KLGGALQAK
24697	KLGGALQAK
17052	KLGGALQAK
36013	KLGGALQAK
34866	KLGGALQAK
34645	KLGGALQAK
24289	RAKFKQLL
34128	KLGGALQAK
35225	KLGGALQAK
34171	ELAGIGILTV
2625	IVTDFSVIK
16430	RAKFKQLL
35371	KLGGALQAK
23994	RAKFKQLL
35541	KLGGALQAK
5657	GILGFVFTL
35700	KLGGALQAK
24296	KLGGALQAK
14852	RAKFKQLL
5261	IVTDFSVIK
246	ELAGIGILTV
18091	RAKFKQLL
31861	GILGFVFTL
30526	GILGFVFTL
36122	KLGGALQAK
35905	KLGGALQAK
34050	KLGGALQAK
34567	KLGGALQAK
28303	KLGGALQAK
26015	KLGGALQAK
34827	KLGGALQAK
34553	KLGGALQAK
5651	KLGGALQAK
34800	KLGGALQAK
5592	GILGFVFTL
23209	RAKFKQLL
5802	GILGFVFTL
704	KLGGALQAK
34541	KLGGALQAK
23162	RAKFKQLL
27964	GLCTLVAML
32699	GILGFVFTL
6362	GILGFVFTL
98	KLGGALQAK
34063	KLGGALQAK
34236	KLGGALQAK
15345	AVFDRKSDAK
36224	IVTDFSVIK
34670	KLGGALQAK
24504	RAKFKQLL
35117	KLGGALQAK
22351	RAKFKQLL
214	KLGGALQAK
35678	KLGGALQAK
7071	GILGFVFTL
35078	KLGGALQAK
25027	ELAGIGILTV
25271	RAKFKQLL
2278	GILGFVFTL
16542	RAKFKQLL
5126	RAKFKQLL
35698	KLGGALQAK
2572	IVTDFSVIK
35790	KLGGALQAK
2464	KLGGALQAK
23129	RAKFKQLL
22	KLGGALQAK
28407	GILGFVFTL
36946	IVTDFSVIK
31970	GILGFVFTL
5431	KLGGALQAK
36320	KLGGALQAK
35747	KLGGALQAK
26037	KLGGALQAK
2377	KLGGALQAK
36185	KLGGALQAK
25011	IVTDFSVIK
7076	GILGFVFTL
22320	RAKFKQLL
30498	GILGFVFTL
26128	RAKFKQLL
21614	RAKFKQLL
35847	KLGGALQAK
36316	KLGGALQAK
30381	GILGFVFTL
7218	GILGFVFTL
34839	KLGGALQAK
5593	GILGFVFTL
35153	KLGGALQAK
35318	KLGGALQAK
5817	GILGFVFTL
26192	GLCTLVAML
13820	RAKFKQLL
35134	KLGGALQAK
13910	RAKFKQLL
5258	ELAGIGILTV
34794	KLGGALQAK
17180	GLCTLVAML
15407	RAKFKQLL
