34594	KLGGALQAK
212	RAKFKQLL
5074	KLGGALQAK
16975	RAKFKQLL
35058	KLGGALQAK
246	ELAGIGILTV
35103	ELAGIGILTV
16937	RAKFKQLL
31856	GILGFVFTL
26137	KLGGALQAK
28613	KLGGALQAK
7158	GILGFVFTL
24913	GLCTLVAML
34015	KLGGALQAK
25752	GILGFVFTL
35612	KLGGALQAK
35890	KLGGALQAK
33598	GILGFVFTL
5079	KLGGALQAK
2347	ELAGIGILTV
2309	KLGGALQAK
25283	RAKFKQLL
23817	KLGGALQAK
34906	KLGGALQAK
28307	RAKFKQLL
35124	KLGGALQAK
33989	KLGGALQAK
684	AVFDRKSDAK
2283	KLGGALQAK
25110	RAKFKQLL
33998	KLGGALQAK
34363	KLGGALQAK
14058	RAKFKQLL
9154	RAKFKQLL
33072	GILGFVFTL
36201	KLGGALQAK
34774	KLGGALQAK
240	RAKFKQLL
35572	KLGGALQAK
31971	GILGFVFTL
4284	IVTDFSVIK
14849	RAKFKQLL
35864	KLGGALQAK
8544	RAKFKQLL
35916	KLGGALQAK
2374	KLGGALQAK
2276	KLGGALQAK
31937	GILGFVFTL
34790	KLGGALQAK
5487	KLGGALQAK
35950	KLGGALQAK
18230	RAKFKQLL
30413	GILGFVFTL
33908	KLGGALQAK
28458	KLGGALQAK
28302	KLGGALQAK
7838	GILGFVFTL
630	GILGFVFTL
35202	KLGGALQAK
32019	GILGFVFTL
25910	RAKFKQLL
34397	KLGGALQAK
30410	GILGFVFTL
34429	KLGGALQAK
36293	IVTDFSVIK
11304	RAKFKQLL
34263	KLGGALQAK
5421	KLGGALQAK
18107	ELAGIGILTV
25391	RAKFKQLL
35428	KLGGALQAK
7699	RAKFKQLL
34308	KLGGALQAK
8178	RAKFKQLL
26262	KLGGALQAK
35120	KLGGALQAK
14401	RAKFKQLL
15569	KLGGALQAK
17001	IVTDFSVIK
5777	GILGFVFTL
36197	KLGGALQAK
34816	KLGGALQAK
34362	KLGGALQAK
24340	KLGGALQAK
21712	RAKFKQLL
5114	AVFDRKSDAK
4322	IVTDFSVIK
24695	KLGGALQAK
34190	KLGGALQAK
35866	KLGGALQAK
7240	RAKFKQLL
28466	KLGGALQAK
28857	AVFDRKSDAK
34624	KLGGALQAK
2307	KLGGALQAK
18665	RAKFKQLL
5797	GILGFVFTL
23305	RAKFKQLL
2227	ELAGIGILTV
2381	ELAGIGILTV
35439	KLGGALQAK
5534	KLGGALQAK
7174	GILGFVFTL
36066	KLGGALQAK
7686	RAKFKQLL
35160	KLGGALQAK
25100	KLGGALQAK
6707	GILGFVFTL
34600	KLGGALQAK
23028	KLGGALQAK
35862	KLGGALQAK
5696	GILGFVFTL
35336	KLGGALQAK
35504	KLGGALQAK
25764	KLGGALQAK
35153	KLGGALQAK
35086	KLGGALQAK
32414	GILGFVFTL
30882	GILGFVFTL
5226	RAKFKQLL
5029	GILGFVFTL
23907	RAKFKQLL
199	KLGGALQAK
33509	GILGFVFTL
36237	AVFDRKSDAK
35382	KLGGALQAK
26239	KLGGALQAK
35352	KLGGALQAK
35776	KLGGALQAK
5441	KLGGALQAK
5240	GLCTLVAML
34995	KLGGALQAK
36236	IVTDFSVIK
241	KLGGALQAK
28730	KLGGALQAK
112	KLGGALQAK
23884	KLGGALQAK
35666	AVFDRKSDAK
34314	KLGGALQAK
5603	GILGFVFTL
8079	RAKFKQLL
36118	KLGGALQAK
15988	RAKFKQLL
5466	RAKFKQLL
17999	RAKFKQLL
28445	GILGFVFTL
16699	RAKFKQLL
15583	RAKFKQLL
588	GILGFVFTL
35445	KLGGALQAK
34598	KLGGALQAK
16944	ELAGIGILTV
35244	KLGGALQAK
196	AVFDRKSDAK
28416	KLGGALQAK
36240	IVTDFSVIK
35159	KLGGALQAK
2334	GILGFVFTL
33799	GILGFVFTL
32523	GILGFVFTL
7327	KLGGALQAK
32620	GILGFVFTL
24686	KLGGALQAK
34435	KLGGALQAK
25002	RAKFKQLL
26515	IVTDFSVIK
185	ELAGIGILTV
7973	RAKFKQLL
28808	RAKFKQLL
28721	RAKFKQLL
5530	KLGGALQAK
5126	RAKFKQLL
13059	RAKFKQLL
26491	GLCTLVAML
20062	RAKFKQLL
13995	GILGFVFTL
219	KLGGALQAK
5415	IVTDFSVIK
35193	KLGGALQAK
189	ELAGIGILTV
257	KLGGALQAK
34207	KLGGALQAK
35784	KLGGALQAK
5169	GILGFVFTL
35038	KLGGALQAK
32522	GILGFVFTL
16947	KLGGALQAK
2286	KLGGALQAK
664	ELAGIGILTV
24292	KLGGALQAK
669	KLGGALQAK
34898	KLGGALQAK
34663	KLGGALQAK
35656	KLGGALQAK
2335	GILGFVFTL
35451	KLGGALQAK
34993	KLGGALQAK
5411	KLGGALQAK
5774	GILGFVFTL
14323	RAKFKQLL
34143	KLGGALQAK
34788	KLGGALQAK
261	RAKFKQLL
34129	KLGGALQAK
34454	KLGGALQAK
4954	KLGGALQAK
14	KLGGALQAK
17880	RAKFKQLL
23902	KLGGALQAK
35610	KLGGALQAK
25696	RAKFKQLL
32911	GILGFVFTL
35762	KLGGALQAK
34918	KLGGALQAK
34418	KLGGALQAK
2285	KLGGALQAK
2226	RAKFKQLL
5959	GILGFVFTL
28375	RAKFKQLL
699	KLGGALQAK
7690	RAKFKQLL
36081	IVTDFSVIK
3038	IVTDFSVIK
28870	KLGGALQAK
33600	GILGFVFTL
34048	KLGGALQAK
7662	KLGGALQAK
59	RAKFKQLL
26146	KLGGALQAK
31857	GILGFVFTL
32349	GILGFVFTL
31383	GILGFVFTL
35034	KLGGALQAK
25390	RAKFKQLL
7091	GILGFVFTL
36100	IVTDFSVIK
16809	RAKFKQLL
36230	KLGGALQAK
13931	GILGFVFTL
35807	KLGGALQAK
35943	KLGGALQAK
34491	AVFDRKSDAK
34664	KLGGALQAK
151	KLGGALQAK
2491	KLGGALQAK
21046	RAKFKQLL
678	ELAGIGILTV
35130	KLGGALQAK
36079	AVFDRKSDAK
34029	KLGGALQAK
7168	GILGFVFTL
28818	RAKFKQLL
5131	IVTDFSVIK
5178	RAKFKQLL
13853	RAKFKQLL
3880	IVTDFSVIK
5135	RAKFKQLL
32297	GILGFVFTL
2423	ELAGIGILTV
4968	KLGGALQAK
31340	GILGFVFTL
11138	RAKFKQLL
15361	RAKFKQLL
5496	ELAGIGILTV
28412	KLGGALQAK
25380	KLGGALQAK
34374	KLGGALQAK
5636	GILGFVFTL
24715	RAKFKQLL
24846	GLCTLVAML
161	KLGGALQAK
33862	GILGFVFTL
34451	KLGGALQAK
28462	RAKFKQLL
156	GILGFVFTL
5261	IVTDFSVIK
34368	KLGGALQAK
15606	RAKFKQLL
23843	KLGGALQAK
17954	RAKFKQLL
34264	KLGGALQAK
31901	RAKFKQLL
35672	KLGGALQAK
7238	KLGGALQAK
5253	ELAGIGILTV
2531	KLGGALQAK
35748	KLGGALQAK
26140	KLGGALQAK
2400	KLGGALQAK
6237	GILGFVFTL
33556	GILGFVFTL
2415	KLGGALQAK
34684	KLGGALQAK
3185	IVTDFSVIK
3877	IVTDFSVIK
34158	KLGGALQAK
2268	KLGGALQAK
7063	GILGFVFTL
34197	KLGGALQAK
23285	RAKFKQLL
7069	KLGGALQAK
24682	KLGGALQAK
36287	KLGGALQAK
34754	KLGGALQAK
25705	RAKFKQLL
36208	KLGGALQAK
5539	ELAGIGILTV
26038	KLGGALQAK
5869	GILGFVFTL
34242	KLGGALQAK
2520	KLGGALQAK
34069	KLGGALQAK
34517	KLGGALQAK
7324	GILGFVFTL
2716	IVTDFSVIK
5657	GILGFVFTL
36017	KLGGALQAK
35308	KLGGALQAK
7084	GILGFVFTL
34052	KLGGALQAK
24708	RAKFKQLL
14844	RAKFKQLL
34807	KLGGALQAK
6360	IVTDFSVIK
35902	KLGGALQAK
35011	KLGGALQAK
34309	KLGGALQAK
587	ELAGIGILTV
25265	RAKFKQLL
14270	RAKFKQLL
34381	KLGGALQAK
157	KLGGALQAK
33515	GILGFVFTL
35923	KLGGALQAK
34389	KLGGALQAK
34819	KLGGALQAK
5576	GILGFVFTL
23220	KLGGALQAK
35065	KLGGALQAK
28608	RAKFKQLL
17002	KLGGALQAK
35216	KLGGALQAK
24332	KLGGALQAK
25801	KLGGALQAK
11154	RAKFKQLL
34252	KLGGALQAK
34894	KLGGALQAK
35793	KLGGALQAK
32606	GILGFVFTL
34310	KLGGALQAK
11041	RAKFKQLL
5775	GILGFVFTL
34011	KLGGALQAK
35122	KLGGALQAK
34295	KLGGALQAK
35454	KLGGALQAK
22999	RAKFKQLL
34531	KLGGALQAK
24318	AVFDRKSDAK
36061	KLGGALQAK
34838	KLGGALQAK
11838	RAKFKQLL
35988	KLGGALQAK
34153	KLGGALQAK
35935	KLGGALQAK
35478	KLGGALQAK
34376	KLGGALQAK
5383	GILGFVFTL
36087	KLGGALQAK
23011	KLGGALQAK
36121	KLGGALQAK
6599	GILGFVFTL
35084	KLGGALQAK
35679	KLGGALQAK
35650	KLGGALQAK
32675	GILGFVFTL
25443	RAKFKQLL
31357	GILGFVFTL
23839	RAKFKQLL
35002	KLGGALQAK
34208	KLGGALQAK
10548	RAKFKQLL
13925	GILGFVFTL
34713	KLGGALQAK
34661	KLGGALQAK
34555	IVTDFSVIK
4956	GILGFVFTL
127	KLGGALQAK
2532	KLGGALQAK
35338	KLGGALQAK
35854	KLGGALQAK
38424	ELAGIGILTV
2371	KLGGALQAK
35365	KLGGALQAK
23212	IVTDFSVIK
35652	KLGGALQAK
34709	KLGGALQAK
14561	RAKFKQLL
36250	KLGGALQAK
4933	ELAGIGILTV
25029	RAKFKQLL
33994	KLGGALQAK
34984	KLGGALQAK
28841	RAKFKQLL
5427	IVTDFSVIK
35461	KLGGALQAK
35355	KLGGALQAK
25249	GLCTLVAML
28465	KLGGALQAK
35892	KLGGALQAK
5229	KLGGALQAK
36133	IVTDFSVIK
33917	RAKFKQLL
2469	KLGGALQAK
24341	KLGGALQAK
9	ELAGIGILTV
19210	RAKFKQLL
7266	GLCTLVAML
31066	GILGFVFTL
34157	KLGGALQAK
31347	GILGFVFTL
33591	GILGFVFTL
18738	RAKFKQLL
31379	GILGFVFTL
23124	KLGGALQAK
7178	GILGFVFTL
34633	KLGGALQAK
25074	RAKFKQLL
34795	KLGGALQAK
35815	IVTDFSVIK
6301	GILGFVFTL
7659	GILGFVFTL
34828	KLGGALQAK
34352	KLGGALQAK
14675	GILGFVFTL
5218	GILGFVFTL
33516	GILGFVFTL
2397	KLGGALQAK
35180	KLGGALQAK
35282	KLGGALQAK
5622	GILGFVFTL
26055	KLGGALQAK
5400	ELAGIGILTV
26511	RAKFKQLL
35315	KLGGALQAK
57	RAKFKQLL
36257	KLGGALQAK
25089	GLCTLVAML
16650	RAKFKQLL
7216	GILGFVFTL
5039	IVTDFSVIK
34679	ELAGIGILTV
35726	KLGGALQAK
35947	KLGGALQAK
2308	AVFDRKSDAK
6842	GILGFVFTL
29018	KLGGALQAK
23904	RAKFKQLL
28572	GILGFVFTL
34979	KLGGALQAK
36242	KLGGALQAK
14837	RAKFKQLL
2578	IVTDFSVIK
35456	KLGGALQAK
23906	KLGGALQAK
6231	GILGFVFTL
24346	KLGGALQAK
34140	KLGGALQAK
34447	KLGGALQAK
26065	GILGFVFTL
35706	KLGGALQAK
34081	KLGGALQAK
35555	KLGGALQAK
35400	KLGGALQAK
34016	KLGGALQAK
31786	GILGFVFTL
5045	AVFDRKSDAK
36004	AVFDRKSDAK
24706	GLCTLVAML
22310	RAKFKQLL
7377	GILGFVFTL
34873	KLGGALQAK
35115	KLGGALQAK
17868	KLGGALQAK
23964	RAKFKQLL
24820	RAKFKQLL
28710	RAKFKQLL
34335	KLGGALQAK
33599	RAKFKQLL
34707	KLGGALQAK
33468	GILGFVFTL
34179	KLGGALQAK
33953	KLGGALQAK
36052	KLGGALQAK
35095	KLGGALQAK
32249	GILGFVFTL
35132	KLGGALQAK
5246	KLGGALQAK
30503	GILGFVFTL
637	KLGGALQAK
5275	RAKFKQLL
34673	KLGGALQAK
5075	KLGGALQAK
35318	KLGGALQAK
30436	GILGFVFTL
35210	KLGGALQAK
23125	KLGGALQAK
5472	KLGGALQAK
35372	KLGGALQAK
34286	KLGGALQAK
35225	KLGGALQAK
34241	IVTDFSVIK
141	AVFDRKSDAK
36059	KLGGALQAK
35701	KLGGALQAK
35069	KLGGALQAK
5422	KLGGALQAK
256	KLGGALQAK
32526	GILGFVFTL
35903	KLGGALQAK
26048	GILGFVFTL
31268	GILGFVFTL
694	KLGGALQAK
36013	KLGGALQAK
26550	RAKFKQLL
28419	KLGGALQAK
2262	GILGFVFTL
957	AVFDRKSDAK
34880	KLGGALQAK
34137	KLGGALQAK
33481	KLGGALQAK
34450	KLGGALQAK
200	KLGGALQAK
13152	RAKFKQLL
5031	GILGFVFTL
33422	GILGFVFTL
17888	KLGGALQAK
14683	RAKFKQLL
36058	GLCTLVAML
36060	KLGGALQAK
2564	RAKFKQLL
5524	KLGGALQAK
34165	KLGGALQAK
248	KLGGALQAK
7331	GILGFVFTL
17866	KLGGALQAK
683	KLGGALQAK
35061	KLGGALQAK
30573	GILGFVFTL
23017	IVTDFSVIK
23138	RAKFKQLL
34077	KLGGALQAK
34559	KLGGALQAK
35376	KLGGALQAK
6078	GILGFVFTL
4	GILGFVFTL
34486	KLGGALQAK
35895	KLGGALQAK
35861	KLGGALQAK
18091	RAKFKQLL
27947	GLCTLVAML
10950	RAKFKQLL
36234	KLGGALQAK
35087	KLGGALQAK
13227	RAKFKQLL
5054	KLGGALQAK
5497	KLGGALQAK
21476	RAKFKQLL
27119	RAKFKQLL
17884	RAKFKQLL
8622	RAKFKQLL
35629	AVFDRKSDAK
6608	GILGFVFTL
6227	GILGFVFTL
5602	GILGFVFTL
35846	KLGGALQAK
14251	RAKFKQLL
24242	RAKFKQLL
25730	RAKFKQLL
34833	KLGGALQAK
17035	KLGGALQAK
39	GILGFVFTL
2349	KLGGALQAK
17046	RAKFKQLL
35820	KLGGALQAK
34941	KLGGALQAK
28573	ELAGIGILTV
34670	KLGGALQAK
24592	RAKFKQLL
35309	KLGGALQAK
36206	KLGGALQAK
34145	KLGGALQAK
25771	RAKFKQLL
34694	KLGGALQAK
26	KLGGALQAK
35327	KLGGALQAK
35196	KLGGALQAK
17040	KLGGALQAK
35277	KLGGALQAK
36111	KLGGALQAK
28600	KLGGALQAK
30492	GILGFVFTL
36056	KLGGALQAK
94	KLGGALQAK
34022	KLGGALQAK
35363	KLGGALQAK
18088	RAKFKQLL
32883	GILGFVFTL
24593	RAKFKQLL
6050	GILGFVFTL
26551	KLGGALQAK
28599	RAKFKQLL
35860	KLGGALQAK
34013	KLGGALQAK
24359	KLGGALQAK
34273	KLGGALQAK
34071	KLGGALQAK
34606	KLGGALQAK
34260	KLGGALQAK
33577	GILGFVFTL
34292	KLGGALQAK
38435	KLGGALQAK
29610	GILGFVFTL
34802	KLGGALQAK
35703	KLGGALQAK
35383	KLGGALQAK
8896	RAKFKQLL
29935	GILGFVFTL
13930	KLGGALQAK
25281	KLGGALQAK
29771	RAKFKQLL
31839	KLGGALQAK
36282	AVFDRKSDAK
9044	RAKFKQLL
123	RAKFKQLL
36076	KLGGALQAK
18003	KLGGALQAK
34578	KLGGALQAK
26257	KLGGALQAK
2271	KLGGALQAK
23804	RAKFKQLL
7675	RAKFKQLL
34214	KLGGALQAK
34518	KLGGALQAK
6570	IVTDFSVIK
35513	KLGGALQAK
36315	IVTDFSVIK
28598	KLGGALQAK
17038	KLGGALQAK
4975	ELAGIGILTV
23548	RAKFKQLL
34617	KLGGALQAK
34769	KLGGALQAK
35226	KLGGALQAK
33572	GILGFVFTL
23826	KLGGALQAK
35379	KLGGALQAK
7371	GILGFVFTL
25053	RAKFKQLL
2279	KLGGALQAK
23962	RAKFKQLL
23162	RAKFKQLL
25288	GILGFVFTL
17511	GILGFVFTL
5100	AVFDRKSDAK
5444	KLGGALQAK
3903	IVTDFSVIK
35560	AVFDRKSDAK
5183	GILGFVFTL
35235	KLGGALQAK
6668	GILGFVFTL
5170	GLCTLVAML
14075	RAKFKQLL
7263	RAKFKQLL
11985	RAKFKQLL
33230	GILGFVFTL
22320	RAKFKQLL
32998	GILGFVFTL
18054	GLCTLVAML
35332	KLGGALQAK
6252	GILGFVFTL
34904	KLGGALQAK
35833	KLGGALQAK
34952	KLGGALQAK
34966	KLGGALQAK
31404	GILGFVFTL
7075	GILGFVFTL
29859	GILGFVFTL
3101	IVTDFSVIK
2425	IVTDFSVIK
2361	KLGGALQAK
14243	RAKFKQLL
378	KLGGALQAK
25392	RAKFKQLL
2301	ELAGIGILTV
31454	GILGFVFTL
36217	IVTDFSVIK
31776	GILGFVFTL
34719	ELAGIGILTV
31612	GILGFVFTL
32367	GILGFVFTL
2755	IVTDFSVIK
16935	KLGGALQAK
34385	KLGGALQAK
220	ELAGIGILTV
34176	KLGGALQAK
34109	KLGGALQAK
35340	KLGGALQAK
34644	KLGGALQAK
35190	KLGGALQAK
35397	KLGGALQAK
36215	KLGGALQAK
34620	KLGGALQAK
15315	GLCTLVAML
9203	RAKFKQLL
34178	KLGGALQAK
35804	KLGGALQAK
11196	RAKFKQLL
25723	IVTDFSVIK
23103	GILGFVFTL
29939	GILGFVFTL
5391	KLGGALQAK
23093	GLCTLVAML
35999	KLGGALQAK
33847	GILGFVFTL
34703	KLGGALQAK
35578	KLGGALQAK
7269	KLGGALQAK
5179	KLGGALQAK
35247	KLGGALQAK
5461	KLGGALQAK
7078	KLGGALQAK
26558	RAKFKQLL
23846	RAKFKQLL
14846	KLGGALQAK
25992	KLGGALQAK
35897	KLGGALQAK
35004	KLGGALQAK
34191	KLGGALQAK
35434	KLGGALQAK
38418	KLGGALQAK
5562	GILGFVFTL
34244	KLGGALQAK
26254	KLGGALQAK
28989	GILGFVFTL
33990	KLGGALQAK
26519	GLCTLVAML
24401	RAKFKQLL
34724	KLGGALQAK
28679	KLGGALQAK
14642	KLGGALQAK
34460	KLGGALQAK
35674	KLGGALQAK
5440	KLGGALQAK
17889	KLGGALQAK
6683	GILGFVFTL
5473	KLGGALQAK
28863	KLGGALQAK
117	IVTDFSVIK
27330	RAKFKQLL
28583	KLGGALQAK
24688	RAKFKQLL
2450	KLGGALQAK
2512	KLGGALQAK
25451	RAKFKQLL
1655	AVFDRKSDAK
36320	KLGGALQAK
35549	KLGGALQAK
35284	KLGGALQAK
17863	KLGGALQAK
26554	RAKFKQLL
26557	GLCTLVAML
28959	GILGFVFTL
34582	KLGGALQAK
26060	KLGGALQAK
272	IVTDFSVIK
239	KLGGALQAK
34841	KLGGALQAK
49	GILGFVFTL
4953	KLGGALQAK
32592	GILGFVFTL
23	KLGGALQAK
35101	KLGGALQAK
174	ELAGIGILTV
35690	KLGGALQAK
35406	KLGGALQAK
25809	KLGGALQAK
182	KLGGALQAK
34378	KLGGALQAK
34284	KLGGALQAK
28361	KLGGALQAK
7227	ELAGIGILTV
35433	KLGGALQAK
29934	GILGFVFTL
26471	GILGFVFTL
34614	KLGGALQAK
10943	RAKFKQLL
35043	KLGGALQAK
34991	KLGGALQAK
7370	GILGFVFTL
28717	GILGFVFTL
35964	AVFDRKSDAK
23023	KLGGALQAK
34626	KLGGALQAK
35654	KLGGALQAK
34883	KLGGALQAK
6007	GILGFVFTL
35695	KLGGALQAK
32605	GILGFVFTL
32524	GILGFVFTL
28463	KLGGALQAK
472	IVTDFSVIK
28300	RAKFKQLL
35582	KLGGALQAK
34136	KLGGALQAK
5547	GILGFVFTL
20662	RAKFKQLL
31850	GILGFVFTL
36220	IVTDFSVIK
18008	KLGGALQAK
2241	ELAGIGILTV
36196	KLGGALQAK
2382	KLGGALQAK
5463	KLGGALQAK
35346	KLGGALQAK
18095	RAKFKQLL
35094	KLGGALQAK
16940	GLCTLVAML
6662	GILGFVFTL
7687	RAKFKQLL
34463	KLGGALQAK
32402	GILGFVFTL
34818	KLGGALQAK
7315	GILGFVFTL
28587	GILGFVFTL
279	KLGGALQAK
14315	RAKFKQLL
6929	GILGFVFTL
35222	KLGGALQAK
35231	KLGGALQAK
6687	GILGFVFTL
35631	KLGGALQAK
35149	KLGGALQAK
23218	ELAGIGILTV
31902	GILGFVFTL
33911	RAKFKQLL
25298	RAKFKQLL
22324	KLGGALQAK
2504	KLGGALQAK
14242	RAKFKQLL
35640	KLGGALQAK
2471	AVFDRKSDAK
35667	KLGGALQAK
52	AVFDRKSDAK
34549	KLGGALQAK
35141	KLGGALQAK
34675	KLGGALQAK
30361	GILGFVFTL
17890	KLGGALQAK
6322	GILGFVFTL
15317	KLGGALQAK
28678	KLGGALQAK
7691	RAKFKQLL
34971	KLGGALQAK
34541	KLGGALQAK
35806	KLGGALQAK
34219	KLGGALQAK
31365	GILGFVFTL
34539	KLGGALQAK
36177	KLGGALQAK
22313	KLGGALQAK
23278	RAKFKQLL
34104	KLGGALQAK
25273	RAKFKQLL
28861	KLGGALQAK
168	AVFDRKSDAK
34113	KLGGALQAK
36086	ELAGIGILTV
35743	KLGGALQAK
17895	GLCTLVAML
6686	GILGFVFTL
25297	RAKFKQLL
6048	GILGFVFTL
16302	RAKFKQLL
15313	RAKFKQLL
23001	KLGGALQAK
2282	RAKFKQLL
36044	KLGGALQAK
35259	KLGGALQAK
33898	KLGGALQAK
34168	KLGGALQAK
29782	GILGFVFTL
30991	GILGFVFTL
29941	GILGFVFTL
14334	GILGFVFTL
5486	KLGGALQAK
25806	RAKFKQLL
13393	RAKFKQLL
5460	IVTDFSVIK
23816	GILGFVFTL
5050	RAKFKQLL
13932	RAKFKQLL
34133	KLGGALQAK
5258	ELAGIGILTV
35967	GILGFVFTL
33520	GILGFVFTL
24849	GLCTLVAML
28448	KLGGALQAK
36325	KLGGALQAK
6685	GILGFVFTL
33854	GILGFVFTL
205	KLGGALQAK
35326	KLGGALQAK
2462	KLGGALQAK
4929	KLGGALQAK
7200	GILGFVFTL
31363	GILGFVFTL
8379	GILGFVFTL
27964	GLCTLVAML
29940	GILGFVFTL
28457	GILGFVFTL
34112	KLGGALQAK
34544	KLGGALQAK
3582	IVTDFSVIK
28958	KLGGALQAK
6762	GILGFVFTL
17956	KLGGALQAK
33500	GILGFVFTL
34908	KLGGALQAK
31627	GILGFVFTL
35443	KLGGALQAK
2494	KLGGALQAK
35163	KLGGALQAK
6605	GILGFVFTL
35139	KLGGALQAK
28830	KLGGALQAK
24347	GILGFVFTL
34757	KLGGALQAK
270	KLGGALQAK
2317	GLCTLVAML
6996	GILGFVFTL
36078	IVTDFSVIK
17298	GLCTLVAML
35571	KLGGALQAK
2411	KLGGALQAK
34222	KLGGALQAK
24685	GLCTLVAML
34987	KLGGALQAK
18109	RAKFKQLL
27953	GLCTLVAML
34167	KLGGALQAK
14680	RAKFKQLL
34351	KLGGALQAK
99	KLGGALQAK
13891	RAKFKQLL
532	IVTDFSVIK
35233	KLGGALQAK
25274	KLGGALQAK
32358	GILGFVFTL
35904	KLGGALQAK
5984	GILGFVFTL
6550	KLGGALQAK
88	KLGGALQAK
13988	RAKFKQLL
32248	GILGFVFTL
5173	GLCTLVAML
25722	GILGFVFTL
90	KLGGALQAK
34896	KLGGALQAK
13269	RAKFKQLL
34027	KLGGALQAK
2625	IVTDFSVIK
7693	KLGGALQAK
18070	RAKFKQLL
35823	ELAGIGILTV
155	ELAGIGILTV
34105	KLGGALQAK
673	KLGGALQAK
34812	KLGGALQAK
36288	KLGGALQAK
36069	KLGGALQAK
5078	AVFDRKSDAK
24985	KLGGALQAK
31368	GILGFVFTL
26019	GILGFVFTL
34095	KLGGALQAK
35411	KLGGALQAK
17957	RAKFKQLL
14678	GILGFVFTL
28714	KLGGALQAK
29649	GILGFVFTL
24349	IVTDFSVIK
35791	KLGGALQAK
5374	KLGGALQAK
23245	RAKFKQLL
5462	ELAGIGILTV
33482	RAKFKQLL
25241	GLCTLVAML
34340	KLGGALQAK
2493	KLGGALQAK
280	KLGGALQAK
35625	KLGGALQAK
23002	KLGGALQAK
5233	KLGGALQAK
28368	GILGFVFTL
34677	KLGGALQAK
35822	KLGGALQAK
35567	KLGGALQAK
23231	KLGGALQAK
6559	AVFDRKSDAK
5443	KLGGALQAK
25718	RAKFKQLL
31633	GILGFVFTL
2861	IVTDFSVIK
24322	RAKFKQLL
25907	KLGGALQAK
221	KLGGALQAK
6664	GILGFVFTL
26492	GLCTLVAML
2577	KLGGALQAK
13825	RAKFKQLL
34998	KLGGALQAK
77	ELAGIGILTV
34913	KLGGALQAK
30422	GILGFVFTL
35821	KLGGALQAK
35119	KLGGALQAK
33206	RAKFKQLL
35217	KLGGALQAK
24642	KLGGALQAK
34391	KLGGALQAK
269	GILGFVFTL
35082	KLGGALQAK
26563	RAKFKQLL
31970	GILGFVFTL
33923	KLGGALQAK
34472	KLGGALQAK
24998	RAKFKQLL
5537	KLGGALQAK
25924	GILGFVFTL
2410	KLGGALQAK
35562	KLGGALQAK
24567	RAKFKQLL
35635	KLGGALQAK
36006	KLGGALQAK
5803	GILGFVFTL
5	GILGFVFTL
4952	IVTDFSVIK
22312	AVFDRKSDAK
6568	KLGGALQAK
34345	KLGGALQAK
35268	KLGGALQAK
36244	AVFDRKSDAK
69	KLGGALQAK
17879	RAKFKQLL
31679	GILGFVFTL
263	KLGGALQAK
34055	KLGGALQAK
27521	RAKFKQLL
23833	KLGGALQAK
7666	RAKFKQLL
23209	RAKFKQLL
34142	KLGGALQAK
2407	KLGGALQAK
23478	RAKFKQLL
35777	KLGGALQAK
35300	KLGGALQAK
36267	KLGGALQAK
34855	KLGGALQAK
36070	KLGGALQAK
5409	ELAGIGILTV
31493	GILGFVFTL
33476	KLGGALQAK
36134	IVTDFSVIK
5241	ELAGIGILTV
7	GILGFVFTL
35056	KLGGALQAK
37	GILGFVFTL
2562	KLGGALQAK
34949	KLGGALQAK
5017	KLGGALQAK
24235	RAKFKQLL
5093	KLGGALQAK
14320	KLGGALQAK
5125	ELAGIGILTV
25706	KLGGALQAK
34698	KLGGALQAK
28283	RAKFKQLL
31938	GILGFVFTL
34160	KLGGALQAK
32363	GILGFVFTL
34149	KLGGALQAK
27061	KLGGALQAK
14625	GLCTLVAML
25994	ELAGIGILTV
2402	KLGGALQAK
4164	IVTDFSVIK
4960	KLGGALQAK
5500	ELAGIGILTV
28828	RAKFKQLL
35816	KLGGALQAK
26018	KLGGALQAK
3312	IVTDFSVIK
9813	RAKFKQLL
24219	RAKFKQLL
33931	RAKFKQLL
36175	IVTDFSVIK
14679	KLGGALQAK
38404	IVTDFSVIK
31899	GILGFVFTL
6	GILGFVFTL
35176	KLGGALQAK
24996	RAKFKQLL
35165	KLGGALQAK
29953	GILGFVFTL
17044	KLGGALQAK
35283	KLGGALQAK
34857	KLGGALQAK
5234	KLGGALQAK
34515	KLGGALQAK
591	ELAGIGILTV
190	KLGGALQAK
7074	GILGFVFTL
5065	KLGGALQAK
7355	RAKFKQLL
2451	KLGGALQAK
34893	KLGGALQAK
28453	KLGGALQAK
34960	KLGGALQAK
5432	KLGGALQAK
15980	RAKFKQLL
28886	GILGFVFTL
35175	KLGGALQAK
14333	RAKFKQLL
26525	GLCTLVAML
2480	KLGGALQAK
37689	IVTDFSVIK
2457	KLGGALQAK
35984	KLGGALQAK
35063	KLGGALQAK
7083	GILGFVFTL
34696	KLGGALQAK
35131	KLGGALQAK
2239	KLGGALQAK
7328	KLGGALQAK
36280	KLGGALQAK
33993	KLGGALQAK
35601	KLGGALQAK
28	RAKFKQLL
14240	RAKFKQLL
26152	KLGGALQAK
34860	KLGGALQAK
25045	RAKFKQLL
623	KLGGALQAK
25899	RAKFKQLL
34307	KLGGALQAK
35260	KLGGALQAK
34039	KLGGALQAK
21860	RAKFKQLL
148	KLGGALQAK
26498	KLGGALQAK
32609	GILGFVFTL
31933	GILGFVFTL
6093	GILGFVFTL
17970	RAKFKQLL
6254	GILGFVFTL
34785	KLGGALQAK
25102	GLCTLVAML
79	RAKFKQLL
26546	KLGGALQAK
8151	RAKFKQLL
15288	KLGGALQAK
34958	KLGGALQAK
34431	KLGGALQAK
5660	GILGFVFTL
33755	GILGFVFTL
14955	RAKFKQLL
149	KLGGALQAK
30539	GILGFVFTL
34354	KLGGALQAK
33841	GILGFVFTL
8170	RAKFKQLL
5149	RAKFKQLL
15308	GILGFVFTL
35805	KLGGALQAK
7060	GILGFVFTL
34126	KLGGALQAK
15296	ELAGIGILTV
25393	IVTDFSVIK
0	GILGFVFTL
35464	KLGGALQAK
27968	RAKFKQLL
26037	KLGGALQAK
36123	KLGGALQAK
4464	IVTDFSVIK
26139	RAKFKQLL
25101	GILGFVFTL
15048	RAKFKQLL
34138	KLGGALQAK
2460	KLGGALQAK
226	GILGFVFTL
35162	KLGGALQAK
5184	GLCTLVAML
35470	KLGGALQAK
35138	KLGGALQAK
24123	RAKFKQLL
74	RAKFKQLL
24363	KLGGALQAK
696	KLGGALQAK
24308	ELAGIGILTV
34862	KLGGALQAK
2322	AVFDRKSDAK
21072	RAKFKQLL
26559	RAKFKQLL
25455	KLGGALQAK
4937	KLGGALQAK
7167	GILGFVFTL
34969	KLGGALQAK
34878	KLGGALQAK
35857	KLGGALQAK
35155	KLGGALQAK
35186	KLGGALQAK
34462	KLGGALQAK
34347	KLGGALQAK
31553	GILGFVFTL
34007	KLGGALQAK
35786	KLGGALQAK
5503	KLGGALQAK
35827	KLGGALQAK
18055	GLCTLVAML
35118	KLGGALQAK
2580	IVTDFSVIK
31406	GILGFVFTL
30496	GILGFVFTL
5731	GILGFVFTL
35965	KLGGALQAK
27088	RAKFKQLL
34994	KLGGALQAK
17983	KLGGALQAK
17050	KLGGALQAK
8437	RAKFKQLL
28415	KLGGALQAK
32699	GILGFVFTL
27302	RAKFKQLL
33483	GILGFVFTL
11413	RAKFKQLL
28840	GILGFVFTL
2341	ELAGIGILTV
7671	RAKFKQLL
35918	KLGGALQAK
34271	KLGGALQAK
31840	GILGFVFTL
16951	GILGFVFTL
31332	GILGFVFTL
26059	KLGGALQAK
32334	GILGFVFTL
2389	KLGGALQAK
32001	GILGFVFTL
8104	RAKFKQLL
28452	KLGGALQAK
35564	KLGGALQAK
34934	KLGGALQAK
5505	KLGGALQAK
28449	KLGGALQAK
24337	GLCTLVAML
5464	IVTDFSVIK
35480	AVFDRKSDAK
31475	GILGFVFTL
35882	KLGGALQAK
7073	GILGFVFTL
35157	KLGGALQAK
7229	KLGGALQAK
14627	IVTDFSVIK
30087	KLGGALQAK
30719	GILGFVFTL
5454	ELAGIGILTV
35142	AVFDRKSDAK
14620	RAKFKQLL
7176	GILGFVFTL
118	AVFDRKSDAK
7294	GILGFVFTL
14250	KLGGALQAK
34313	KLGGALQAK
28410	RAKFKQLL
23012	KLGGALQAK
674	AVFDRKSDAK
4079	IVTDFSVIK
670	ELAGIGILTV
34792	KLGGALQAK
5325	IVTDFSVIK
23903	RAKFKQLL
25016	IVTDFSVIK
34147	KLGGALQAK
34053	KLGGALQAK
5084	RAKFKQLL
35321	KLGGALQAK
5032	KLGGALQAK
5499	RAKFKQLL
35234	KLGGALQAK
34868	KLGGALQAK
36065	IVTDFSVIK
36053	KLGGALQAK
5080	IVTDFSVIK
34762	KLGGALQAK
34084	KLGGALQAK
26483	KLGGALQAK
33899	KLGGALQAK
4949	IVTDFSVIK
28834	KLGGALQAK
34257	KLGGALQAK
23211	KLGGALQAK
26486	KLGGALQAK
35091	KLGGALQAK
35913	KLGGALQAK
5471	ELAGIGILTV
2329	KLGGALQAK
35998	AVFDRKSDAK
33827	GILGFVFTL
223	AVFDRKSDAK
30706	GILGFVFTL
25886	RAKFKQLL
16697	RAKFKQLL
31064	GILGFVFTL
36189	KLGGALQAK
35930	KLGGALQAK
35408	KLGGALQAK
20584	RAKFKQLL
30156	GILGFVFTL
26451	GLCTLVAML
2396	KLGGALQAK
15996	KLGGALQAK
35390	KLGGALQAK
255	KLGGALQAK
27576	RAKFKQLL
23900	KLGGALQAK
34763	KLGGALQAK
5182	ELAGIGILTV
36178	KLGGALQAK
30096	GILGFVFTL
16934	RAKFKQLL
31323	GILGFVFTL
641	ELAGIGILTV
30289	GILGFVFTL
36002	KLGGALQAK
34406	KLGGALQAK
14630	RAKFKQLL
5110	KLGGALQAK
26044	KLGGALQAK
28360	KLGGALQAK
18695	RAKFKQLL
36274	KLGGALQAK
47	GILGFVFTL
35961	KLGGALQAK
2368	KLGGALQAK
5162	RAKFKQLL
34552	KLGGALQAK
6304	GILGFVFTL
2561	KLGGALQAK
24694	RAKFKQLL
24354	RAKFKQLL
9820	RAKFKQLL
35801	KLGGALQAK
33	GILGFVFTL
36122	KLGGALQAK
24986	KLGGALQAK
16067	RAKFKQLL
34185	KLGGALQAK
3521	IVTDFSVIK
31018	GILGFVFTL
35511	KLGGALQAK
6305	GILGFVFTL
30438	GILGFVFTL
6319	GILGFVFTL
4940	KLGGALQAK
35436	KLGGALQAK
34618	KLGGALQAK
13986	RAKFKQLL
35755	KLGGALQAK
35869	KLGGALQAK
36270	KLGGALQAK
2559	IVTDFSVIK
34336	KLGGALQAK
28866	KLGGALQAK
14676	GILGFVFTL
25707	RAKFKQLL
5044	KLGGALQAK
34235	KLGGALQAK
34565	KLGGALQAK
28450	KLGGALQAK
35154	KLGGALQAK
5073	KLGGALQAK
15332	KLGGALQAK
5614	GILGFVFTL
584	IVTDFSVIK
5254	ELAGIGILTV
35886	KLGGALQAK
7260	ELAGIGILTV
2467	KLGGALQAK
18053	KLGGALQAK
26153	GILGFVFTL
124	ELAGIGILTV
5467	KLGGALQAK
4192	IVTDFSVIK
35006	KLGGALQAK
35790	KLGGALQAK
35942	KLGGALQAK
2479	KLGGALQAK
15302	AVFDRKSDAK
35170	KLGGALQAK
35440	KLGGALQAK
31653	GILGFVFTL
17004	GLCTLVAML
5019	KLGGALQAK
42	AVFDRKSDAK
5157	KLGGALQAK
7345	RAKFKQLL
26128	RAKFKQLL
36225	IVTDFSVIK
18058	KLGGALQAK
33844	GILGFVFTL
34712	KLGGALQAK
25081	AVFDRKSDAK
30552	GILGFVFTL
34509	KLGGALQAK
24307	GILGFVFTL
26569	RAKFKQLL
32415	GILGFVFTL
23825	RAKFKQLL
34877	KLGGALQAK
34258	KLGGALQAK
18020	RAKFKQLL
5231	GILGFVFTL
34305	KLGGALQAK
36106	KLGGALQAK
5528	KLGGALQAK
6232	GILGFVFTL
35646	KLGGALQAK
35556	KLGGALQAK
12887	RAKFKQLL
2574	KLGGALQAK
35620	KLGGALQAK
15570	KLGGALQAK
33392	KLGGALQAK
35884	KLGGALQAK
35482	KLGGALQAK
34646	KLGGALQAK
16938	RAKFKQLL
2265	KLGGALQAK
34915	KLGGALQAK
18069	RAKFKQLL
25731	GILGFVFTL
2252	RAKFKQLL
28865	KLGGALQAK
34060	KLGGALQAK
23210	KLGGALQAK
30562	GILGFVFTL
5190	GILGFVFTL
34940	KLGGALQAK
5672	GILGFVFTL
34593	KLGGALQAK
7325	GILGFVFTL
6609	GILGFVFTL
34902	KLGGALQAK
34134	KLGGALQAK
5535	KLGGALQAK
34714	KLGGALQAK
5375	AVFDRKSDAK
34907	KLGGALQAK
20172	RAKFKQLL
35016	KLGGALQAK
36096	KLGGALQAK
4290	IVTDFSVIK
34251	KLGGALQAK
27951	GLCTLVAML
34678	KLGGALQAK
6479	AVFDRKSDAK
5549	GILGFVFTL
7061	GILGFVFTL
25891	GILGFVFTL
24336	KLGGALQAK
3233	IVTDFSVIK
35636	KLGGALQAK
34837	KLGGALQAK
24696	KLGGALQAK
32966	GILGFVFTL
10972	RAKFKQLL
38422	KLGGALQAK
7679	RAKFKQLL
5697	GILGFVFTL
35630	KLGGALQAK
7667	RAKFKQLL
25294	KLGGALQAK
34695	KLGGALQAK
11360	RAKFKQLL
35040	KLGGALQAK
5116	IVTDFSVIK
34718	KLGGALQAK
36233	IVTDFSVIK
23828	KLGGALQAK
7070	KLGGALQAK
33952	RAKFKQLL
34062	KLGGALQAK
28417	KLGGALQAK
5042	IVTDFSVIK
34569	KLGGALQAK
139	GILGFVFTL
36022	KLGGALQAK
26845	RAKFKQLL
5221	KLGGALQAK
5237	GILGFVFTL
2576	AVFDRKSDAK
34410	KLGGALQAK
5290	KLGGALQAK
38419	ELAGIGILTV
34869	KLGGALQAK
34199	KLGGALQAK
35708	KLGGALQAK
2521	RAKFKQLL
26033	KLGGALQAK
35951	KLGGALQAK
2416	IVTDFSVIK
2333	ELAGIGILTV
5564	GILGFVFTL
34750	KLGGALQAK
7171	GILGFVFTL
30130	GILGFVFTL
32247	KLGGALQAK
25453	RAKFKQLL
34532	KLGGALQAK
2470	GILGFVFTL
7281	GILGFVFTL
13989	RAKFKQLL
35986	KLGGALQAK
12304	RAKFKQLL
6381	GILGFVFTL
35797	KLGGALQAK
25221	KLGGALQAK
16942	RAKFKQLL
28732	KLGGALQAK
35024	KLGGALQAK
36185	KLGGALQAK
29951	GILGFVFTL
36186	KLGGALQAK
36256	KLGGALQAK
2383	GILGFVFTL
34238	KLGGALQAK
25285	KLGGALQAK
5373	KLGGALQAK
114	KLGGALQAK
625	GILGFVFTL
31373	GILGFVFTL
23026	KLGGALQAK
36188	KLGGALQAK
35392	KLGGALQAK
34339	KLGGALQAK
108	KLGGALQAK
677	IVTDFSVIK
33394	GILGFVFTL
682	ELAGIGILTV
36089	KLGGALQAK
34036	KLGGALQAK
34087	KLGGALQAK
24218	KLGGALQAK
2465	KLGGALQAK
16982	RAKFKQLL
34338	KLGGALQAK
28407	GILGFVFTL
34267	KLGGALQAK
34922	KLGGALQAK
25111	GILGFVFTL
35195	KLGGALQAK
27098	RAKFKQLL
24884	GLCTLVAML
34298	KLGGALQAK
5217	KLGGALQAK
34318	KLGGALQAK
35381	KLGGALQAK
8924	RAKFKQLL
34710	KLGGALQAK
35220	KLGGALQAK
36180	KLGGALQAK
28676	KLGGALQAK
36088	IVTDFSVIK
34652	AVFDRKSDAK
25727	KLGGALQAK
34297	KLGGALQAK
34972	KLGGALQAK
33534	GILGFVFTL
597	GILGFVFTL
37236	IVTDFSVIK
284	KLGGALQAK
7673	RAKFKQLL
2529	KLGGALQAK
5321	IVTDFSVIK
281	KLGGALQAK
34010	KLGGALQAK
33980	GILGFVFTL
13817	RAKFKQLL
17882	GILGFVFTL
28713	KLGGALQAK
35937	KLGGALQAK
35852	KLGGALQAK
31834	GILGFVFTL
34527	KLGGALQAK
35339	KLGGALQAK
25436	RAKFKQLL
31858	GILGFVFTL
5557	KLGGALQAK
15992	KLGGALQAK
14832	KLGGALQAK
35074	KLGGALQAK
34367	KLGGALQAK
35798	KLGGALQAK
19550	RAKFKQLL
25797	RAKFKQLL
20673	RAKFKQLL
36119	KLGGALQAK
27079	KLGGALQAK
2362	KLGGALQAK
7080	GILGFVFTL
34793	KLGGALQAK
35151	KLGGALQAK
26474	KLGGALQAK
35655	KLGGALQAK
27085	RAKFKQLL
34377	KLGGALQAK
2358	KLGGALQAK
28373	IVTDFSVIK
31924	GILGFVFTL
5152	KLGGALQAK
7234	KLGGALQAK
31943	GILGFVFTL
7262	RAKFKQLL
35680	KLGGALQAK
13976	RAKFKQLL
19532	RAKFKQLL
23345	RAKFKQLL
35266	KLGGALQAK
7253	KLGGALQAK
35469	KLGGALQAK
5176	AVFDRKSDAK
34823	KLGGALQAK
34344	KLGGALQAK
34079	KLGGALQAK
34547	KLGGALQAK
5418	ELAGIGILTV
23027	RAKFKQLL
34224	KLGGALQAK
28414	RAKFKQLL
23208	GILGFVFTL
31651	GILGFVFTL
31077	GILGFVFTL
34571	KLGGALQAK
6262	GILGFVFTL
28720	KLGGALQAK
4786	IVTDFSVIK
22990	KLGGALQAK
35594	KLGGALQAK
28703	RAKFKQLL
34921	KLGGALQAK
23119	KLGGALQAK
35295	KLGGALQAK
23128	KLGGALQAK
16526	RAKFKQLL
9609	RAKFKQLL
16936	RAKFKQLL
35344	KLGGALQAK
2458	KLGGALQAK
28829	KLGGALQAK
18701	RAKFKQLL
25079	KLGGALQAK
7979	RAKFKQLL
32396	GILGFVFTL
5855	GILGFVFTL
5393	KLGGALQAK
34213	KLGGALQAK
25108	RAKFKQLL
14190	RAKFKQLL
34456	KLGGALQAK
34478	KLGGALQAK
26046	KLGGALQAK
28455	KLGGALQAK
25084	GILGFVFTL
15289	RAKFKQLL
34402	KLGGALQAK
35033	KLGGALQAK
28737	KLGGALQAK
26702	RAKFKQLL
33843	GILGFVFTL
32342	GILGFVFTL
35569	KLGGALQAK
153	KLGGALQAK
34458	KLGGALQAK
5077	KLGGALQAK
13822	RAKFKQLL
25452	KLGGALQAK
29830	GILGFVFTL
31932	GILGFVFTL
34534	KLGGALQAK
34917	KLGGALQAK
17892	GILGFVFTL
34530	KLGGALQAK
7072	KLGGALQAK
10378	RAKFKQLL
16957	RAKFKQLL
11294	RAKFKQLL
14626	RAKFKQLL
35759	KLGGALQAK
25267	KLGGALQAK
34520	KLGGALQAK
34169	KLGGALQAK
28867	GILGFVFTL
34474	KLGGALQAK
5407	KLGGALQAK
34813	KLGGALQAK
35067	KLGGALQAK
13910	RAKFKQLL
5565	GILGFVFTL
35001	KLGGALQAK
34923	KLGGALQAK
26556	RAKFKQLL
137	KLGGALQAK
35368	KLGGALQAK
32772	GILGFVFTL
25810	RAKFKQLL
34480	KLGGALQAK
24636	KLGGALQAK
35127	KLGGALQAK
6239	GILGFVFTL
4966	KLGGALQAK
7257	ELAGIGILTV
34601	KLGGALQAK
33828	GILGFVFTL
25080	KLGGALQAK
25019	KLGGALQAK
15320	KLGGALQAK
24382	RAKFKQLL
15407	RAKFKQLL
34944	KLGGALQAK
34688	KLGGALQAK
377	KLGGALQAK
5445	KLGGALQAK
18039	AVFDRKSDAK
34164	KLGGALQAK
5151	KLGGALQAK
17010	RAKFKQLL
22985	KLGGALQAK
27082	RAKFKQLL
35692	KLGGALQAK
35071	KLGGALQAK
32884	GILGFVFTL
34301	KLGGALQAK
6552	GILGFVFTL
14176	RAKFKQLL
35715	KLGGALQAK
28771	RAKFKQLL
35026	KLGGALQAK
31	KLGGALQAK
5060	KLGGALQAK
26472	RAKFKQLL
35835	KLGGALQAK
28729	RAKFKQLL
34047	KLGGALQAK
5028	KLGGALQAK
7206	GILGFVFTL
6669	KLGGALQAK
31376	GILGFVFTL
15304	RAKFKQLL
7685	RAKFKQLL
28574	KLGGALQAK
34395	KLGGALQAK
18113	KLGGALQAK
277	IVTDFSVIK
15828	RAKFKQLL
35697	KLGGALQAK
15293	RAKFKQLL
24353	RAKFKQLL
4260	IVTDFSVIK
2373	KLGGALQAK
373	KLGGALQAK
26017	GILGFVFTL
16952	KLGGALQAK
5175	KLGGALQAK
35847	KLGGALQAK
28876	RAKFKQLL
31124	GILGFVFTL
5252	KLGGALQAK
24350	KLGGALQAK
32601	GILGFVFTL
34897	KLGGALQAK
35982	KLGGALQAK
7239	ELAGIGILTV
35911	KLGGALQAK
5071	RAKFKQLL
34369	KLGGALQAK
35888	KLGGALQAK
7077	KLGGALQAK
34177	KLGGALQAK
34553	KLGGALQAK
2490	IVTDFSVIK
15993	RAKFKQLL
6771	GILGFVFTL
27092	KLGGALQAK
34412	KLGGALQAK
26015	KLGGALQAK
35098	KLGGALQAK
28718	KLGGALQAK
31618	GILGFVFTL
2422	KLGGALQAK
23177	RAKFKQLL
29954	GILGFVFTL
4951	KLGGALQAK
34266	KLGGALQAK
34481	KLGGALQAK
36138	KLGGALQAK
33499	GILGFVFTL
33547	GILGFVFTL
23813	RAKFKQLL
28476	IVTDFSVIK
4980	GILGFVFTL
34635	ELAGIGILTV
23374	KLGGALQAK
34225	KLGGALQAK
35972	KLGGALQAK
15723	GILGFVFTL
2527	KLGGALQAK
5551	GILGFVFTL
18075	AVFDRKSDAK
30409	GILGFVFTL
5640	GILGFVFTL
34383	KLGGALQAK
36323	KLGGALQAK
35014	KLGGALQAK
16091	RAKFKQLL
26521	KLGGALQAK
34765	KLGGALQAK
23241	GILGFVFTL
34184	KLGGALQAK
661	ELAGIGILTV
27099	KLGGALQAK
35850	KLGGALQAK
23205	KLGGALQAK
34220	KLGGALQAK
15794	RAKFKQLL
11	KLGGALQAK
24803	GILGFVFTL
5124	KLGGALQAK
32594	GILGFVFTL
32002	GILGFVFTL
262	RAKFKQLL
6234	GILGFVFTL
14645	KLGGALQAK
35829	KLGGALQAK
242	KLGGALQAK
144	KLGGALQAK
6855	GILGFVFTL
34524	KLGGALQAK
31861	GILGFVFTL
27110	RAKFKQLL
18064	GLCTLVAML
34959	KLGGALQAK
24304	KLGGALQAK
5816	GILGFVFTL
23663	RAKFKQLL
5021	KLGGALQAK
12702	RAKFKQLL
7996	RAKFKQLL
34982	KLGGALQAK
36212	IVTDFSVIK
6259	GILGFVFTL
36179	KLGGALQAK
34764	KLGGALQAK
16000	KLGGALQAK
36311	KLGGALQAK
17881	KLGGALQAK
28306	KLGGALQAK
31928	GILGFVFTL
24381	RAKFKQLL
34425	KLGGALQAK
14263	KLGGALQAK
6230	GILGFVFTL
35452	KLGGALQAK
122	AVFDRKSDAK
6635	GILGFVFTL
3041	IVTDFSVIK
2364	RAKFKQLL
191	KLGGALQAK
32667	GILGFVFTL
2418	KLGGALQAK
23876	KLGGALQAK
34294	KLGGALQAK
35323	KLGGALQAK
6569	KLGGALQAK
34457	KLGGALQAK
25887	KLGGALQAK
34683	KLGGALQAK
34498	KLGGALQAK
18086	KLGGALQAK
24290	GLCTLVAML
5033	KLGGALQAK
30429	GILGFVFTL
33453	GILGFVFTL
35343	KLGGALQAK
31936	GILGFVFTL
16949	KLGGALQAK
36286	KLGGALQAK
6944	GILGFVFTL
5514	ELAGIGILTV
34766	KLGGALQAK
17965	AVFDRKSDAK
24987	KLGGALQAK
24995	KLGGALQAK
14644	KLGGALQAK
35959	KLGGALQAK
1168	AVFDRKSDAK
5655	GILGFVFTL
35022	KLGGALQAK
34951	KLGGALQAK
35693	KLGGALQAK
35135	IVTDFSVIK
16003	RAKFKQLL
13820	RAKFKQLL
25023	KLGGALQAK
2365	KLGGALQAK
34726	KLGGALQAK
28731	RAKFKQLL
26501	GLCTLVAML
35907	KLGGALQAK
35694	KLGGALQAK
28376	KLGGALQAK
5408	ELAGIGILTV
2384	ELAGIGILTV
35088	KLGGALQAK
28862	KLGGALQAK
35559	KLGGALQAK
18105	RAKFKQLL
28356	RAKFKQLL
34453	KLGGALQAK
16186	RAKFKQLL
15156	RAKFKQLL
4943	IVTDFSVIK
35957	KLGGALQAK
5058	KLGGALQAK
35129	KLGGALQAK
35252	KLGGALQAK
34390	KLGGALQAK
22102	RAKFKQLL
34632	KLGGALQAK
5598	GILGFVFTL
28827	KLGGALQAK
25798	RAKFKQLL
25698	KLGGALQAK
6705	GILGFVFTL
35229	KLGGALQAK
34989	KLGGALQAK
36115	KLGGALQAK
7159	GILGFVFTL
5270	KLGGALQAK
2292	KLGGALQAK
24569	GILGFVFTL
34725	KLGGALQAK
28879	RAKFKQLL
34270	KLGGALQAK
5022	GILGFVFTL
34905	KLGGALQAK
5465	GILGFVFTL
5264	GILGFVFTL
35404	KLGGALQAK
17063	RAKFKQLL
2236	KLGGALQAK
31403	GILGFVFTL
5070	RAKFKQLL
19401	RAKFKQLL
35305	KLGGALQAK
35865	KLGGALQAK
34416	KLGGALQAK
5228	GILGFVFTL
594	KLGGALQAK
28456	KLGGALQAK
34872	KLGGALQAK
17869	KLGGALQAK
34775	KLGGALQAK
5249	KLGGALQAK
869	AVFDRKSDAK
25073	GILGFVFTL
34285	KLGGALQAK
34689	KLGGALQAK
34577	KLGGALQAK
35917	KLGGALQAK
35971	KLGGALQAK
15215	RAKFKQLL
32635	GILGFVFTL
5404	RAKFKQLL
17178	KLGGALQAK
30425	GILGFVFTL
5177	KLGGALQAK
36245	KLGGALQAK
6792	GILGFVFTL
34784	ELAGIGILTV
142	KLGGALQAK
34026	KLGGALQAK
34033	KLGGALQAK
33961	RAKFKQLL
35989	KLGGALQAK
26548	KLGGALQAK
6959	ELAGIGILTV
34350	KLGGALQAK
33986	KLGGALQAK
34882	KLGGALQAK
34752	KLGGALQAK
24	GILGFVFTL
24463	RAKFKQLL
23829	KLGGALQAK
27068	RAKFKQLL
34584	KLGGALQAK
283	KLGGALQAK
14126	GILGFVFTL
16932	RAKFKQLL
15384	RAKFKQLL
36314	KLGGALQAK
35577	KLGGALQAK
18	KLGGALQAK
5543	ELAGIGILTV
258	KLGGALQAK
35887	RAKFKQLL
34975	KLGGALQAK
25105	RAKFKQLL
29962	GILGFVFTL
5283	IVTDFSVIK
2999	IVTDFSVIK
2487	KLGGALQAK
25068	KLGGALQAK
7212	GILGFVFTL
10000	RAKFKQLL
35709	KLGGALQAK
34180	KLGGALQAK
34312	KLGGALQAK
23224	KLGGALQAK
5024	KLGGALQAK
86	GILGFVFTL
34076	KLGGALQAK
23018	GILGFVFTL
25408	GILGFVFTL
5064	RAKFKQLL
34825	KLGGALQAK
34973	KLGGALQAK
36075	KLGGALQAK
35831	KLGGALQAK
25721	GILGFVFTL
4984	KLGGALQAK
6602	GILGFVFTL
23214	KLGGALQAK
21	ELAGIGILTV
10987	RAKFKQLL
23127	ELAGIGILTV
6351	GILGFVFTL
25394	GILGFVFTL
5548	RAKFKQLL
15581	RAKFKQLL
34955	KLGGALQAK
34758	KLGGALQAK
18590	RAKFKQLL
5155	KLGGALQAK
26040	GILGFVFTL
23234	KLGGALQAK
25222	RAKFKQLL
5030	IVTDFSVIK
28704	RAKFKQLL
34096	ELAGIGILTV
5018	KLGGALQAK
35810	KLGGALQAK
35351	KLGGALQAK
34616	KLGGALQAK
5189	KLGGALQAK
3040	IVTDFSVIK
5048	KLGGALQAK
28823	GILGFVFTL
31266	GILGFVFTL
23118	GILGFVFTL
24509	RAKFKQLL
34963	KLGGALQAK
18066	RAKFKQLL
34030	KLGGALQAK
30648	GILGFVFTL
583	ELAGIGILTV
10574	RAKFKQLL
35003	KLGGALQAK
15572	RAKFKQLL
17878	RAKFKQLL
7068	GILGFVFTL
26036	KLGGALQAK
35845	KLGGALQAK
35085	KLGGALQAK
34685	KLGGALQAK
11402	RAKFKQLL
35770	KLGGALQAK
2337	KLGGALQAK
33869	GILGFVFTL
5452	KLGGALQAK
27758	RAKFKQLL
35634	KLGGALQAK
2230	KLGGALQAK
28411	RAKFKQLL
35150	KLGGALQAK
10306	RAKFKQLL
33595	GILGFVFTL
26926	RAKFKQLL
29971	GILGFVFTL
34144	KLGGALQAK
28370	KLGGALQAK
8107	RAKFKQLL
35409	KLGGALQAK
35490	KLGGALQAK
7668	RAKFKQLL
25383	RAKFKQLL
32519	GILGFVFTL
704	KLGGALQAK
25012	RAKFKQLL
24348	GILGFVFTL
5402	ELAGIGILTV
35374	KLGGALQAK
35970	KLGGALQAK
2275	KLGGALQAK
25926	GILGFVFTL
2468	KLGGALQAK
24683	RAKFKQLL
35239	KLGGALQAK
81	ELAGIGILTV
17048	RAKFKQLL
34612	KLGGALQAK
34613	KLGGALQAK
7286	GILGFVFTL
34193	KLGGALQAK
5076	KLGGALQAK
35914	KLGGALQAK
25011	IVTDFSVIK
4962	GILGFVFTL
25912	KLGGALQAK
38430	KLGGALQAK
28595	KLGGALQAK
103	ELAGIGILTV
34253	KLGGALQAK
15314	KLGGALQAK
36139	KLGGALQAK
29698	GILGFVFTL
25292	RAKFKQLL
35931	KLGGALQAK
7356	RAKFKQLL
26476	KLGGALQAK
25004	IVTDFSVIK
34573	KLGGALQAK
581	GILGFVFTL
7085	GILGFVFTL
34564	KLGGALQAK
25694	RAKFKQLL
3468	KLGGALQAK
35462	KLGGALQAK
18818	RAKFKQLL
24990	KLGGALQAK
23834	KLGGALQAK
24316	KLGGALQAK
8102	RAKFKQLL
30502	GILGFVFTL
24295	KLGGALQAK
35660	KLGGALQAK
34605	KLGGALQAK
5828	GILGFVFTL
33522	RAKFKQLL
25439	RAKFKQLL
36174	KLGGALQAK
28362	GILGFVFTL
23356	RAKFKQLL
35552	KLGGALQAK
36266	ELAGIGILTV
372	KLGGALQAK
36239	AVFDRKSDAK
25851	GLCTLVAML
34152	KLGGALQAK
36176	KLGGALQAK
14262	KLGGALQAK
14843	RAKFKQLL
22346	KLGGALQAK
35867	KLGGALQAK
26561	KLGGALQAK
26480	GILGFVFTL
35174	ELAGIGILTV
34805	KLGGALQAK
15326	RAKFKQLL
30381	GILGFVFTL
26109	KLGGALQAK
34986	KLGGALQAK
29960	GILGFVFTL
35219	KLGGALQAK
5544	GILGFVFTL
31887	GILGFVFTL
5708	GILGFVFTL
36324	KLGGALQAK
22998	RAKFKQLL
30540	GILGFVFTL
2244	KLGGALQAK
25808	RAKFKQLL
24364	RAKFKQLL
31382	GILGFVFTL
36018	KLGGALQAK
34992	KLGGALQAK
29945	GILGFVFTL
26954	RAKFKQLL
5556	KLGGALQAK
36151	ELAGIGILTV
34464	KLGGALQAK
34978	KLGGALQAK
5191	KLGGALQAK
36192	KLGGALQAK
34801	KLGGALQAK
35960	KLGGALQAK
2517	KLGGALQAK
35995	KLGGALQAK
28355	RAKFKQLL
28597	KLGGALQAK
34073	KLGGALQAK
3258	IVTDFSVIK
25396	KLGGALQAK
34428	KLGGALQAK
35704	KLGGALQAK
34734	KLGGALQAK
35795	KLGGALQAK
35432	KLGGALQAK
35083	KLGGALQAK
35179	KLGGALQAK
34964	KLGGALQAK
6251	GILGFVFTL
2404	KLGGALQAK
35939	KLGGALQAK
2519	KLGGALQAK
35566	KLGGALQAK
34	IVTDFSVIK
28953	GILGFVFTL
30611	GILGFVFTL
31622	GILGFVFTL
5561	GILGFVFTL
33535	GILGFVFTL
6748	GILGFVFTL
5550	GILGFVFTL
14860	RAKFKQLL
22358	RAKFKQLL
23221	KLGGALQAK
9228	RAKFKQLL
29950	RAKFKQLL
5802	GILGFVFTL
6604	KLGGALQAK
26263	KLGGALQAK
36254	AVFDRKSDAK
28474	ELAGIGILTV
5059	ELAGIGILTV
5733	GILGFVFTL
36252	KLGGALQAK
2339	AVFDRKSDAK
35188	KLGGALQAK
8	KLGGALQAK
2234	ELAGIGILTV
30546	RAKFKQLL
27069	KLGGALQAK
34900	KLGGALQAK
36309	IVTDFSVIK
36112	KLGGALQAK
35915	KLGGALQAK
35294	KLGGALQAK
25326	RAKFKQLL
28615	GLCTLVAML
18108	GILGFVFTL
36135	KLGGALQAK
33475	KLGGALQAK
32661	GILGFVFTL
5267	RAKFKQLL
35818	KLGGALQAK
34781	KLGGALQAK
7210	GILGFVFTL
3712	IVTDFSVIK
15298	RAKFKQLL
7064	AVFDRKSDAK
8654	RAKFKQLL
35711	KLGGALQAK
31952	GILGFVFTL
7265	GLCTLVAML
23014	KLGGALQAK
6164	GILGFVFTL
36322	IVTDFSVIK
34832	KLGGALQAK
34871	KLGGALQAK
1588	AVFDRKSDAK
34747	KLGGALQAK
33929	ELAGIGILTV
17343	RAKFKQLL
2343	KLGGALQAK
26615	RAKFKQLL
34965	KLGGALQAK
5227	KLGGALQAK
28594	KLGGALQAK
25921	RAKFKQLL
5111	KLGGALQAK
5322	ELAGIGILTV
34082	KLGGALQAK
33502	GILGFVFTL
7529	GILGFVFTL
28738	KLGGALQAK
24790	KLGGALQAK
5225	RAKFKQLL
24699	GILGFVFTL
5181	KLGGALQAK
2539	KLGGALQAK
35875	KLGGALQAK
28875	GILGFVFTL
24598	RAKFKQLL
33590	GILGFVFTL
6556	GILGFVFTL
26494	KLGGALQAK
25109	RAKFKQLL
24041	RAKFKQLL
75	KLGGALQAK
36084	AVFDRKSDAK
35017	KLGGALQAK
34525	KLGGALQAK
34437	KLGGALQAK
26047	KLGGALQAK
16002	RAKFKQLL
23849	RAKFKQLL
2475	GILGFVFTL
16765	RAKFKQLL
33390	GILGFVFTL
367	KLGGALQAK
2498	RAKFKQLL
18062	KLGGALQAK
662	RAKFKQLL
28873	RAKFKQLL
32331	IVTDFSVIK
7076	GILGFVFTL
35977	KLGGALQAK
32359	GILGFVFTL
34554	KLGGALQAK
35593	KLGGALQAK
35619	AVFDRKSDAK
28956	ELAGIGILTV
5523	KLGGALQAK
15987	KLGGALQAK
5378	KLGGALQAK
34901	KLGGALQAK
34640	KLGGALQAK
35345	KLGGALQAK
5960	GILGFVFTL
25993	KLGGALQAK
32831	GILGFVFTL
34924	KLGGALQAK
5091	KLGGALQAK
202	GILGFVFTL
6939	GILGFVFTL
36147	KLGGALQAK
32285	GILGFVFTL
2132	AVFDRKSDAK
11795	RAKFKQLL
5142	KLGGALQAK
6355	GILGFVFTL
34343	KLGGALQAK
63	KLGGALQAK
36881	IVTDFSVIK
35077	KLGGALQAK
34181	KLGGALQAK
84	KLGGALQAK
14681	RAKFKQLL
35009	KLGGALQAK
35172	KLGGALQAK
35228	KLGGALQAK
28168	RAKFKQLL
35068	KLGGALQAK
33588	GILGFVFTL
657	KLGGALQAK
31384	GILGFVFTL
31283	GILGFVFTL
6162	GILGFVFTL
34910	KLGGALQAK
34139	KLGGALQAK
35870	KLGGALQAK
20472	GILGFVFTL
34729	KLGGALQAK
31941	GILGFVFTL
34393	KLGGALQAK
33289	GILGFVFTL
36182	AVFDRKSDAK
36094	IVTDFSVIK
35036	KLGGALQAK
2298	IVTDFSVIK
29877	GILGFVFTL
33386	GILGFVFTL
14239	RAKFKQLL
34755	KLGGALQAK
33991	KLGGALQAK
36191	KLGGALQAK
110	KLGGALQAK
64	KLGGALQAK
2386	KLGGALQAK
25287	RAKFKQLL
2238	KLGGALQAK
33521	GILGFVFTL
35894	KLGGALQAK
34189	KLGGALQAK
7087	RAKFKQLL
217	KLGGALQAK
4983	KLGGALQAK
14241	GILGFVFTL
35731	KLGGALQAK
34427	KLGGALQAK
35641	KLGGALQAK
5315	KLGGALQAK
34306	IVTDFSVIK
26126	KLGGALQAK
4046	IVTDFSVIK
25272	KLGGALQAK
34870	KLGGALQAK
34032	KLGGALQAK
35267	KLGGALQAK
640	AVFDRKSDAK
34106	KLGGALQAK
35168	KLGGALQAK
35745	KLGGALQAK
36232	KLGGALQAK
3198	IVTDFSVIK
30441	GILGFVFTL
197	KLGGALQAK
56	RAKFKQLL
34581	KLGGALQAK
5942	GILGFVFTL
32555	GILGFVFTL
34733	KLGGALQAK
33951	KLGGALQAK
23847	KLGGALQAK
7680	RAKFKQLL
34942	KLGGALQAK
35080	KLGGALQAK
34135	KLGGALQAK
24707	RAKFKQLL
25397	RAKFKQLL
14633	KLGGALQAK
25072	KLGGALQAK
2579	GILGFVFTL
35871	KLGGALQAK
31942	GILGFVFTL
25802	KLGGALQAK
35932	KLGGALQAK
33555	GILGFVFTL
596	ELAGIGILTV
15310	KLGGALQAK
28874	KLGGALQAK
10031	RAKFKQLL
34529	KLGGALQAK
128	KLGGALQAK
23890	KLGGALQAK
34580	KLGGALQAK
6362	GILGFVFTL
27097	RAKFKQLL
17034	RAKFKQLL
33997	KLGGALQAK
30088	GILGFVFTL
31447	GILGFVFTL
34487	KLGGALQAK
24361	RAKFKQLL
34206	KLGGALQAK
8103	RAKFKQLL
36223	KLGGALQAK
5563	GILGFVFTL
24714	KLGGALQAK
36140	KLGGALQAK
36243	KLGGALQAK
35836	KLGGALQAK
13887	RAKFKQLL
8616	RAKFKQLL
34186	KLGGALQAK
35419	KLGGALQAK
34432	KLGGALQAK
31671	GILGFVFTL
34150	KLGGALQAK
34579	KLGGALQAK
34092	KLGGALQAK
29600	GILGFVFTL
34667	KLGGALQAK
28885	GILGFVFTL
34232	KLGGALQAK
34572	KLGGALQAK
32401	GILGFVFTL
6348	GILGFVFTL
25404	RAKFKQLL
35484	KLGGALQAK
31628	GILGFVFTL
25894	KLGGALQAK
5121	GILGFVFTL
16004	KLGGALQAK
5417	KLGGALQAK
35402	KLGGALQAK
6949	GILGFVFTL
34159	KLGGALQAK
36062	AVFDRKSDAK
5053	KLGGALQAK
34067	KLGGALQAK
34717	KLGGALQAK
24326	RAKFKQLL
27818	RAKFKQLL
665	ELAGIGILTV
5434	ELAGIGILTV
12507	RAKFKQLL
35401	KLGGALQAK
34925	KLGGALQAK
36132	ELAGIGILTV
7332	KLGGALQAK
35169	KLGGALQAK
24962	GLCTLVAML
32360	GILGFVFTL
5273	KLGGALQAK
369	KLGGALQAK
28708	GILGFVFTL
35076	KLGGALQAK
34806	KLGGALQAK
2326	KLGGALQAK
7323	GILGFVFTL
28369	RAKFKQLL
35760	KLGGALQAK
35385	KLGGALQAK
35550	KLGGALQAK
18087	KLGGALQAK
2438	IVTDFSVIK
62	AVFDRKSDAK
6321	IVTDFSVIK
36308	KLGGALQAK
5516	ELAGIGILTV
29472	GILGFVFTL
35874	KLGGALQAK
34489	KLGGALQAK
167	ELAGIGILTV
15334	KLGGALQAK
14060	RAKFKQLL
27843	RAKFKQLL
5101	KLGGALQAK
28284	RAKFKQLL
23233	ELAGIGILTV
14247	KLGGALQAK
26505	KLGGALQAK
5094	GILGFVFTL
35558	KLGGALQAK
32983	GILGFVFTL
34512	KLGGALQAK
25770	ELAGIGILTV
8972	RAKFKQLL
35270	KLGGALQAK
3358	IVTDFSVIK
14946	RAKFKQLL
5154	AVFDRKSDAK
32854	GILGFVFTL
35927	KLGGALQAK
25299	RAKFKQLL
35194	KLGGALQAK
35597	KLGGALQAK
23071	GILGFVFTL
35828	KLGGALQAK
34172	KLGGALQAK
34228	KLGGALQAK
5247	ELAGIGILTV
4107	IVTDFSVIK
35592	KLGGALQAK
34334	KLGGALQAK
34037	KLGGALQAK
24643	RAKFKQLL
15345	AVFDRKSDAK
35302	KLGGALQAK
26524	IVTDFSVIK
35783	KLGGALQAK
15323	KLGGALQAK
35881	KLGGALQAK
32537	GILGFVFTL
33852	GILGFVFTL
2560	RAKFKQLL
34662	KLGGALQAK
32755	GILGFVFTL
18115	RAKFKQLL
24311	KLGGALQAK
35075	KLGGALQAK
5498	ELAGIGILTV
2541	IVTDFSVIK
34299	KLGGALQAK
6241	GILGFVFTL
2618	IVTDFSVIK
35616	KLGGALQAK
7195	GILGFVFTL
16946	KLGGALQAK
35395	KLGGALQAK
215	GILGFVFTL
34296	KLGGALQAK
22315	KLGGALQAK
35394	KLGGALQAK
25456	RAKFKQLL
2315	IVTDFSVIK
28439	GILGFVFTL
35780	KLGGALQAK
11437	RAKFKQLL
4390	IVTDFSVIK
34080	KLGGALQAK
28601	KLGGALQAK
23126	IVTDFSVIK
35872	KLGGALQAK
34044	KLGGALQAK
26484	GLCTLVAML
25767	GILGFVFTL
147	RAKFKQLL
34645	KLGGALQAK
35841	GILGFVFTL
35453	KLGGALQAK
2340	KLGGALQAK
34776	KLGGALQAK
2360	ELAGIGILTV
5062	GILGFVFTL
2461	ELAGIGILTV
33826	GILGFVFTL
34040	KLGGALQAK
35919	KLGGALQAK
5026	GILGFVFTL
115	KLGGALQAK
29357	GILGFVFTL
30415	GILGFVFTL
16222	RAKFKQLL
34442	KLGGALQAK
34346	KLGGALQAK
35223	KLGGALQAK
35331	KLGGALQAK
34751	KLGGALQAK
351	IVTDFSVIK
34283	KLGGALQAK
34936	KLGGALQAK
33571	GILGFVFTL
28719	RAKFKQLL
35209	KLGGALQAK
35000	KLGGALQAK
34209	KLGGALQAK
629	KLGGALQAK
34550	KLGGALQAK
34469	KLGGALQAK
25852	KLGGALQAK
30520	GILGFVFTL
210	RAKFKQLL
17022	RAKFKQLL
2667	IVTDFSVIK
34477	KLGGALQAK
4948	KLGGALQAK
211	KLGGALQAK
7318	GILGFVFTL
36290	ELAGIGILTV
5801	GILGFVFTL
25750	GILGFVFTL
18052	KLGGALQAK
5387	KLGGALQAK
7059	GILGFVFTL
34155	KLGGALQAK
35062	KLGGALQAK
25917	RAKFKQLL
25768	GILGFVFTL
2526	KLGGALQAK
5172	GLCTLVAML
5426	KLGGALQAK
27853	RAKFKQLL
34043	KLGGALQAK
7172	KLGGALQAK
214	KLGGALQAK
34482	KLGGALQAK
36131	AVFDRKSDAK
15311	KLGGALQAK
16713	RAKFKQLL
5515	ELAGIGILTV
36295	KLGGALQAK
5276	IVTDFSVIK
26213	GLCTLVAML
23005	RAKFKQLL
33528	GILGFVFTL
35736	KLGGALQAK
34239	KLGGALQAK
5384	KLGGALQAK
18106	KLGGALQAK
25082	KLGGALQAK
33814	GILGFVFTL
35963	KLGGALQAK
12502	RAKFKQLL
24064	RAKFKQLL
18231	AVFDRKSDAK
28957	GILGFVFTL
33818	GILGFVFTL
35357	KLGGALQAK
2366	KLGGALQAK
27161	RAKFKQLL
35673	KLGGALQAK
26314	GLCTLVAML
34732	KLGGALQAK
6558	GILGFVFTL
15325	KLGGALQAK
26407	GLCTLVAML
35296	KLGGALQAK
2251	RAKFKQLL
36246	KLGGALQAK
35590	KLGGALQAK
23850	KLGGALQAK
22582	RAKFKQLL
32366	KLGGALQAK
36281	KLGGALQAK
3780	IVTDFSVIK
32000	RAKFKQLL
16981	KLGGALQAK
33597	RAKFKQLL
35570	KLGGALQAK
35373	KLGGALQAK
28584	AVFDRKSDAK
35644	KLGGALQAK
31666	GILGFVFTL
26149	GILGFVFTL
27078	RAKFKQLL
28372	KLGGALQAK
31489	GILGFVFTL
5814	GILGFVFTL
31443	GILGFVFTL
34585	KLGGALQAK
4926	KLGGALQAK
7366	KLGGALQAK
35658	KLGGALQAK
36271	KLGGALQAK
4944	KLGGALQAK
35242	KLGGALQAK
5412	ELAGIGILTV
7624	GILGFVFTL
34760	KLGGALQAK
6099	GLCTLVAML
36157	KLGGALQAK
36195	KLGGALQAK
67	GILGFVFTL
4924	IVTDFSVIK
36183	AVFDRKSDAK
34794	KLGGALQAK
19413	RAKFKQLL
34459	KLGGALQAK
31745	GILGFVFTL
35407	KLGGALQAK
95	KLGGALQAK
4934	KLGGALQAK
6036	GILGFVFTL
34932	KLGGALQAK
14188	RAKFKQLL
34551	KLGGALQAK
35060	KLGGALQAK
21419	RAKFKQLL
16001	ELAGIGILTV
6328	GILGFVFTL
35232	KLGGALQAK
35212	KLGGALQAK
35623	KLGGALQAK
2312	KLGGALQAK
36091	IVTDFSVIK
35944	KLGGALQAK
23242	KLGGALQAK
35213	KLGGALQAK
25402	GILGFVFTL
34815	KLGGALQAK
8614	RAKFKQLL
26517	RAKFKQLL
22308	RAKFKQLL
7215	GILGFVFTL
17150	RAKFKQLL
19693	RAKFKQLL
31476	GILGFVFTL
15184	RAKFKQLL
254	KLGGALQAK
34930	KLGGALQAK
34000	KLGGALQAK
23859	KLGGALQAK
36130	KLGGALQAK
32999	GILGFVFTL
35683	KLGGALQAK
5104	KLGGALQAK
24963	GLCTLVAML
35442	KLGGALQAK
24289	RAKFKQLL
30435	GILGFVFTL
35261	KLGGALQAK
25462	RAKFKQLL
23129	RAKFKQLL
35133	KLGGALQAK
5153	GILGFVFTL
35976	KLGGALQAK
26127	RAKFKQLL
34072	KLGGALQAK
6807	GILGFVFTL
35123	KLGGALQAK
25716	RAKFKQLL
34319	KLGGALQAK
35144	KLGGALQAK
10357	RAKFKQLL
34123	KLGGALQAK
4296	IVTDFSVIK
34230	ELAGIGILTV
22991	KLGGALQAK
35053	KLGGALQAK
30421	GILGFVFTL
35752	KLGGALQAK
32921	GILGFVFTL
35681	KLGGALQAK
30412	GILGFVFTL
34333	KLGGALQAK
34452	KLGGALQAK
2476	AVFDRKSDAK
6765	GILGFVFTL
5799	GILGFVFTL
33167	GILGFVFTL
2330	ELAGIGILTV
35735	ELAGIGILTV
2242	ELAGIGILTV
1233	AVFDRKSDAK
34780	KLGGALQAK
36117	KLGGALQAK
6610	GILGFVFTL
35720	KLGGALQAK
811	AVFDRKSDAK
5320	KLGGALQAK
25382	GLCTLVAML
16980	KLGGALQAK
23891	KLGGALQAK
28933	GILGFVFTL
179	KLGGALQAK
27746	RAKFKQLL
7065	GILGFVFTL
35320	KLGGALQAK
16939	GLCTLVAML
26487	GLCTLVAML
9392	RAKFKQLL
34599	KLGGALQAK
152	RAKFKQLL
7280	GILGFVFTL
35486	ELAGIGILTV
34639	KLGGALQAK
14318	KLGGALQAK
26258	KLGGALQAK
31460	GILGFVFTL
4974	RAKFKQLL
35509	AVFDRKSDAK
34741	KLGGALQAK
2254	RAKFKQLL
3502	IVTDFSVIK
28468	RAKFKQLL
4130	IVTDFSVIK
33505	GILGFVFTL
35214	KLGGALQAK
17581	GILGFVFTL
34304	KLGGALQAK
34797	KLGGALQAK
36097	KLGGALQAK
35273	KLGGALQAK
2306	KLGGALQAK
32604	GILGFVFTL
35108	KLGGALQAK
22342	RAKFKQLL
34216	KLGGALQAK
34236	KLGGALQAK
35940	KLGGALQAK
25463	RAKFKQLL
23818	RAKFKQLL
2367	KLGGALQAK
21756	RAKFKQLL
31557	RAKFKQLL
2503	ELAGIGILTV
33469	KLGGALQAK
7367	RAKFKQLL
34945	KLGGALQAK
23373	KLGGALQAK
32270	GILGFVFTL
34621	KLGGALQAK
668	ELAGIGILTV
18089	KLGGALQAK
23845	KLGGALQAK
18000	KLGGALQAK
36310	ELAGIGILTV
18240	RAKFKQLL
27875	RAKFKQLL
36000	KLGGALQAK
35215	KLGGALQAK
5380	ELAGIGILTV
6858	GILGFVFTL
162	KLGGALQAK
28472	RAKFKQLL
218	KLGGALQAK
30423	GILGFVFTL
34865	KLGGALQAK
31367	GILGFVFTL
2405	KLGGALQAK
28735	GILGFVFTL
34122	KLGGALQAK
7369	RAKFKQLL
24711	GILGFVFTL
2294	KLGGALQAK
5431	KLGGALQAK
5449	KLGGALQAK
33473	GILGFVFTL
28400	RAKFKQLL
7213	GILGFVFTL
33472	GILGFVFTL
15299	ELAGIGILTV
28878	KLGGALQAK
3897	IVTDFSVIK
24692	KLGGALQAK
23009	RAKFKQLL
34742	KLGGALQAK
5527	ELAGIGILTV
35255	KLGGALQAK
4958	KLGGALQAK
34161	KLGGALQAK
5109	KLGGALQAK
33894	GILGFVFTL
34566	KLGGALQAK
34623	KLGGALQAK
2376	ELAGIGILTV
32392	GILGFVFTL
23219	ELAGIGILTV
18643	GILGFVFTL
35729	KLGGALQAK
28682	KLGGALQAK
22988	KLGGALQAK
26510	KLGGALQAK
65	KLGGALQAK
15472	RAKFKQLL
7175	KLGGALQAK
31880	GILGFVFTL
35707	KLGGALQAK
708	KLGGALQAK
34272	KLGGALQAK
35958	KLGGALQAK
35675	KLGGALQAK
25925	RAKFKQLL
2568	IVTDFSVIK
26210	KLGGALQAK
34012	KLGGALQAK
34265	KLGGALQAK
5608	GILGFVFTL
22323	RAKFKQLL
10407	RAKFKQLL
35197	KLGGALQAK
109	ELAGIGILTV
24282	RAKFKQLL
2756	IVTDFSVIK
23897	RAKFKQLL
34715	KLGGALQAK
28301	KLGGALQAK
30399	GILGFVFTL
5287	KLGGALQAK
17966	KLGGALQAK
36067	KLGGALQAK
28451	KLGGALQAK
22309	RAKFKQLL
23006	KLGGALQAK
35648	KLGGALQAK
5188	KLGGALQAK
35467	KLGGALQAK
34799	KLGGALQAK
5163	GILGFVFTL
33930	KLGGALQAK
30401	KLGGALQAK
247	IVTDFSVIK
34761	KLGGALQAK
2290	KLGGALQAK
31267	GILGFVFTL
35303	KLGGALQAK
35161	KLGGALQAK
5105	KLGGALQAK
25441	RAKFKQLL
35734	KLGGALQAK
14187	KLGGALQAK
36226	KLGGALQAK
27120	RAKFKQLL
5645	GILGFVFTL
34229	KLGGALQAK
34063	KLGGALQAK
34759	KLGGALQAK
36021	KLGGALQAK
22993	KLGGALQAK
34933	KLGGALQAK
25384	KLGGALQAK
35311	KLGGALQAK
28363	KLGGALQAK
7313	GILGFVFTL
34246	KLGGALQAK
2284	KLGGALQAK
35719	KLGGALQAK
31359	GILGFVFTL
24428	RAKFKQLL
34417	KLGGALQAK
23244	ELAGIGILTV
2421	KLGGALQAK
35898	KLGGALQAK
171	ELAGIGILTV
24360	RAKFKQLL
53	RAKFKQLL
2572	IVTDFSVIK
35953	KLGGALQAK
5554	AVFDRKSDAK
24671	RAKFKQLL
35728	KLGGALQAK
30524	GILGFVFTL
35621	KLGGALQAK
34394	KLGGALQAK
23974	RAKFKQLL
5522	ELAGIGILTV
31630	GILGFVFTL
28728	KLGGALQAK
25075	GLCTLVAML
208	RAKFKQLL
17577	GLCTLVAML
35607	KLGGALQAK
34321	KLGGALQAK
193	IVTDFSVIK
23238	KLGGALQAK
36284	IVTDFSVIK
29893	GILGFVFTL
26150	RAKFKQLL
4973	KLGGALQAK
35876	KLGGALQAK
17003	GLCTLVAML
31081	GILGFVFTL
85	KLGGALQAK
26125	RAKFKQLL
2403	KLGGALQAK
376	KLGGALQAK
32602	GILGFVFTL
34708	KLGGALQAK
30405	GILGFVFTL
34519	KLGGALQAK
35853	KLGGALQAK
34300	KLGGALQAK
10497	GILGFVFTL
36198	KLGGALQAK
170	ELAGIGILTV
7353	KLGGALQAK
35856	KLGGALQAK
35100	KLGGALQAK
12252	RAKFKQLL
17155	RAKFKQLL
28602	KLGGALQAK
24306	GILGFVFTL
2291	KLGGALQAK
32336	GILGFVFTL
5156	IVTDFSVIK
26240	KLGGALQAK
35732	KLGGALQAK
10554	RAKFKQLL
23227	GILGFVFTL
97	KLGGALQAK
15086	RAKFKQLL
35337	KLGGALQAK
34962	KLGGALQAK
35191	KLGGALQAK
5047	KLGGALQAK
27927	RAKFKQLL
17978	KLGGALQAK
654	KLGGALQAK
5506	GILGFVFTL
34130	KLGGALQAK
34240	KLGGALQAK
2287	KLGGALQAK
33552	GILGFVFTL
23019	KLGGALQAK
2448	ELAGIGILTV
30402	GILGFVFTL
2390	GILGFVFTL
26395	GLCTLVAML
33944	RAKFKQLL
34651	KLGGALQAK
2250	KLGGALQAK
30427	GILGFVFTL
24310	KLGGALQAK
25400	AVFDRKSDAK
7255	KLGGALQAK
34611	KLGGALQAK
34234	KLGGALQAK
34827	KLGGALQAK
35843	KLGGALQAK
22365	RAKFKQLL
34607	KLGGALQAK
26012	RAKFKQLL
35899	KLGGALQAK
35669	KLGGALQAK
25763	GILGFVFTL
35665	KLGGALQAK
35256	KLGGALQAK
6238	GILGFVFTL
34809	KLGGALQAK
16941	GILGFVFTL
34148	KLGGALQAK
37320	IVTDFSVIK
35254	AVFDRKSDAK
4930	IVTDFSVIK
35059	KLGGALQAK
100	KLGGALQAK
6548	KLGGALQAK
28037	RAKFKQLL
36238	IVTDFSVIK
29968	KLGGALQAK
98	KLGGALQAK
24317	KLGGALQAK
18220	RAKFKQLL
34021	KLGGALQAK
5288	KLGGALQAK
89	AVFDRKSDAK
35238	KLGGALQAK
177	KLGGALQAK
35008	KLGGALQAK
38434	KLGGALQAK
28707	GILGFVFTL
27722	RAKFKQLL
16965	KLGGALQAK
34279	AVFDRKSDAK
34602	KLGGALQAK
33368	GILGFVFTL
35370	KLGGALQAK
36214	KLGGALQAK
25302	RAKFKQLL
5507	ELAGIGILTV
379	IVTDFSVIK
7442	RAKFKQLL
30778	GILGFVFTL
28611	GILGFVFTL
26535	GLCTLVAML
34834	KLGGALQAK
5656	GILGFVFTL
13821	RAKFKQLL
34360	KLGGALQAK
23204	KLGGALQAK
7079	KLGGALQAK
35725	KLGGALQAK
23222	KLGGALQAK
32595	GILGFVFTL
4967	KLGGALQAK
38423	KLGGALQAK
15702	RAKFKQLL
27070	RAKFKQLL
593	KLGGALQAK
35992	KLGGALQAK
34248	KLGGALQAK
35181	KLGGALQAK
25401	IVTDFSVIK
29944	GILGFVFTL
34574	AVFDRKSDAK
35019	KLGGALQAK
32547	GILGFVFTL
24309	KLGGALQAK
35410	KLGGALQAK
27086	KLGGALQAK
25437	RAKFKQLL
14842	GILGFVFTL
35844	KLGGALQAK
34049	KLGGALQAK
3846	IVTDFSVIK
35603	KLGGALQAK
15618	RAKFKQLL
18246	RAKFKQLL
5180	KLGGALQAK
4931	ELAGIGILTV
34810	AVFDRKSDAK
34770	KLGGALQAK
14673	KLGGALQAK
38420	IVTDFSVIK
35676	KLGGALQAK
35624	IVTDFSVIK
6706	GILGFVFTL
35350	KLGGALQAK
35263	KLGGALQAK
34196	KLGGALQAK
34745	KLGGALQAK
17052	KLGGALQAK
34470	KLGGALQAK
2392	KLGGALQAK
34110	KLGGALQAK
36247	KLGGALQAK
33498	GILGFVFTL
32399	GILGFVFTL
25069	KLGGALQAK
14897	RAKFKQLL
35491	KLGGALQAK
34192	KLGGALQAK
5061	KLGGALQAK
18059	KLGGALQAK
7034	GILGFVFTL
35723	KLGGALQAK
5055	KLGGALQAK
25218	KLGGALQAK
35328	KLGGALQAK
35758	KLGGALQAK
15582	RAKFKQLL
13895	GILGFVFTL
29776	GILGFVFTL
695	KLGGALQAK
25799	RAKFKQLL
6245	GILGFVFTL
14838	KLGGALQAK
35457	KLGGALQAK
29933	GILGFVFTL
34488	KLGGALQAK
36222	IVTDFSVIK
32390	GILGFVFTL
33892	GILGFVFTL
34576	KLGGALQAK
3646	IVTDFSVIK
34830	KLGGALQAK
31903	GILGFVFTL
5132	KLGGALQAK
26555	RAKFKQLL
25769	RAKFKQLL
18532	RAKFKQLL
35975	KLGGALQAK
6361	GILGFVFTL
15942	RAKFKQLL
24221	RAKFKQLL
6626	GILGFVFTL
235	KLGGALQAK
24358	KLGGALQAK
29938	GILGFVFTL
35712	KLGGALQAK
34777	KLGGALQAK
34098	KLGGALQAK
35399	KLGGALQAK
6661	GILGFVFTL
6365	GILGFVFTL
9474	RAKFKQLL
14848	KLGGALQAK
26626	RAKFKQLL
24338	RAKFKQLL
24633	GILGFVFTL
7969	RAKFKQLL
33909	GILGFVFTL
35064	KLGGALQAK
2313	KLGGALQAK
5284	KLGGALQAK
33596	KLGGALQAK
28446	KLGGALQAK
14960	RAKFKQLL
35901	KLGGALQAK
35966	KLGGALQAK
29967	GILGFVFTL
2336	KLGGALQAK
34262	KLGGALQAK
14648	GLCTLVAML
35362	KLGGALQAK
19789	RAKFKQLL
34127	KLGGALQAK
34419	KLGGALQAK
31619	GILGFVFTL
34957	KLGGALQAK
34392	KLGGALQAK
34121	KLGGALQAK
35608	KLGGALQAK
21337	RAKFKQLL
15117	RAKFKQLL
36249	KLGGALQAK
32518	GILGFVFTL
29911	GILGFVFTL
17998	KLGGALQAK
26560	RAKFKQLL
15990	KLGGALQAK
34287	KLGGALQAK
23893	KLGGALQAK
14426	RAKFKQLL
28470	KLGGALQAK
6253	AVFDRKSDAK
35274	KLGGALQAK
32616	GILGFVFTL
34103	KLGGALQAK
36126	KLGGALQAK
14258	GLCTLVAML
35981	KLGGALQAK
18072	RAKFKQLL
4976	RAKFKQLL
24302	GILGFVFTL
31607	RAKFKQLL
2246	IVTDFSVIK
7339	GILGFVFTL
15297	RAKFKQLL
26220	GLCTLVAML
2288	KLGGALQAK
23370	RAKFKQLL
25995	GILGFVFTL
31663	GILGFVFTL
25796	GILGFVFTL
24909	GLCTLVAML
36221	ELAGIGILTV
34215	KLGGALQAK
5136	RAKFKQLL
31068	GILGFVFTL
9790	RAKFKQLL
30984	GILGFVFTL
31798	GILGFVFTL
34595	KLGGALQAK
5512	KLGGALQAK
26837	RAKFKQLL
7689	RAKFKQLL
35573	KLGGALQAK
25399	KLGGALQAK
35447	KLGGALQAK
34756	KLGGALQAK
27084	KLGGALQAK
33480	KLGGALQAK
2327	KLGGALQAK
5265	KLGGALQAK
35458	KLGGALQAK
6325	GILGFVFTL
31892	GILGFVFTL
18061	RAKFKQLL
29964	GILGFVFTL
27063	RAKFKQLL
34387	KLGGALQAK
7261	KLGGALQAK
35090	KLGGALQAK
624	KLGGALQAK
23820	RAKFKQLL
635	RAKFKQLL
16175	RAKFKQLL
35839	KLGGALQAK
34056	KLGGALQAK
7330	KLGGALQAK
125	RAKFKQLL
666	KLGGALQAK
33900	GILGFVFTL
7256	KLGGALQAK
31375	GILGFVFTL
34131	KLGGALQAK
28935	GILGFVFTL
17865	KLGGALQAK
32040	GILGFVFTL
2	GILGFVFTL
35444	KLGGALQAK
34542	KLGGALQAK
32671	GILGFVFTL
6366	GILGFVFTL
35925	KLGGALQAK
34654	KLGGALQAK
703	IVTDFSVIK
35107	KLGGALQAK
7669	RAKFKQLL
25385	RAKFKQLL
5285	KLGGALQAK
36187	KLGGALQAK
13	GILGFVFTL
4932	KLGGALQAK
35739	KLGGALQAK
25762	GILGFVFTL
35933	KLGGALQAK
5521	ELAGIGILTV
15324	KLGGALQAK
36327	KLGGALQAK
19422	RAKFKQLL
28625	GLCTLVAML
36291	IVTDFSVIK
26516	GILGFVFTL
34415	KLGGALQAK
31343	GILGFVFTL
35158	KLGGALQAK
656	ELAGIGILTV
34845	KLGGALQAK
5453	KLGGALQAK
165	RAKFKQLL
23853	KLGGALQAK
35812	KLGGALQAK
6334	KLGGALQAK
5220	RAKFKQLL
34842	KLGGALQAK
7368	GILGFVFTL
35329	KLGGALQAK
2474	KLGGALQAK
24496	RAKFKQLL
31555	RAKFKQLL
35553	KLGGALQAK
18092	ELAGIGILTV
28304	IVTDFSVIK
14641	KLGGALQAK
24697	KLGGALQAK
34091	KLGGALQAK
35072	KLGGALQAK
35792	KLGGALQAK
35639	KLGGALQAK
22730	RAKFKQLL
26817	RAKFKQLL
16053	RAKFKQLL
26049	KLGGALQAK
26499	KLGGALQAK
31462	GILGFVFTL
34174	KLGGALQAK
3835	IVTDFSVIK
5518	GILGFVFTL
34650	KLGGALQAK
24238	KLGGALQAK
5034	KLGGALQAK
35580	KLGGALQAK
181	ELAGIGILTV
35093	KLGGALQAK
66	GILGFVFTL
35855	AVFDRKSDAK
32417	GILGFVFTL
34655	KLGGALQAK
28305	KLGGALQAK
4970	KLGGALQAK
26190	GLCTLVAML
34218	KLGGALQAK
5260	KLGGALQAK
24305	RAKFKQLL
27062	KLGGALQAK
4985	KLGGALQAK
158	KLGGALQAK
34275	KLGGALQAK
35730	ELAGIGILTV
34108	KLGGALQAK
26495	GLCTLVAML
3105	IVTDFSVIK
35909	KLGGALQAK
50	RAKFKQLL
25709	RAKFKQLL
25807	GILGFVFTL
33860	GILGFVFTL
34843	KLGGALQAK
5504	ELAGIGILTV
36294	KLGGALQAK
28604	KLGGALQAK
24684	GILGFVFTL
2299	GILGFVFTL
374	KLGGALQAK
34249	KLGGALQAK
35005	KLGGALQAK
31333	GILGFVFTL
14851	KLGGALQAK
35073	KLGGALQAK
18104	KLGGALQAK
28709	KLGGALQAK
2567	GILGFVFTL
24101	RAKFKQLL
25386	KLGGALQAK
34867	KLGGALQAK
28475	KLGGALQAK
25268	KLGGALQAK
25697	KLGGALQAK
2533	RAKFKQLL
33470	GILGFVFTL
35750	KLGGALQAK
27389	RAKFKQLL
2379	KLGGALQAK
4029	IVTDFSVIK
2305	KLGGALQAK
5243	AVFDRKSDAK
18090	RAKFKQLL
5706	GILGFVFTL
18042	AVFDRKSDAK
5122	KLGGALQAK
6470	GILGFVFTL
12	RAKFKQLL
23965	RAKFKQLL
2247	KLGGALQAK
34985	KLGGALQAK
6797	GILGFVFTL
34700	KLGGALQAK
28593	KLGGALQAK
33890	GILGFVFTL
34548	KLGGALQAK
36200	KLGGALQAK
34597	KLGGALQAK
17860	GLCTLVAML
25076	KLGGALQAK
32525	GILGFVFTL
23888	RAKFKQLL
13286	RAKFKQLL
28851	RAKFKQLL
11940	RAKFKQLL
34485	KLGGALQAK
2300	ELAGIGILTV
653	ELAGIGILTV
25005	IVTDFSVIK
2256	RAKFKQLL
34946	KLGGALQAK
26074	GILGFVFTL
35366	KLGGALQAK
2232	ELAGIGILTV
35541	KLGGALQAK
34521	KLGGALQAK
35952	KLGGALQAK
35037	KLGGALQAK
2363	KLGGALQAK
7348	RAKFKQLL
23823	KLGGALQAK
38426	IVTDFSVIK
18262	RAKFKQLL
34533	KLGGALQAK
16148	RAKFKQLL
30391	GILGFVFTL
18210	RAKFKQLL
707	IVTDFSVIK
30406	GILGFVFTL
34749	KLGGALQAK
30385	GILGFVFTL
26138	KLGGALQAK
35993	KLGGALQAK
13327	RAKFKQLL
16933	GILGFVFTL
35173	KLGGALQAK
34956	KLGGALQAK
225	AVFDRKSDAK
35591	KLGGALQAK
5555	GILGFVFTL
5533	ELAGIGILTV
34824	KLGGALQAK
33996	KLGGALQAK
35661	KLGGALQAK
23831	KLGGALQAK
2304	KLGGALQAK
28444	KLGGALQAK
27094	KLGGALQAK
2401	KLGGALQAK
34293	RAKFKQLL
31652	GILGFVFTL
26514	RAKFKQLL
32260	GILGFVFTL
26292	GLCTLVAML
34250	KLGGALQAK
2311	KLGGALQAK
25290	RAKFKQLL
14624	RAKFKQLL
35618	KLGGALQAK
34217	KLGGALQAK
33112	RAKFKQLL
28380	GILGFVFTL
7338	GILGFVFTL
15046	RAKFKQLL
28388	GILGFVFTL
16960	RAKFKQLL
30386	GILGFVFTL
35840	GILGFVFTL
33851	GILGFVFTL
36251	KLGGALQAK
133	GILGFVFTL
35700	KLGGALQAK
29020	GILGFVFTL
28939	GILGFVFTL
36224	IVTDFSVIK
146	IVTDFSVIK
17	IVTDFSVIK
6089	GILGFVFTL
32391	GILGFVFTL
145	RAKFKQLL
35934	KLGGALQAK
34609	KLGGALQAK
244	KLGGALQAK
27091	KLGGALQAK
31681	GILGFVFTL
34638	KLGGALQAK
25085	RAKFKQLL
7684	RAKFKQLL
28877	GILGFVFTL
5123	RAKFKQLL
34356	KLGGALQAK
20130	RAKFKQLL
6255	GILGFVFTL
27755	RAKFKQLL
24303	GILGFVFTL
7267	GLCTLVAML
34065	KLGGALQAK
5251	GILGFVFTL
265	GILGFVFTL
4957	RAKFKQLL
35878	KLGGALQAK
33589	GILGFVFTL
36128	IVTDFSVIK
207	RAKFKQLL
35628	KLGGALQAK
27093	IVTDFSVIK
28371	RAKFKQLL
28864	KLGGALQAK
25805	GILGFVFTL
30890	GILGFVFTL
23000	RAKFKQLL
15467	RAKFKQLL
16963	KLGGALQAK
2414	KLGGALQAK
31814	GILGFVFTL
18067	KLGGALQAK
34479	KLGGALQAK
24312	KLGGALQAK
5451	RAKFKQLL
14192	RAKFKQLL
24352	RAKFKQLL
22114	RAKFKQLL
35809	KLGGALQAK
13927	RAKFKQLL
36049	KLGGALQAK
34484	KLGGALQAK
33372	GILGFVFTL
13823	RAKFKQLL
34111	AVFDRKSDAK
33526	GILGFVFTL
34366	KLGGALQAK
2837	IVTDFSVIK
276	RAKFKQLL
34721	KLGGALQAK
36003	KLGGALQAK
35761	KLGGALQAK
35275	KLGGALQAK
32364	GILGFVFTL
35319	KLGGALQAK
34831	KLGGALQAK
35330	KLGGALQAK
32394	GILGFVFTL
31863	GILGFVFTL
34743	KLGGALQAK
34499	KLGGALQAK
159	KLGGALQAK
238	ELAGIGILTV
35600	KLGGALQAK
33388	GILGFVFTL
180	GILGFVFTL
7694	RAKFKQLL
14746	RAKFKQLL
25800	KLGGALQAK
24977	KLGGALQAK
23213	KLGGALQAK
26147	RAKFKQLL
2505	KLGGALQAK
2602	IVTDFSVIK
113	RAKFKQLL
35687	KLGGALQAK
34680	ELAGIGILTV
15321	RAKFKQLL
6349	GILGFVFTL
35713	KLGGALQAK
5433	GILGFVFTL
31358	KLGGALQAK
2025	AVFDRKSDAK
14674	KLGGALQAK
17867	KLGGALQAK
35353	KLGGALQAK
25263	RAKFKQLL
30473	GILGFVFTL
17893	GLCTLVAML
5128	KLGGALQAK
34364	KLGGALQAK
34666	KLGGALQAK
23120	KLGGALQAK
16425	RAKFKQLL
2277	ELAGIGILTV
2452	KLGGALQAK
55	IVTDFSVIK
5502	KLGGALQAK
3074	IVTDFSVIK
8131	RAKFKQLL
6667	GILGFVFTL
15333	ELAGIGILTV
34223	KLGGALQAK
11759	RAKFKQLL
60	IVTDFSVIK
17047	RAKFKQLL
25909	GILGFVFTL
35749	KLGGALQAK
36193	KLGGALQAK
12455	RAKFKQLL
14317	KLGGALQAK
26022	GILGFVFTL
33514	GILGFVFTL
34198	KLGGALQAK
31435	GILGFVFTL
34977	KLGGALQAK
4946	KLGGALQAK
36210	KLGGALQAK
26419	GLCTLVAML
22245	RAKFKQLL
6596	GILGFVFTL
5068	KLGGALQAK
78	RAKFKQLL
24333	KLGGALQAK
14292	RAKFKQLL
34380	KLGGALQAK
14528	RAKFKQLL
35208	KLGGALQAK
25070	KLGGALQAK
35614	KLGGALQAK
34927	KLGGALQAK
23827	KLGGALQAK
243	GILGFVFTL
5238	GILGFVFTL
25184	GILGFVFTL
31407	GILGFVFTL
34821	KLGGALQAK
22995	RAKFKQLL
34884	KLGGALQAK
7358	RAKFKQLL
16430	RAKFKQLL
6946	GILGFVFTL
35066	KLGGALQAK
35310	KLGGALQAK
35489	KLGGALQAK
24993	KLGGALQAK
31002	GILGFVFTL
14631	KLGGALQAK
36120	KLGGALQAK
2393	ELAGIGILTV
35269	KLGGALQAK
33474	GILGFVFTL
34516	AVFDRKSDAK
36023	KLGGALQAK
6098	GILGFVFTL
34083	KLGGALQAK
35349	KLGGALQAK
34088	KLGGALQAK
6335	GILGFVFTL
17996	GLCTLVAML
25006	IVTDFSVIK
24036	RAKFKQLL
32672	GILGFVFTL
34736	KLGGALQAK
29799	GILGFVFTL
4155	IVTDFSVIK
35027	AVFDRKSDAK
5491	KLGGALQAK
5536	ELAGIGILTV
35292	KLGGALQAK
6802	GILGFVFTL
35334	KLGGALQAK
35125	KLGGALQAK
26473	GILGFVFTL
31664	GILGFVFTL
7254	KLGGALQAK
28831	GILGFVFTL
11890	RAKFKQLL
15997	RAKFKQLL
6012	GILGFVFTL
26243	KLGGALQAK
1	GILGFVFTL
5644	GILGFVFTL
34997	KLGGALQAK
5468	IVTDFSVIK
28951	GILGFVFTL
35183	KLGGALQAK
14833	KLGGALQAK
2408	ELAGIGILTV
5279	RAKFKQLL
34625	KLGGALQAK
34058	KLGGALQAK
35342	KLGGALQAK
5118	KLGGALQAK
5379	KLGGALQAK
35029	KLGGALQAK
4257	GILGFVFTL
34967	KLGGALQAK
2555	IVTDFSVIK
34019	KLGGALQAK
36077	ELAGIGILTV
36300	KLGGALQAK
34540	KLGGALQAK
34686	KLGGALQAK
34744	KLGGALQAK
15667	RAKFKQLL
35663	KLGGALQAK
24635	RAKFKQLL
34261	KLGGALQAK
26518	ELAGIGILTV
22330	RAKFKQLL
22089	RAKFKQLL
15335	RAKFKQLL
34117	KLGGALQAK
35740	KLGGALQAK
35622	KLGGALQAK
34078	KLGGALQAK
5081	KLGGALQAK
192	RAKFKQLL
17953	RAKFKQLL
10	ELAGIGILTV
35757	KLGGALQAK
34361	KLGGALQAK
35356	KLGGALQAK
28408	RAKFKQLL
35146	KLGGALQAK
10423	RAKFKQLL
6357	GILGFVFTL
34970	KLGGALQAK
15316	RAKFKQLL
34445	KLGGALQAK
34568	KLGGALQAK
5755	GILGFVFTL
22322	KLGGALQAK
13801	RAKFKQLL
34939	KLGGALQAK
107	KLGGALQAK
2303	IVTDFSVIK
5567	GILGFVFTL
2444	ELAGIGILTV
35306	KLGGALQAK
642	IVTDFSVIK
34961	KLGGALQAK
586	KLGGALQAK
6684	GILGFVFTL
6358	GILGFVFTL
14847	RAKFKQLL
26259	KLGGALQAK
6248	GILGFVFTL
36925	IVTDFSVIK
35298	KLGGALQAK
35657	KLGGALQAK
34866	KLGGALQAK
35969	KLGGALQAK
31402	KLGGALQAK
22347	RAKFKQLL
13892	RAKFKQLL
34086	KLGGALQAK
658	AVFDRKSDAK
34373	KLGGALQAK
35551	KLGGALQAK
31380	GILGFVFTL
34288	KLGGALQAK
35251	KLGGALQAK
48	RAKFKQLL
34259	KLGGALQAK
30475	GILGFVFTL
13977	RAKFKQLL
5242	KLGGALQAK
36137	KLGGALQAK
34649	KLGGALQAK
35879	KLGGALQAK
34413	KLGGALQAK
2509	KLGGALQAK
5056	KLGGALQAK
6243	GILGFVFTL
33999	KLGGALQAK
5317	KLGGALQAK
1447	AVFDRKSDAK
4938	KLGGALQAK
36055	KLGGALQAK
5392	GILGFVFTL
34281	KLGGALQAK
4969	GLCTLVAML
5658	GILGFVFTL
36213	KLGGALQAK
2359	ELAGIGILTV
28724	GILGFVFTL
5066	KLGGALQAK
35488	KLGGALQAK
33554	GILGFVFTL
15382	RAKFKQLL
5419	ELAGIGILTV
36154	KLGGALQAK
41	AVFDRKSDAK
35819	KLGGALQAK
24840	GLCTLVAML
275	IVTDFSVIK
5107	GILGFVFTL
2424	GILGFVFTL
26665	RAKFKQLL
31405	GILGFVFTL
24710	KLGGALQAK
2967	IVTDFSVIK
32362	GILGFVFTL
26801	RAKFKQLL
35450	KLGGALQAK
28588	RAKFKQLL
4961	KLGGALQAK
34471	KLGGALQAK
23822	RAKFKQLL
5437	ELAGIGILTV
34211	KLGGALQAK
15573	RAKFKQLL
40	GILGFVFTL
5102	KLGGALQAK
26016	KLGGALQAK
34526	KLGGALQAK
31889	GILGFVFTL
36064	KLGGALQAK
33529	GILGFVFTL
35097	KLGGALQAK
34753	KLGGALQAK
35187	KLGGALQAK
36020	KLGGALQAK
5164	IVTDFSVIK
25446	GILGFVFTL
22	KLGGALQAK
32323	GILGFVFTL
34731	KLGGALQAK
36010	KLGGALQAK
29708	GILGFVFTL
34342	KLGGALQAK
34085	KLGGALQAK
36156	KLGGALQAK
36107	KLGGALQAK
34422	KLGGALQAK
25276	KLGGALQAK
28740	KLGGALQAK
7062	GILGFVFTL
27	IVTDFSVIK
35030	KLGGALQAK
28705	KLGGALQAK
5040	KLGGALQAK
35369	KLGGALQAK
7329	GILGFVFTL
36216	KLGGALQAK
28586	KLGGALQAK
140	KLGGALQAK
30575	GILGFVFTL
34919	KLGGALQAK
2391	KLGGALQAK
15584	RAKFKQLL
34017	KLGGALQAK
6751	GILGFVFTL
2369	KLGGALQAK
35849	KLGGALQAK
33858	GILGFVFTL
