825	CSY SYT YTH THN HNS NSG SGC GCV	AKG KGL GLL LLR LRD RDG DGS GSS SST STW TWL WLP LPY PYL	0
201197	QQY QYG YGS GSS SSP SPR PRT	ARD RDW DWG WGD GDY DYY YYF YFD FDY	0
396	QAW AWD WDA DAS AST STG TGV	TRL RLY LYL YLF LFE FEG EGA GAQ AQS QSS SSN SNA NAF AFD FDL	0
19722	QAW AWD WDS DSS SST STV TVV	ARD RDP DPG PGI GIA IAA AAA AAD ADN DNH NHW HWF WFD FDP	0
1403	GTW TWD WDS DSS SSL SLS LSA SAW AWV	ARS RSS SSR SRI RIY IYD YDL DLN LNP NPS PSL SLT LTA TAY AYY YYD YDM DMD MDV	0
559	QQY QYE YEF	ARG RGK GKY KYC YCT CTA TAR ARD RDY DYY YYN YNW NWD WDF DFQ FQH	0
28882	QQY QYN YNS NSY SYW YWT	ARV RVQ VQT QTT TTT TTG TGG GGG GGS GSC SCC CCP CPF PFD FDY	0
824	HMW MWD WDS DSR SRS RSG SGF GFS FSW SWS	ATA TAR ARR RRG RGQ GQR QRI RIY IYG YGV GVV VVS VSF SFG FGE GEF EFF FFY FYY YYY YYY YYM YMD MDV	0
36471	QSF SFD FDS DSS SSL SLR LRD RDS DSW SWV	TTV TVY VYR YRY RYN YNY NYD YDS DSV	0
19661	QQS QSY SYS YST STP TPR PRT	ARD RDP DPS PSF SFW FWA WAA AAE AEY EYF YFQ FQH	1
341	QQF QFD FDG DGD GDP DPT	ARH RHY HYE YEI EIQ IQI QIG IGR GRY RYG YGM GMN MNV NVY VYY YYL YLM LMY MYR YRF RFA FAS	0
28884	QQY QYN YNN NNY NYW YWT	ARV RVR VRD RDS DSS SSD SDY DYY YYG YGD GDA DAF AFD FDI	0
1371	HMW MWD WDS DSR SRS RSG SGF GFS FSW SWS	ATA TAR ARR RRG RGQ GQR QRI RIY IYG YGV GVV VVS VSF SFG FGE GEF EFF FFY FYY YYY YYS YSM SMD MDV	0
19772	QQY QYF YFF FFL FLY LYS	ARI RIR IRQ RQV QVS VSK SKY KYL YLQ LQW QWY WYP YPG PGV GVF VFE FEM	0
289	HQY QYG YGS GST STP TPL PLT	ARV RVS VSI SIF IFG FGV GVG VGT GTF TFD FDY	0
1183	QQY QYH YHS HSY SYP YPW PWT	AKA KAK AKR KRV RVG VGA GAT ATG TGY GYF YFD FDL	0
8749	AAW AWD WDD DDS DSL SLN LNG NGL GLV	ARV RVS VSY SYY YYE YES ESS SSG SGY GYY YYY YYV YVA VAD ADY DYY YYY YYG YGM GMD MDV	0
19767	QSY SYD YDS DSS SSL SLS LSG SGF GFY FYV	ARL RLG LGY GYC YCS CSG SGG GGS GSC SCH CHF HFD FDY	0
501	AAW AWD WDD DDS DSL SLK LKG KGA GAV	ARH RHG HGN GNY NYY YYY YYY YYS YSG SGM GMD MDV	1
822	QQY QYG YGS GSS SSP SPS PST	ARE REG EGT GTT TTG TGW GWG WGW GWL WLG LGK GKP KPI PIG IGA GAF AFQ FQH	0
36468	QQY QYG YGS GSS SSP SPL PLT	ARA RAA AAF AFG FGS GSH SHY HYF YFD FDY	0
19628	QQS QSG SGT GTF TFP FPP PPT PTT	ARQ RQW QWG WGS GSY SYA YAF AFD FDS	0
208	QQA QAW AWA WAY AYL YLP LPT	ARE RED EDF DFR FRN RNR NRR RRR RRL RLW LWY WYV YVM VMD MDY	0
814	QQY QYE YEF	TRG RGK GKY KYC YCT CTA TAR ARD RDY DYY YYN YNW NWD WDF DFE FEH	0
855	QQR QRY RYN YNW NWP WPP PPY PYT	VGG GGY GYS YSN SNF NFY FYY YYY YYY YYT YTM TMD MDV	0
19711	QQR QRG RGN GNW NWP WPP PPI PIT	ARE REG EGL GLS LSR SRD RDN DNS NSG SGF GFT FTG TGL GLI LID IDY	0
749	QQA QAN ANS NSF SFP FPL PLT	ARD RDL DLG LGG GGY GYF YFI FIR IRG RGI GIM IMD MDV	1
19781	QTW TWG WGA GAG AGI GIR IRV	ARD RDT DTY TYY YYY YYD YDS DSG SGD GDY DYE YED EDA DAF AFD FDI	0
36464	MQA QAT ATQ TQF QFP FPL PLT	ARG RGS GST STG TGG GGY	0
970	GSL SLV LVG VGN GNW NWD WDV DVI	ARF RFG FGG GGE GEV EVL VLR LRY RYT YTD TDW DWP WPK PKP KPA PAW AWV WVD VDL	0
1559	SSY SYT YTD TDI DIH IHN HNF NFV	ARG RGT GTR TRL RLR LRT RTL TLR LRN RNA NAF AFD FDI	0
361	QQY QYE YEF	TRG RGK GKN KNC NCD CDY DYN YNW NWD WDF DFE FEH	0
492	STW TWD WDD DDT DTL TLE LEG EGW GWV	ARR RRQ RQL QLL LLD LDD DDG DGT GTG TGY GYQ YQW QWA WAA AAF AFD FDV	0
8739	QSY SYD YDS DSS SSV SVS VSG SGS GSV	ARE RER ERL RLP LPG PGN GNW NWN WNY NYD YDL	0
1245	QES ESL SLS LSA SAS ASY SYT	ARL RLD LDG DGY GYT YTL TLD LDI	0
1582	QVY VYE YEF	ARR RRH RHS HSD SDY DYC YCD CDF DFD FDI	0
19795	QQS QSY SYF YFN FNP NPI PIT	ARH RHY HYS YSA SAV AVA VAG AGL GLD LDY	0
1398	QQS QSN SNS NSW SWP WPY PYT	ANW NWD WDG DGD GDY	0
1581	QQY QYE YEF	ARE RER ERS RSD SDF DFW FWD WDF DFD FDL	0
1458	QQY QYG YGT GTS TSP SPY PYT	ARD RDF DFG FGP GPD PDW DWE WED EDG DGD GDS DSY SYD YDG DGS GSG SGR GRG RGF GFF FFD FDF	0
1031	QQY QYN YNN NNW NWW WWT	ARN RNV NVA VAT ATE TEG EGS GSL SLL LLH LHY HYD YDY	0
805	QHL HLI LIG IGL GLR LRS	ARR RRS RSN SNW NWP WPY PYL YLP LPF PFD FDP	0
8696	ISY SYI YIS ISS SSN SNT NTR TRL	VRG RGV GVI VID IDK DKF KFD FDY	0
305	GTW TWD WDS DSS SSL SLS LST STG TGQ GQL	ATG TGG GGN GNY NYY YYN YNL NLW LWT WTG TGY GYY YYP YPL PLA LAY	0
807	QQY QYE YEF	TRG RGK GKY KYC YCT CTA TAR ARD RDY DYY YYN YNW NWD WDF DFE FEH	0
36475	QQS QSY SYS YST STP TPR PRT	AYS YSN SNT NTW TWT WTG TGG	0
1045	SSR SRD RDK DKS KSG SGS GSR SRL RLS LSV	ART RTG TGK GKY KYY YYD YDF DFW FWS WSG SGY GYP YPP PPG PGE GEE EEY EYF YFQ FQD	0
1603	GTW TWD WDS DSS SSL SLN LNV NVV VVV	ARA RAV AVV VVS VSS SSD SDI DIT ITY TYT YTY TYW YWS WSK SKY KYF YFD FDY	0
960	QSY SYD YDS DSP SPT PTL TLT LTS TSP	ATV TVM VMG MGK GKW KWI WIK IKG KGG GGY GYD YDY	0
19559	SAW AWG WGD GDK DKG KGM GMV	ARG RGF GFG FGT GTD TDF	0
1591	QQR QRR RRS RSW SWP WPP PPL PLT	TTG TGD GDF DFS FSE SEF EFE FEP EPF PFS FSM SMD MDY DYF YFH FHF	0
1402	SSY SYA YAG AGS GSN SNN NNF NFA FAV	ARV RVS VSR SRG RGG GGS GSF SFS FSD	0
19801	CSY SYV YVG VGS GSD SDT DTW TWV	ARV RVY VYS YSY SYG YGV GVP VPF PFD FDY	0
539	YST STD TDS DSS SSG SGN GNH NHR HRV	AKD KDS DSP SPR PRG RGE GEL ELP LPL PLN LNY	0
574	SSL SLT LTD TDR DRS RSH SHR HRI	ARE REA EAG AGG GGP GPI PIW IWH WHD HDD DDV DVK VKY KYX YXD XDF DFN FND NDG DGY GYY YYN YNY NYH YHY HYM YMD MDV	0
776	QQY QYN YNT NTY TYW YWT	AYR YRR RRI RIG IGV GVP VPR PRR RRD RDE DEF EFD FDI	0
19573	QQS QSS SSD SDD DDP DPI PIT	ARS RSR SRG RGQ GQA QAS ASW SWD WDY DYW YWW WWA WAM AMD MDY	0
1225	QQY QYE YEF	ARG RGK GKY KYC YCT CTA TAS ASD SDY DYY YYN YNW NWD WDF DFE FEH	0
357	SSY SYT YTS TSS SST STP TPY PYV YVL	ARE REF EFS FSS SSY SYT YTD TDH DHL HLE LEY EYY YYY YYD YDY DYY YYY YYM YMD MDV	0
136	QQR QRS RSM SMW MWP WPP PPV PVT	ARD RDG DGK GKC KCG CGG GGG GGR GRC RCY CYS YSG SGL GLL LLD LDY	0
19807	WAY AYE YEA	VRD RDR DRS RSN SNG NGS GSG SGK GKR KRF RFE FES ESS SSN SNW NWF WFL FLD LDL	0
143	ATW TWD WDR DRR RRP RPT PTA TAY AYV YVV	AKH KHM HMG MGY GYQ YQV QVR VRE RET ETM TMD MDV	1
26787	QQY QYY YYT YTT TTP TPL PLT	ARE REP EPL PLG LGY GYC YCS CSG SGG GGS GSC SCY CYP YPL PLH LHN HNG NGM GMD MDV	0
1397	QVW VWD WDT DTG TGS GSD SDP DPV PVV	ARD RDS DSS SSS SSS SSW SWA WAR ARW RWF WFF FFD FDL	0
201007	QAW AWD WDS DSS SSA SAL ALV	ARG RGP GPL PLS LSR SRG RGY GYY YYD YDY	0
303	QQY QYN YNN NNW NWP WPP PPR PRY RYT	AGV GVY VYE YEG EGE GEA EAD ADE DEG EGE GEY EYR YRN RNN NNG NGF GFL FLK LKH	0
748	QQR QRS RSN SNW NWP WPM PMY MYT	ATE TEG EGD GDN DND NDA DAF AFD FDI	0
202268	QQR QRS RSN SNW NWP WPP PPV PVT	ARD RDI DIY IYD YDV DVS VSS SSA SAY AYY YYG YGM GMD MDV	0
19557	QQY QYG YGQ GQS QSL SLS LST	ARE REG EGT GTT TTP TPP PPG PGW GWG WGW GWL WLG LGK GKP KPI PIG IGA GAF AFA FAH	0
483	QQG QGN GNT NTL TLS LSY SYT	ARE REL ELY LYQ YQG QGY GYM YMD MDT DTF TFD FDS	0
972	QSY SYD YDS DSN SNL NLS LSG SGS GSA SAV	ARE REG EGG GGA GAR ARG RGF GFD FDY	0
356	QQY QYG YGQ GQS QSL SLS LST	ARE REG EGT GTT TTG TGA GAG AGW GWL WLG LGK GKP KPI PIG IGA GAF AFA FAH	0
367	QQF QFP FPT PTY TYL YLP LPT	ARG RGP GPF PFS FSP SPW PWV WVM VMD MDY	0
860	QQY QYE YEN ENL NLQ LQF QFT	ASI SIY IYG YGS GSG SGT GTF TFY FYY YYY YYF YFY FYM YMD MDV	0
201008	QVW VWD WDS DSS SSS SSV SVV	ARG RGP GPL PLS LSR SRG RGY GYY YYD YDY	0
8746	EAW AWD WDG DGG GGL GLR LRG RGG GGV	ARL RLG LGG GGQ GQL QLW LWN WNS NSY SYY YYY YYY YYY YYY YYM YMD MDV	0
28878	QQQ QQR QRI	TKR KRA RAG AGW GWG WGD GDA DAL ALD LDI	0
1539	QQA QAN ANS NSF SFF FFT	AAD ADP DPW PWE WEL ELN LNN NNV	0
164	GTW TWD WDM DMV MVT VTN TNN NNV	ARG RGL GLG LGA GAF AFH FHW HWD WDM DMQ MQP QPD PDY	0
478	QQY QYW YWS WSE SEP EPV PVT	ARG RGG GGP GPD PDY DYA YAM AMD MDV	0
590	QQY QYG YGS GSS SSP SPY PYT	ARE REM EME MEV EVS VSG SGR GRW RWR WRP RPT PTE TEA EAF AFE FEI	0
1551	QQY QYN YNN NNW NWW WWT	VRN RNV NVG VGT GTA TAG AGS GSL SLL LLH LHY HYD YDH	0
19808	MQS QSL SLQ LQT QTP TPR PRL RLT	TRG RGG GGT GTL TLF LFD FDY	0
984	QQY QYY YYT YTT TTA TAT ATT	ARA RAG AGT GTL TLF LFA FAY	0
871	SSY SYA YAG AGS GSN SNN NNF NFA FAV	ARV RVS VSR SRG RGG GGS GSF SFS FSD	0
927	QQF QFS FSV SVS VSP SPW PWT	ARD RDK DKV KVQ VQG QGR GRV RVE VEV EVG VGS GSG SGG GGR GRH RHD HDY	1
900	QQS QSY SYS YSI SIP IPL PLT	ARR RRR RRS RSD SDF DFE FET ETV TVD VDF DFI FIY IYH YHY HYM YMD MDV	1
1030	LQY QYN YNN NNW NWW WWT	ARN RNV NVA VAT ATE TEG EGS GSL SLL LLH LHY HYD YDY	0
1561	QQY QYL YLQ LQY QYP YPM PMT	ARG RGS GSF SFW FWF WFG FGY	0
1404	AAW AWD WDD DDS DSL SLN LNA NAW AWV	ARQ RQV QVG VGA GAT ATW TWA WAF AFD FDI	0
19734	QQY QYY YYS YST STP TPI PIT	AKD KDP DPG PGG GGD GDS DSS SSP SPA PAG AGR GRT RTW TWF WFD FDP	0
1574	QHM HMS MSS SSY SYP YPL PLT	ARD RDK DKY KYY YYG YGN GNE NEA EAV AVG VGM GMD MDV	0
202257	QRR RRS RSN SNW NWP WPP PPF PFT	ARS RSC SCG CGD GDC DCY CYS YSA SAD ADL DLD LDF	0
19560	SSW SWD WDS DST STG TGL GLV	ARG RGF GFG FGT GTD TDF	0
19814	HMW MWD WDS DSR SRS RSG SGF GFS FSW SWS	ATA TAR ARR RRG RGQ GQR QRI RIY IYG YGV GVV VVS VSF SFG FGE GEF EFF FFY FYY YYY YYS YSM SMD MDV	0
19737	QQS QSY SYS YST STP TPP PPA	AGG GGS GST STG TGD GDR DRH RHY HYY YYY YYY YYG YGM GMD MDV	1
1344	QQS QSS SSS SSR SRP RPV PVT	ARG RGI GIW IWS WSY SYW YWY WYM YMV MVY VYP YPH PHD HDN DNY NYG YGM GMD MDY	0
9231	QQS QSY SYT YTT TTP TPP PPT	ARR RRL RLA LAL ALV LVR VRM RMW MWM WMD MDY	0
19563	MQG QGL GLH LHS HSP SPW PWT	LTG TGS GSK SKH KHR HRL RLR LRD RDY DYF YFL FLY LYN YNE NEY EYG YGP GPN PNY NYE YEE EEW EWG WGD GDY DYL YLA LAT ATL TLD LDV	0
1003	QQA QAN ANS NSF SFP FPI PIT	ARF RFY FYD YDS DSF SFF FFD FDI	0
201044	QQR QRS RSS SSW SWP WPP PPI PIT	ARE REG EGL GLS LSR SRE REK EKN KNG NGY GYS YSG SGL GLI LID IDY	0
19723	TSY SYH YHP HPT PTK TKT KTI TIL	ARD RDD DDD DDY DYE YEE EEW EWP WPW PWY WYY YYG YGM GMD MDV	0
1390	LHY HYG YGT GTS TSP SPM PMY MYT	IAS ASS SST STT TTG TGW GWY WYV YVR VRE RED EDF DFD FDY	0
8705	QTW TWG WGA GAG AGI GIL ILV	AKF KFS FSG SGK GKD KDC DCS CSG SGT GTS TSC SCR CRD RDY	0
1298	QVW VWD WDS DSS SSS SSD SDY DYV	ARD RDT DTV TVM VMG MGG GGM GMD MDV	0
359	QQH QHQ HQN QNV NVP VPL PLT LTT	ARD RDI DIG IGL GLK LKG KGE GEH EHY HYD YDI DIL ILT LTA TAY AYG YGP GPD PDY	0
520	QVW VWD WDS DSD SDS DSD SDH DHV HVV	ARA RAG AGL GLE LEP EPR PRS RSV SVD VDY DYY YYF YFY FYG YGL GLD LDV	1
1275	QQY QYR YRY RYS YSP SPR PRT	ARG RGG GGV GVG VGS GSF SFD FDT	0
499	ATW TWD WDD DDS DSL SLD LDG DGW GWV	ARD RDV DVQ VQY QYS YSG SGS GSY SYL YLG LGA GAY AYY YYF YFD FDY	1
1399	QQY QYG YGT GTS TSP SPR PRT	ARE REP EPP PPL PLF LFY FYS YSS SSW SWS WSL SLD LDN	1
19595	QHY HYG YGV GVS VSP SPV PVI VIT	TRG RGV GVR VRE REV EVG VGA GAT ATG TGD GDD DDP DPF PFY FYY YYG YGM GMY MYV	1
19587	QQY QYD YDN DNL NLP LPL PLT	ATE TET ETA TAL ALV LVV VVS VSE SET ETY TYL YLP LPH PHY HYF YFD FDN	0
28881	QQY QYG YGN GNS NSR SRR RRV RVT	ARG RGW GWG WGR GRE REQ EQL QLA LAP APH PHP HPS PSQ SQY QYY YYY YYY YYY YYY YYG YGM GMD MDV	0
1306	AAW AWD WDD DDS DSL SLI LIG IGY GYV	AKD KDA DAR ARD RDC DCL CLL LLC LCA CAD ADW DWH WHF HFD FDL	0
923	ATW TWD WDD DDS DSL SLS LSG SGL GLV	ARR RRP RPQ PQS QSI SIF IFD FDW DWN WNF NFD FDL	0
910	QIL ILE LEF	ARG RGF GFA FAG AGY GYE YEW EWS WSF SFI	0
28879	QQQ QQR QRI	TKR KRG RGG GGW GWG WGD GDG DGS GSD SDI	0
19766	QET ETY TYS YSD SDL DLM LMY MYT	ARL RLS LSQ SQV QVS VSG SGW GWS WSP SPW PWV WVG VGP	0
978	QQY QYG YGQ GQS QSL SLS LST	ARE REG EGT GTT TTG TGD GDG DGD GDL DLG LGK GKP KPI PIG IGA GAF AFA FAH	0
46	QSS SSS SSS SSP SPY PYT	SRY RYS YSS SSY SYY YYS YSY SYY YYY YYS YSS SSS SSS SSY SYS YSY SYA YAM AMD MDY	0
504	QQY QYD YDG DGL GLP LPF PFT	AKH KHM HMS MSM SMQ MQQ QQV QVV VVS VSA SAG AGW GWE WER ERA RAD ADL DLV LVG VGD GDA DAF AFD FDV	1
397	QAW AWD WDA DAS AST STG TGV	TRL RLY LYL YLF LFE FEG EGA GAQ AQS QSS SSN SNA NAF AFD FDL	0
1366	QQQ QQF QFD FDP DPP PPF PFT	ARE RER ERG RGM GMH MHY HYM YMD MDV	0
747	ASW SWD WDD DDS DSL SLN LNG NGV GVV	AGP GPS PSI SIT ITE TES ESH SHY HYC YCL CLD LDC DCA CAA AAK AKD KDY DYY YYY YYG YGL GLD LDV	1
316	QQY QYS YSS SSY SYS YSS SSL SLF LFT	ARE REY EYY YYR YRW RWY WYT YTA TAI AID IDY	0
9249	QQH QHD HDY DYP YPY PYT	ARL RLG LGS GSD SDY DYD YDV DVW VWF WFD FDY	0
808	QQY QYE YEF	TRG RGK GKY KYC YCT CTA TAR ARD RDY DYY YYN YNW NWD WDF DFE FEH	0
19750	CSY SYA YAG AGS GSV SVV	ARD RDL DLT LTL TLM LMY MYV YVH VHS HSS SSG SGW GWE WER ERG RGV GVY VYY YYY YYY YYG YGM GMD MDV	1
355	ATW TWD WDS DSG SGL GLS LSA SAD ADW DWV	TTD TDG DGF GFI FIM IMI MIR IRG RGV GVS VSE SED EDY DYY YYY YYY YYY YYM YMD MDV	0
1299	SSH SHT HTS TSR SRG RGT GTW TWV	ARD RDK DKV KVD VDD DDY DYG YGD GDY DYW YWF WFP FPT PTL TLW LWY WYF YFD FDY	0
19747	SSR SRD RDK DKS KSG SGS GSR SRL RLS LSV	ART RTG TGK GKY KYY YYD YDF DFW FWF WFG FGY GYP YPP PPG PGE GEE EEY EYF YFQ FQD	0
36466	QQY QYD YDT DTD TDS DSG SGW GWT	AKE KEG EGS GSP SPL PLS LSD SDV DVL VLL LLV LVA VAA AAP APF PFG FGW GWF WFD FDP	0
19820	CSY SYT YTH THN HNS NSG SGC GCV	AKG KGL GLL LLR LRD RDG DGS GSS SST STW TWL WLP LPY PYL	0
19784	QST STD TDS DSS SSG SGT GTS TSW SWV	ARD RDP DPI PIV IVG VGH GHT HTR TRD RDG DGL GLD LDV	0
204643	SSY SYT YTT TTT TTS TSV SVV	ARL RLT LTA TAA AAD ADT DTI TIF IFD FDC	0
19637	QES ESY SYS YSS SSV SVP VPM PMY MYI	TAD ADE DEG EGA GAP API PIL ILR LRF RFF FFE FEW EWG WGY GYY YYN YNY NYY YYM YMD MDV	0
28837	LQI QIY IYN YNM NMP MPI PIT	ARG RGK GKG KGN GNT NTH THK HKP KPY PYG YGY GYV YVR VRY RYF YFD FDV	0
1388	QQL QLN LNT NTY TYP YPF PFT	AKP KPK PKS KSR SRD RDR DRG RGG GGP GPG PGD GDD DDY DYF YFG FGM GMD MDV	0
519	QVW VWD WDS DSD SDS DSD SDH DHV HVV	ARA RAG AGL GLE LEP EPR PRS RSV SVD VDY DYY YYF YFY FYG YGL GLD LDV	1
31	MQA QAL ALQ LQP QPP PPY PYT	AIL ILL LLS LSA SAG AGA GAA AAN ANL NLD LDN DNN NNY NYG YGM GMD MDV	0
586	AAW AWD WDD DDS DSL SLN LNG NGV GVV	AQG QGP GPI PIV IVG VGA GAP APT PTD TDY	0
59128	QQY QYY YYS YST STP TPY PYT	AGG GGS GSG SGI GIS IST STP TPM PMD MDV	0
1389	QQA QAN ANT NTF TFP FPW PWT	ARD RDR DRP RPP PPG PGA GAQ AQF QFD FDT	0
188	QTY TYD YDP DPY PYS YSV SVV	ARD RDL DLI LIH IHG HGV GVT VTR TRN	0
50	QQG QGL GLL LLS LSP SPL PLT	ARF RFV FVF VFF FFL FLP LPY PYA YAM AMD MDY	0
534	QQH QHG HGP GPF PFY FYW YWL WLF LFT	ART RTV TVR VRG RGS GSK SKK KKP KPY PYF YFS FSG SGW GWA WAM AMD MDY	0
932	SSF SFA FAN ANS NSG SGP GPL	ARD RDR DRY RYF YFD FDL	0
19608	QQY QYD YDG DGL GLP LPF PFT	AKH KHM HMS MSM SMQ MQQ QQV QVP VPG PGS GSG SGW GWE WER ERA RAD ADL DLV LVG VGD GDA DAF AFD FDV	1
304	QQH QHD HDS DSS SSP SPY PYT	ASP SPY PYP YPN PND NDX DXN XND NDX DXA XAP APE PEE EEG EGM GMS MSW SWY WYF YFD FDL	0
28836	QQS QSY SYS YST STP TPL PLT	ARD RDR DRG RGI GIG IGA GAR ARR RRG RGP GPY PYY YYM YMD MDV	0
1573	QQY QYY YYN YNP NPP PPW PWT	AKG KGG GGA GAA AAA AAA AAV AVM VMD MDV	0
353	QQY QYN YNN NNW NWP WPP PPR PRY RYT	AGV GVY VYE YEG EGE GEA EAD ADE DEG EGE GEY EYD YDN DNN NNG NGF GFL FLK LKH	0
19827	QQY QYY YYT YTA TAS ASP SPF	AKL KLL LLV LVG VGI GIT ITT TTD TDV DVF VFD FDV	0
28867	QQR QRS RSN SNW NWY WYT	AKS KST STG TGD GDN DNW NWF WFD FDP	0
36473	QQY QYG YGR GRS RSP SPF PFT	AKV KVG VGE GEY EYY YYD YDF DFW FWS WSG SGY GYS YSP SPF PFD FDS	0
1391	LHY HYG YGT GTS TSP SPM PMY MYF	IAS ASS SST STT TTG TGW GWY WYV YVR VRE RED EDF DFD FDY	0
19823	QNS NSG SGG GGG GGT GTP TPL PLI	SRD RDN DNF NFG FGT GTR TRP RPV PVP VPG PGR GRG RGY GYY YYY YYG YGM GMD MDV	0
1374	QQG QGS GST STF TFP FPY PYT	VRN RNR NRV RVQ VQM QME MEV EVS VSP SPA PAT ATQ TQS QST STW TWY WYM YMD MDL	1
26782	SSY SYA YAG AGS GSV SVV	AKD KDL DLT LTL TLM LMY MYV YVF VFD FDS DSG SGW GWA WAR ARG RGA GAH AHD HDY DYY YYG YGM GMD MDV	1
36474	MQA QAL ALQ LQT QTP TPS PSW SWT	ARV RVA VAS ASS SSA SAG AGT GTF TFY FYY YYG YGM GMD MDV	0
1307	QQY QYR YRY RYS YSP SPR PRT	ARG RGG GGF GFG FGS GSF SFD FDT	0
8701	ATW TWD WDN DNS NSL SLN LND NDR DRV	ARE REI EIP IPG PGA GAT ATS TSG SGP GPD PDH DHF HFF FFF FFY FYG YGM GMD MDV	1
202466	QQR QRD RDN DNW NWP WPP PPD PDA DAT	AKE KEG EGG GGD GDN DNK NKF KFS FSF SFD FDY	0
1263	QQY QYD YDN DNL NLG LGD GDL DLS	ARD RDR DRY RYY YYE YET ETS TSG SGS GSN SNA NAF AFD FDV	0
407	STF TFT FTM TMS MSG SGN GNG NGT GTV	ARE RER ERW RWH WHV HVR VRG RGY GYF YFD FDH	0
302	QQS QSY SYN YNS NSP SPW PWT	ARD RDN DNG NGD GDY DYV YVG VGE GEK EKG KGF GFD FDI	0
19638	QES ESY SYS YSS SSV SVP VPM PMY MYI	TAD ADE DEG EGA GAP API PIL ILR LRF RFF FFE FEW EWG WGY GYY YYN YNY NYY YYM YMD MDV	0
642	QVW VWD WDI DIS IST STD TDQ DQA QAV	ARH RHV HVR VRS RSG SGY GYP YPD PDT DTA TAY AYY YYF YFD FDK	1
200539	LQD QDY DYN YNY NYL YLL LLT	ARE REI EIT ITM TMI MIA IAW AWF WFD FDP	0
8740	QSS SSD SDR DRF RFG FGS GSR SRY RYV	AAG AGF GFH FHY	0
965	AAW AWD WDD DDS DSP SPP PPG PGE GEA	ARV RVG VGL GLG LGD GDA DAF AFD FDI	0
739	QQY QYS YSS SSF SFP FPT PTT	ARW RWG WGD GDE DEG EGF GFD FDI	0
19849	QQY QYY YYN YNS NSP SPY PYT	ARV RVG VGR GRP RPS PSK SKG KGG GGW GWF WFD FDP	0
196	QQY QYA YAD ADS DSP SPI PIT	AST STL TLG LGL GLV LVL VLD LDA DAM AMD MDY	0
193	QVW VWD WDS DSS SSS SSD SDH DHA HAV	AKT KTR TRS RSY SYV YVV VVA VAA AAE AEY EYY YYF YFH FHY	0
26784	QHR HRT	ATD TDK DKT KTY TYV YVS VSG SGY GYT YTS TST STW TWY WYY YYF YFN FNY	0
1314	QQH QHN HNE NEY EYP YPY PYT	ARM RMG MGS GSD SDY DYD YDV DVW VWF WFD FDY	0
36472	QLY LYG YGS GSS SSP SPW PWT	AKV KVG VGE GEY EYY YYD YDF DFW FWS WSG SGY GYS YSP SPF PFE FEY	0
1381	QVW VWD WDS DSR SRT RTD TDH DHW HWV	ARG RGR GRG RGF GFH FHY HYY YYY YYY YYG YGM GMD MDI	0
410	QQY QYG YGT GTS TSP SPR PRT	ARE REP EPP PPL PLF LFY FYS YSS SSW SWS WSL SLD LDN	1
666	HIW IWD WDS DSR SRR RRP RPT PTN TNW NWV	ATT TTK TKH KHG HGR GRR RRI RIY IYG YGV GVV VVA VAF AFK FKE KEW EWF WFT FTY TYF YFY FYM YMD MDV	0
1436	QQY QYE YEF	TRG RGK GKY KYC YCT CTA TAR ARD RDY DYY YYN YNW NWD WDF DFE FEH	0
1282	AAW AWD WDD DDS DSL SLS LSE SEF EFL	ARA RAS ASI SIA IAA AAA AAR ARV RVL VLD LDY	0
555	AVF VFQ FQW	ARD RDE DES ESG SGD GDD DDL DLK LKW KWH WHL HLH LHP	0
1549	QQS QSR SRT	ARS RSG SGH GHI HIT ITV TVF VFG FGV GVN VNV NVD VDA DAF AFD FDM	1
1358	YSY SYA YAD ADG DGV GVA	ARE REM EMF MFD FDS DSS SSA SAD ADW DWS WSP SPW PWR WRG RGM GMV MVA	0
19641	QQY QYN YND NDW DWP WPP PPW PWT	AKD KDW DWA WAL ALF LFR FRW RWL WLR LRT RTF TFD FDH	0
36462	MQA QAL ALQ LQT QTP TPL PLT	ARH RHG HGH GHN HNG NGM GMG MGV	0
19686	GTF TFA FAG AGG GGS GSY SYY YYG YGV	ARG RGG GGW GWF WFD FDY	0
8704	YST STN TNS NSG SGG GGT GTF TFF FFV	AIL ILG LGF GFW FWG WGA GAN ANR NRG RGG GGG GGG GGM GMD MDV	0
1353	QAW AWD WDS DSS SSA SAL ALV	ARG RGP GPL PLS LSR SRG RGY GYY YYD YDY	0
601	QQY QYE YEF	TRG RGK GKY KYC YCT CTA TAR ARD RDY DYY YYN YNW NWD WDF DFE FEH	0
1035	MQS QSK SKD KDF DFP FPL PLT	ARM RMF MFQ FQE QES ESG SGP GPP PPR PRL RLD LDR DRW RWS WSG SGR GRN RNY NYY YYY YYY YYS YSG SGM GMD MDV	0
1605	QQF QFE FEF	VRK RKG KGP GPS PSC SCP CPH PHC HCG CGD GDF DFH FHW HWQ WQH	0
19846	QHY HYF YFN FNT NTP TPH PHN	ARL RLD LDA DAR ARV RVD VDA DAG AGW GWQ WQL QLD LDS	0
558	QQY QYE YEF	ARG RGK GKY KYC YCT CTA TAR ARD RDY DYY YYN YNW NWD WDF DFQ FQH	0
387	QQS QSS SSY SYI YIP IPV PVT	ART RTP TPW PWW WWY WYW YWS WSG SGL GLD LDY	0
393	ASW SWD WDS DSM SMT MTV TVD VDG DGV	ARY RYF YFD FDT DTY TYN YNN NNY NYG YGF GFA FAN	0
1268	QQH QHQ HQY QYN YNS NSL SLI	ARK RKQ KQY QYS YSY SYW YWR WRD RDS DSY SYW YWA WAM AMD MDY	0
19710	QHR HRD RDS DSW SWP WPP PPG PGA GAT	AKE KES ESD SDS DSC SCG CGG GGD GDC DCS CSR SRF RFA FAF AFD FDV	0
432	AAW AWD WDD DDS DSL SLN LNG NGF GFW FWV	ART RTL TLR LRV RVS VSG SGD GDY DYV YVR VRD RDF DFD FDL	1
1383	QQY QYE YEF	TRG RGK GKY KYC YCT CTA TAR ARD RDY DYY YYN YNW NWD WDF DFE FEH	0
525	SSR SRD RDK DKS KSG SGS GSR SRL RLS LSV	ART RTG TGK GKY KYY YYD YDF DFW FWS WSG SGY GYP YPP PPG PGE GEE EEY EYF YFQ FQD	0
19794	QQS QSY SYF YFN FNP NPI PIT	ARH RHY HYS YSA SAV AVA VAG AGL GLD LDY	0
8741	MQA QAL ALQ LQT QTP TPW PWT	ATR TRN RNY NYR YRL RLY LYF YFD FDF	0
812	QQY QYE YEF	TRG RGK GKY KYC YCT CTA TAR ARD RDY DYY YYN YNW NWD WDF DFE FEH	0
19636	QES ESY SYS YSS SST STP TPT PTH THI	TMD MDE DEG EGT GTP TPV PVT VTR TRF RFL FLE LEW EWG WGY GYF YFY FYY YYY YYM YMA MAV	0
1044	SSR SRD RDK DKS KSG SGS GSR SRL RLS LSV	ART RTG TGK GKY KYY YYD YDF DFW FWS WSG SGY GYP YPP PPG PGE GEE EEY EYF YFQ FQD	0
36818	NSR SRD RDT DTS TSG SGY GYH YHL HLV	ATG TGN GNA NAD ADC DCS CSG SGG GGS GSC SCY CYN YNW NWF WFD FDP	1
1544	QQS QSS SSS SSS SSL SLI LIT	ARL RLT LTW TWR WRS RSY SYR YRG RGV GVH VHA HAL ALD LDY	0
26785	QHR HRT	ATD TDK DKT KTY TYV YVS VSG SGY GYT YTS TST STW TWY WYY YYF YFN FNY	0
934	QAW AWD WDS DSS SSS SSF SFV	ARV RVA VAL ALF LFD FDI DIL ILT LTG TGG GGW GWF WFD FDP	1
19844	NAY AYE YEF	ARM RMG MGA GAA AAR ARE REW EWD WDF DFQ FQY	0
284	QHY HYA YAG AGY GYS YSA SAT	ARK RKG KGS GSD SDR DRL RLS LSD SDN DND NDP DPF PFD FDA	0
636	QQY QYE YET	ARA RAQ AQK QKR KRG RGR GRS RSE SEW EWA WAY AYA YAH	0
1006	QAW AWD WDS DSS SST STD TDV DVV	ARA RAV AVV VVF VFT FTD TDS DSS SSA SAY AYY YYY YYS YSK SKY KYF YFD FDY	0
912	ATY TYD YDS DSD SDG DGS GSI SIR IRL	ARA RAE AEA EAA AAS ASD SDS DSH SHS HSR SRP RPI PIM IMF MFD FDH	0
1571	KQY QYA YAD ADY DYW YWT	ARD RDR DRY RYS YSP SPT PTG TGH GHY HYY YYG YGM GMD MDV	0
19631	KSL SLT LTS TST STR TRR RRR RRV	VRE REA EAG AGG GGP GPD PDY DYR YRN RNG NGY GYN YNX NXX XXD XDF DFY FYD YDG DGY GYY YYN YNY NYH YHY HYM YMD MDV	0
1562	QVI VIE IES	ARD RDR DRL RLY LYD YDG DGS GSS SSW SWR WRL RLD LDP	0
19574	MQN QNK NKQ KQT QTP TPL PLT	VIR IRG RGD GDV DVY VYN YNR NRQ	0
380	QQW QWW WWW WWW WWP WPS PST	ARW RWW WWS WSS SSA SAM AMD MDY	0
19719	QSF SFD FDS DSI SIL ILS LSG SGD GDL DLV	ATS TSY SYV YVD VDN DNW NWH WHA HAG AGL GLH LHW HWF WFD FDS	1
1563	QQA QAY AYK YKT KTP TPY PYT	ARD RDD DDY DYS YST STY TYA YAF AFA FAY	0
199	QQH QHG HGN GNL NLP LPY PYT	ARP RPY PYL YLT LTY TYP YPQ PQR QRR RRG RGP GPQ PQN QNV NVS VSP SPF PFD FDN	0
295	QQS QSY SYT YTT TTP TPP PPT	ART RTY TYG YGI GIY IYD YDL DLY LYV YVD VDY DYT YTE TEY EYV YVM VMD MDY	0
1333	SSL SLT LTD TDR DRS RSH SHR HRI	ARE REA EAG AGG GGP GPI PIW IWH WHD HDD DDV DVK VKY KYY YYD YDF DFN FND NDG DGY GYY YYN YNY NYH YHY HYM YMD MDV	0
1022	QVW VWD WDD DDS DSI SIN INA NAY AYV	ARE REF EFH FHS HSG SGL GLG LGW GWH WHF HFD FDL	0
205	QQS QSY SYT YTT TTP TPP PPT	ARS RSA SAR ARF RFS FSF SFD FDY	0
707	QQW QWA WAV AVH VHS HSL SLI LIT	ARY RYV YVY VYH YHA HAL ALD LDY	0
19708	QQY QYG YGT GTS TSP SPL PLT	ASR SRQ RQH QHH HHE HEY EYF YFQ FQE	0
1553	KSL SLT LTS TST STR TRR RRR RRV	VRE REA EAG AGG GGP GPD PDY DYR YRN RNG NGY GYN YNY NYY YYD YDF DFY FYD YDG DGY GYY YYN YNY NYH YHY HYM YMD MDV	0
19561	SAW AWG WGD GDK DKG KGM GMV	ARG RGF GFG FGT GTD TDF	0
1237	QSY SYD YDS DSS SSN SNV NVV	ARG RGI GIV IVF VFS FSY SYA YAM AMD MDV	0
19756	QQS QSQ SQW QWY WYP YPI PIT	ARS RSY SYS YST STK TKL KLA LAM AMD MDY	0
477	QQS QSF SFY FYF YFP FPN PNT	ARG RGL GLG LGK GKG KGS GSK SKR KRG RGA GAM AMD MDY	0
19803	SSR SRD RDS DSS SSG SGN GNH NHW HWV	ARS RSR SRD RDL DLL LLL LLF LFP FPH PHH HHA HAL ALS LSP	0
19822	QQY QYL YLY LYH YHP HPA PAT	ARR RRH RHW HWP WPG PGG GGF GFD FDY	0
9248	HIW IWD WDS DSR SRR RRP RPT PTN TNW NWV	ATT TTK TKH KHG HGR GRR RRI RIY IYG YGV GVV VVA VAF AFK FKE KEW EWF WFT FTY TYF YFY FYM YMD MDV	0
170	QAR ARL RLL LLL LLP LPQ PQT	ARV RVA VAI AIG IGV GVS VSG SGF GFL FLN LNY NYY YYY YYY YYM YMD MDV	0
1376	NAF AFE FEF	ARR RRM RMR MRS RSQ SQD QDR DRE REW EWD WDF DFQ FQH	0
28880	QAW AWD WDS DSG SGI GIW IWV	TVW VWY WYL YLE LET ETP TPD PDD DDG DGF GFD FDI	0
19642	MQG QGT GTH THW HWP WPP PPM PMC MCS	ARG RGT GTS TST STG TGL GLR LRE REA EAF AFH FHI	0
1419	HQY QYI YIQ IQL QLH LHS HSF SFT	ARY RYD YDG DGI GIY IYG YGE GEL ELD LDF	0
19552	SSY SYT YTR TRR RRD RDT DTY TYV	ARE REP EPD PDY DYY YYD YDS DSS SSG SGY GYY YYP YPI PID IDA DAF AFD FDI	0
1578	QQY QYE YEF	TRG RGK GKY KYC YCT CTA TAR ARD RDY DYY YYN YNW NWD WDF DFE FEH	0
1032	LQY QYN YNN NNW NWW WWT	VRN RNV NVG VGT GTA TAG AGS GSL SLL LLH LHY HYD YDH	0
498	QQY QYG YGS GSS SSP SPW PWT	AKD KDR DRL RLE LES ESS SSA SAM AMD MDI DIL ILE LEG EGG GGT GTF TFD FDI	1
168	SSY SYS YSS SST STT TTR TRV RVV	AKP KPN PNV NVG VGS GSG SGW GWS WSF SFD FDS	0
8751	QAW AWD WDS DSS SST STG TGV GVV	AKD KDS DSG SGV GVG VGL GLA LAL ALP LPI PIN INF NFD FDY	0
202253	NSR SRD RDS DST STN TND NDP DPV PVL	ARW RWS WSG SGT GTY TYY YYD YDY	0
313	QQH QHD HDY DYP YPY PYT	ARL RLG LGS GSD SDY DYD YDV DVW VWF WFD FDY	0
206	QQS QSY SYT YTT TTP TPP PPT	ARF RFW FWW WWR WRS RSF SFD FDY	0
1355	QQY QYN YNT NTY TYS YSW SWW WWT	ASR SRL RLG LGV GVR VRA RAT ATT TTG TGD GDL DLD LDY	0
1465	QQS QSY SYT YTT TTP TPP PPT	ARG RGS GSG SGH GHV HVN VNA NAV AVK VKN KNY NYG YGY GYV YVM VMD MDY	0
809	QQY QYE YEF	TRG RGK GKY KYC YCT CTA TAR ARD RDY DYY YYN YNW NWD WDF DFE FEH	0
19752	QSY SYD YDR DRY RYT YTH THP HPA PAL ALL	KTH THG HGS GSH SHD HDN	0
976	QSY SYD YDS DSS SSS SSW SWV	ARL RLG LGG GGR GRY RYY YYY YYD YDS DSS SSG SGY GYY YYY YYF YFD FDY	0
19800	HQY QYY YYS YSS SSP SPL PLT	ALL LLT LTV TVL VLT LTP TPD PDD DDA DAF AFD FDI	0
999	QQY QYG YGG GGS GSP SPY PYT	ARG RGT GTD TDY DYT YTI TID IDD DDQ DQG QGI GIF IFY FYK YKG KGS GSG SGT GTF TFW FWY WYF YFD FDL	0
19709	QQR QRD RDN DNW NWP WPP PPD PDA DAT	AKE KEG EGG GGD GDN DNK NKF KFS FSF SFD FDY	0
19749	SSY SYA YAG AGS GSV SVV	AKD KDL DLT LTL TLM LMY MYV YVF VFD FDS DSG SGW GWA WAR ARG RGA GAH AHD HDY DYY YYG YGM GMD MDV	1
908	QEY EYS YSS SST STP TPY PYN	ARD RDG DGL GLG LGE GEV EVA VAP APA PAY AYL YLY LYG YGI GID IDA	0
1347	QHY HYY YYT YTT TTH THR HRT	ARD RDD DDG DGY GYY YYD YDR DRS RSG SGY GYY YYG YGV GVF VFD FDL	0
715	QQA QAN ANS NSF SFF FFT	AAD ADP DPW PWE WEL ELN LNA NAF AFN FNV	0
416	QVW VWD WDS DSS SSS SSD SDH DHV HVI	ARG RGG GGL GLE LEP EPR PRS RSV SVD VDY DYY YYY YYY YYG YGM GMD MDV	1
8748	QQY QYY YYS YST STP TPL PLT	AKV KVG VGG GGS GSA SAY AYY YYE YED EDP DPY PYS YSL SLG LGY GYL YLD LDF	0
19783	QQY QYG YGS GSS SSP SPY PYT	ARG RGI GIA IAS ASA SAG AGT GTP TPD PDY DYF YFF FFY	0
708	QQW QWA WAV AVH VHS HSL SLI LIT	ARY RYV YVY VYH YHA HAL ALD LDY	0
19671	HMW MWD WDS DSR SRS RSG SGF GFS FSW SWS	ART RTQ TQH QHG HGR GRR RRI RIY IYG YGI GIV IVA VAF AFR FRE REW EWF WFT FTY TYF YFY FYM YMD MDV	0
1254	QQY QYF YFY FYW YWP WPI PIT	ARS RSY SYS YSW SWS WSY SYA YAI AID IDY	0
365	QHY HYD YDD DDL DLP LPR PRI RIT	ARA RAS ASY SYS YSS SSS SSS SSP SPY PYA YAF AFD FDI	0
925	QQY QYD YDN DNL NLP LPP PPL PLT	ARD RDR DRI RIV IVD VDD DDY DYY YYY YYY YYG YGM GMD MDV	0
201247	QQY QYS YSN SNW NWP WPR PRT	ARA RAP APD PDD DDY DYY YYD YDS DSV SVG VGY GYY YYY YYG YGC GCP CPY PYF YFD FDS	1
1587	QCF CFE FEG	VRG RGK GKS KSC SCC CCN CNG NGR GRR RRY RYC YCN CNG NGA GAD ADC DCF CFN FNW NWD WDF DFE FEY	0
37271	ASW SWD WDD DDS DSL SLS LSG SGH GHW HWV	ARV RVR VRS RSG SGT GTN TNY NYG YGS GSY SYY YYY YYY YYY YYY YYG YGM GMD MDV	0
19755	QQS QSQ SQW QWY WYP YPI PIT	ARS RSY SYS YST STK TKL KLA LAM AMD MDY	0
1435	QQY QYE YET	ARG RGV GVR VRR RRD RDA DAS ASW SWW WWL WLQ LQF	0
19785	QQS QSY SYS YST STL TLT LTW TWT	ARS RSG SGF GFC FCS CSD SDD DDA DAC ACY CYR YRR RRG RGS GSW SWF WFD FDP	0
1349	QSR SRD RDI DIS ISQ SQY QYV	ART RTF TFH FHI HIR IRR RRY RYR YRS RSG SGY GYY YYD YDK DKM KMD MDH	0
339	AAW AWD WDD DDS DSL SLN LNG NGP GPV	ARD RDW DWG WGS GSN SNY NYV YVW VWG WGS GSY SYP YPK PKY	0
352	QQY QYS YSN SNY NYP YPL PLT	ARD RDN DNP NPT PTL TLL LLG LGS GSD SDY	0
179	QAW AWD WDS DSS SST STA TAV	ANN NNN NNG NGQ GQQ QQL QLV LVY VYS YSY SYM YMD MDV	0
896	QQL QLN LNS NSY SYS YSL SLT	ARG RGG GGM GMT MTM TMV MVR VRG RGV GVM VMM MMD	0
1469	AAW AWD WDD DDS DSL SLN LNG NGP GPV	ARD RDW DWG WGS GSN SNY NYV YVW VWG WGS GSY SYP YPK PKY	0
19762	QQY QYY YYY YYG YGY GYP YPI PIT	ARY RYK YKY KYP YPY PYW YWS WSW SWY WYY YYY YYW YWG WGG GGM GMD MDY	0
1021	QVW VWD WDD DDS DSI SIN INA NAY AYV	ARN RNF NFV FVR VRG RGF GFG FGW GWH WHF HFD FDL	0
1373	QQS QSN SNN NNV NVP VPH PHT	ARD RDK DKK KKQ KQG QGE GEV EVV VVL VLP LPA PAA AAS ASF SFR FRW RWF WFA FAP	1
201045	QQR QRN RNS NSW SWP WPP PPL PLT	ARD RDG DGT GTC TCG CGG GGG GGN GNC NCY CYS YSG SGL GLL LLD LDY	0
300	TSW SWD WDD DDS DSL SLD LDS DSQ SQL	ARL RLE LEP EPG PGY GYS YSS SST STW TWS WSV SVN	0
909	QQS QSF SFQ FQT QTV TVG VGS	VRV RVT VTF TFY FYH YHE HEG EGS GSG SGY GYY YYY YYR YRA RAG AGN GNY NYF YFD FDS	0
1602	SSY SYT YTS TSS SSS SST STL TLV	ARE REG EGD GDG DGA GAF AFD FDY	0
523	AAW AWD WDD DDS DSL SLS LSA SAH AHV HVV	ARE REL ELL LLM LMD MDY DYY YYD YDH DHI HIG IGY GYS YSP SPG PGP GPT	1
544	QQY QYD YDN DNL NLP LPI PIT	ARG RGI GIS ISG SGS GSY SYG YGW GWF WFD FDP	1
528	SSR SRD RDK DKS KSG SGS GSR SRL RLS LSV	ART RTG TGK GKY KYY YYD YDF DFW FWS WSG SGY GYP YPP PPG PGE GEE EEY EYF YFQ FQD	0
358	QQY QYD YDN DNS NSV SVC VCT	ARG RGP GPV PVP VPA PAV AVF VFY FYG YGD GDY DYR YRL RLD LDP	0
19630	QQS QSH SHS HSP SPP PPV PVT	ARE REQ EQR QRN RNK NKD KDY DYR YRY RYG YGQ GQE QEG EGF GFG FGY GYS YSY SYG YGM GMD MDV	0
19634	QEA EAY AYS YSS SST STP TPT PTL TLT	TAD ADL DLG LGE GEP EPV PVV VVS VSR SRF RFF FFE FEW EWG WGS GSY SYY YYY YYY YYM YMD MDL	0
28798	MQG QGI GIH IHS HSW SWT	VKV KVG VGA GAN ANW NWG WGW GWR WRY RYF YFD FDL	0
1416	QVW VWD WDS DSS SSS SSV SVV	ARG RGP GPL PLS LSR SRG RGY GYY YYD YDY	0
1606	QCL CLE LEA	VRG RGR GRS RSC SCC CCG CGG GGR GRR RRH RHC HCN CNG NGA GAD ADC DCF CFN FNW NWD WDF DFQ FQH	0
1400	QQY QYD YDG DGS GSQ SQY QYT	ARG RGS GSA SAM AMI MIF IFG FGI GIV IVI VII IIL ILE LES	1
36463	QQF QFG FGA GAS ASP SPP PPY PYS	AKK KKG KGW GWQ WQS QST STF TFL FLG LGM GMD MDY DYF YFY FYG YGM GMD MDV	0
548	QQY QYE YEF	ARG RGK GKN KNS NSD SDY DYN YNW NWD WDF DFQ FQH	0
19687	GTF TFA FAG AGG GGS GSY SYY YYG YGV	ARG RGG GGW GWF WFD FDY	0
638	NAF AFE FEF	ARR RRM RMR MRS RSQ SQD QDR DRE REW EWD WDF DFQ FQH	0
326	AAW AWD WDD DDS DSL SLN LNG NGF GFW FWV	ART RTL TLR LRV RVS VSG SGD GDY DYV YVR VRD RDF DFD FDL	1
291	QQS QSY SYA YAT ATL TLP LPT	ARN RNA NAL ALY LYG YGS GSG SGG GGY GYY YYA YAM AMD MDY	0
491	STW TWD WDD DDT DTL TLK LKG KGW GWV	ARR RRQ RQL QLL LLD LDD DDG DGT GTG TGY GYQ YQW QWA WAA AAF AFD FDV	0
22512	CSY SYA YAF AFS FSN SNT NTW TWQ	ARD RDG DGM GMG MGR GRS RSS SSG SGS GSF SFS FSA SAF AFD FDY	0
19753	QQD QDG DGW GWS WSL SLI LIT	ARG RGY GYG YGW GWA WAL ALD LDY	0
667	HIW IWD WDS DSR SRR RRP RPT PTN TNW NWV	ATT TTK TKH KHG HGR GRR RRI RIY IYG YGV GVV VVA VAF AFK FKE KEW EWF WFT FTY TYF YFY FYM YMD MDV	0
1043	SSR SRD RDK DKS KSG SGS GSR SRL RLS LSV	ART RTG TGK GKY KYY YYD YDF DFW FWS WSG SGY GYP YPP PPG PGE GEE EEY EYF YFQ FQD	0
8703	QAW AWD WDS DST STL TLG LGV GVV	ARL RLG LGF GFE FEG EGD GDY DYS YSG SGS GSF SFF FFD FDY	0
392	AAW AWD WDD DDS DSL SLS LSG SGP GPY PYV	TRD RDR DRS RSR SRV RVR VRY RYF YFD FDR DRE RES ESG SGW GWF WFD FDP	0
19790	QQY QYE YEF	TRG RGK GKY KYC YCT CTA TAR ARD RDY DYY YYN YNW NWD WDF DFE FEH	0
795	AAW AWD WDD DDS DSL SLN LNG NGW GWV	AKD KDG DGA GAY AYY YYY YYD YDY DYS YSG SGY GYP YPY PYD YDY DYN YNG NGI GID IDV	0
363	QHY HYA YAG AGY GYS YSA SAT	ARK RKG KGS GSD SDR DRL RLS LSD SDN DND NDP DPF PFD FDA	0
202270	QQR QRL RLN LNW NWP WPP PPL PLT	AKV KVL VLS LSP SPG PGG GGS GSN SNM NMV MVW VWD WDY	0
362	QQY QYE YEF	TRG RGK GKN KNC NCD CDY DYN YNW NWD WDF DFE FEH	0
865	QQI QIS ISQ SQY QYP YPI PIT	ART RTG TGM GMY MYF YFG FGF GFF FFH FHH HHS HSW SWS WSN SNA NAA AAL ALD LDY	0
954	QQL QLN LNS NSY SYP YPL PLT	ARV RVG VGY GYC YCS CSS SST STS TSC SCN CNR NRG RGA GAF AFD FDI	0
19635	QEN ENY NYN YNT NTI TIP IPS PSL SLS	TMD MDE DEG EGT GTP TPV PVT VTR TRF RFL FLE LEW EWG WGY GYF YFY FYY YYY YYM YMA MAV	0
19609	MEA EAR ARQ RQT QTP TPR PRL RLT	VRG RGP GPE PES ESG SGW GWF WFY FYH YHY HYY YYW YWG WGL GLG LGV	0
466	QQS QSN SNR NRA RAP APA PAT	AKW KWW WWA WAW AWP WPA PAF AFD FDY	0
870	AAW AWD WDD DDS DSL SLN LND NDW DWV	VKD KDR DRV RVA VAV AVA VAG AGK GKG KGS GSY SYY YYF YFD FDS	0
19848	QQY QYY YYN YNS NSP SPY PYT	ARV RVG VGR GRP RPS PSK SKG KGG GGW GWF WFD FDP	0
201248	AAW AWD WDD DDS DSL SLT LTV TVS	ARD RDL DLQ LQP QPP PPH PHS HSP SPY PYG YGM GMD MDV	1
998	HMW MWD WDS DSR SRS RSG SGF GFS FSW SWS	ARA RAQ AQQ QQG QGK GKR KRI RIY IYG YGM GMV MVS VSF SFG FGE GEF EFF FFY FYY YYY YYY YYM YMD MDV	0
651	QQY QYG YGS GSS SSP SPT	ARD RDL DLT LTT TTL TLT LTS TSY SYN YNW NWW WWD WDL	0
892	QCL CLE LEA	VRG RGR GRS RSC SCC CCG CGG GGR GRR RRH RHC HCN CNG NGA GAD ADC DCF CFN FNW NWD WDF DFQ FQH	0
19789	QQS QSY SYS YST STP TPY PYT	ARA RAT ATN TNY NYD YDS DSS SSG SGY GYY YYS YSL SLY LYF YFD FDY	0
415	QVW VWD WDS DSS SSS SSD SDH DHV HVI	ARG RGG GGL GLE LEP EPR PRS RSV SVD VDY DYY YYY YYY YYG YGM GMD MDV	1
19613	MQG QGT GTH THW HWP WPP PPY PYT	ARG RGY GYA YAD ADT DTP TPV PVF VFR FRR RRY RYY YYY YYY YYG YGM GMD MDV	0
938	QQY QYD YDK DKL KLP LPT	VRD RDR DRD RDD DDF DFW FWS WSG SGY GYY YYK YKH	0
854	CSY SYA YAG AGG GGK GKS KSL SLV	ARD RDG DGV GVR VRY RYY YYY YYD YDS DST STG TGY GYY YYP YPD PDN DNF NFF FFQ FQY QYG YGL GLD LDV	0
1260	QQS QSY SYS YST STP TPS	ASS SSY SYD YDF DFW FWS WSN SNA NAF AFD FDI	0
19799	HQY QYY YYS YSS SSP SPL PLT	ALL LLT LTV TVL VLT LTP TPD PDD DDA DAF AFD FDI	0
691	AAW AWD WDD DDS DSL SLI LIG IGV GVV	ARD RDK DKN KNP NPG PGT GTK TKP KPY PYY YYH YHY HYG YGM GMD MDV	0
28871	MQS QSI SIQ IQL QLV LVT	TRG RGI GII IIV IVG VGD GDT DTW TWH WHF HFD FDP	0
935	HQY QYS YSS SSH SHP HPP PPT	ARA RAD ADG DGL GLT LTY TYF YFS FSE SEL ELL LLQ LQY QYI YIF IFD FDL	0
19754	QQD QDG DGW GWS WSL SLI LIT	ARG RGY GYG YGW GWA WAL ALD LDY	0
19639	QQY QYL YLY LYH YHP HPA PAT	ARR RRH RHW HWP WPG PGG GGF GFD FDY	0
605	QHY HYS YSN SNW NWP WPP PPR PRL RLT	AVP VPG PGP GPV PVF VFG FGI GIF IFP FPP PPW PWS WSY SYF YFD FDN	1
9240	QQY QYG YGS GSS SSP SPS PST	ARE REG EGT GTT TTG TGW GWG WGW GWL WLG LGK GKP KPI PIG IGA GAF AFA FAY	0
19591	NSY SYS YSI SIH IHS HSP SPW PWV	ARD RDR DRR RRS RSG SGT GTS TSP SPL PLP LPL PLD LDV	0
1005	QTW TWD WDS DSS SST STD TDV DVV	ARA RAV AVV VVF VFT FTD TDS DSS SSA SAY AYY YYY YYS YSK SKY KYF YFD FDY	0
1411	QSA SAD ADS DSS SSG SGD GDY DYV	ARE REW EWA WAE AED EDG DGD GDF DFG FGN GNA NAF AFH FHV	0
19589	QHF HFY FYS YSV SVP VPW PWT	AKD KDR DRG RGP GPR PRG RGV GVG VGE GEL ELF LFD FDS	0
325	WSF SFA FAG AGS GSY SYY YYV	AGE GEL ELL LLP LPY PYY YYG YGM GMD MDV	0
1362	QHL HLI LIG IGL GLR LRS	ARR RRS RSN SNW NWP WPY PYL YLP LPF PFD FDP	0
411	QQH QHY HYR YRT RTP TPP PPT	AKD KDS DSQ SQL QLR LRS RSL SLL LLY LYF YFE FEW EWL WLS LSQ SQG QGY GYF YFD FDP	1
1034	QNY NYN YNS NSA SAP APL PLT	VRS RSD SDR DRG RGV GVA VAG AGL GLF LFD FDS	0
19748	QVW VWD WDS DSS SSS SSD SDH DHV HVV	ARL RLP LPM PMV MVT VTM TMS MSF SFD FDY	0
556	QVY VYE YEF	ARQ RQR QRS RSD SDY DYW YWD WDF DFD FDV	0
8677	QQR QRS RSN SNW NWP WPP PPT	ARD RDR DRS RSY SYY YYL YLD LDY	0
918	QQS QSS SSS SSS SSL SLI LIT	ARG RGY GYY YYG YGA GAA AAM AMD MDY	0
500	ATW TWD WDD DDS DSL SLN LNG NGW GWV	ARD RDV DVQ VQY QYS YSG SGS GSY SYL YLG LGA GAY AYY YYF YFD FDY	1
203	QQS QSV SVM VMI MIP IPM PMT	ARG RGR GRF RFF FFD FDY	0
424	LQI QIY IYN YNM NMP MPI PIT	ARG RGK GKG KGN GNT NTH THK HKP KPY PYG YGY GYV YVR VRY RYF YFD FDV	0
8679	QSY SYD YDR DRS RSL SLS LSG SGV	ARA RAR ARA RAT ATG TGY GYN YNS NSI SIT ITP TPY PYF YFD FDI	0
19706	QQY QYY YYN YNY NYP YPL PLT	ARF RFV FVN VNW NWD WDG DGD GDY DYM YMD MDY	1
1327	QQY QYD YDG DGL GLP LPF PFT	AKH KHM HMS MSM SMQ MQQ QQV QVV VVS VSA SAG AGW GWE WER ERA RAD ADL DLV LVG VGD GDA DAF AFD FDV	1
562	QQF QFE FEF	VRR RRG RGS GSS SSC SCP CPH PHC HCG CGD GDF DFH FHF HFE FEH	0
810	QQY QYE YEF	TRG RGK GKY KYC YCT CTA TAR ARD RDY DYY YYN YNW NWD WDF DFE FEH	0
19727	QSY SYD YDR DRR RRL RLS LSG SGS GSW SWV	ARA RAA AAY AYY YYD YDT DTS TSG SGY GYG YGD GDY	0
36458	QQR QRS RSK SKW KWG WGV GVT	ARD RDR DRF RFP FPT PTV TVS VSG SGE GEP EPF PFA FAM AMD MDV	0
1580	QQY QYK YKH KHW HWP WPP PPY PYT	ARA RAP APS PSG SGY GYP YPG PGV GVS VSL SLY LYQ YQY QYY YYG YGL GLD LDV	0
552	QVW VWD WDS DSF SFS FST STF TFV	ASL SLP LPR PRG RGQ GQL QLV LVN VNA NAY AYF YFR FRN	0
28870	MQA QAV AVQ VQT QTP TPL PLT	ARN RNV NVL VLD LDS DSS SSG SGY GYP YPT PTY TYF YFD FDY	0
19728	QHY HYN YNS NSY SYF YFV FVT	ARD RDG DGY GYS YSS SSS SSF SFF FFD FDF	0
211	QQS QSV SVM VMI MIP IPM PMT	ARG RGR GRF RFF FFD FDY	0
19721	GTF TFA FAG AGG GGS GSY SYY YYG YGV	ARG RGG GGW GWF WFD FDY	0
202467	QHR HRG RGN GNW NWP WPP PPG PGA GAT	AKE KEG EGH GHG HGS GSD SDM DMT MTW TWR WRA RAD ADF DFD FDY	0
1343	QQY QYN YNN NNW NWP WPL PLT	VRD RDA DAY AYV YVS VSG SGS GSD SDY DYY YYY YYY YYG YGL GLD LDV	0
889	QQY QYE YEF	VRK RKG KGP GPS PSC SCP CPH PHC HCG CGD GDF DFH FHW HWQ WQH	0
19786	LQH QHD HDI DIY IYA YAS AST	ARL RLA LAS ASG SGF GFR FRD RDY	0
1396	GTW TWD WDS DSS SSL SLS LSV SVW VWV	ARD RDH DHL HLG LGW GWS WSS SSI SIW IWS WSA SAP APE PES ESF SFL FLD LDY	0
826	GTP TPD PDR DRS RSL SLS LSV SVV	ARD RDG DGA GAK AKT KTV TVS VSN SNS NSG SGL GLS LSL SLL LLY LYY YYH YHN HNR NRL RLD LDA	0
19655	QQY QYN YNN NNW NWP WPP PPY PYT	ARL RLK LKR KRR RRG RGF GFS FSG SGE GEG EGY GYF YFD FDY	0
876	SSY SYT YTS TSS SSS SST STR TRV	ARI RIK IKL KLG LGT GTV TVT VTT TTV TVD VDY	0
1354	QQR QRS RSN SNW NWP WPP PPG PGY GYT	VKD KDL DLG LGI GIA IAA AAR ARR RRF RFV FVS VSG SGA GAF AFD FDI	0
866	QQS QSS SSS SSS SSL SLI LIT	ARY RYE YET ETL TLY LYW YWP WPY PYQ YQN QNS NSG SGM GMD MDY	0
189	CSY SYA YAG AGS GSS SST STE TEV EVV	ARG RGP GPK PKE KEQ EQV QVV VVR VRW RWF WFD FDP	0
26786	QQY QYY YYS YSS SSP SPP PPT	AKD KDL DLS LSP SPP PPY PYS YSY SYA YAW AWD WDI DIF IFQ FQY	0
315	QQY QYS YSS SSY SYS YSS SSL SLF LFT	ARE REY EYY YYR YRW RWY WYT YTA TAI AID IDY	0
867	QQY QYP YPY PYY YYS YSS SSL SLI LIT	ARG RGR GRW RWY WYR YRR RRA RAL ALD LDY	0
535	QQS QSY SYT YTT TTP TPP PPT	ART RTW TWL WLL LLR LRW RWV WVM VMD MDL	0
988	QSY SYD YDS DSS SSV SVV VVV	VRD RDD DDS DSY SYD YDG DGG GGG GGH GHY HYG YGL GLH LHN HNW NWF WFD FDS	1
1351	FST STD TDS DSS SSG SGQ GQT QTW TWV	ANA NAG AGG GGG GGK GKY KYD YDY DYL YLD LDV	0
1000	QQY QYG YGR GRS RSP SPY PYT	ARG RGT GTD TDY DYT YTI TID IDD DDQ DQG QGI GIR IRY RYQ YQG QGS GSG SGT GTF TFW FWY WYF YFD FDV	0
1340	QQY QYN YNH NHW HWL WLR LRT	AKD KDE DES ESP SPP PPI PIY IYN YNL NLM LMP MPG PGY GYY YYS YST STY TYY YYY YYM YMD MDV	1
872	NSY SYT YTT TTL TLS LST STW TWL	ARV RVS VSR SRG RGG GGS GSY SYS YSD	0
28849	MQG QGT GTV TVG VGF GFT	AND NDI DIA IAG AGW GWG WGY GYD YDG DGS GSN SNA	0
202254	QSS SSD SDR DRT RTL TLV LVG VGS GSL	ARD RDL DLV LVL VLG LGS GSG SGS GSS SSN SND	0
311	QQF QFY FYT YTT TTP TPS PST	ARG RGS GSG SGF GFR FRW RWV WVM VMD MDY	0
955	QQS QST STG TGH GHP HPQ PQT	ART RTY TYG YGI GIY IYD YDL DLY LYV YVD VDY DYT YTE TEY EYV YVM VMD MDY	0
