275	CAA AAL ALN LNT NTG TGN GNQ NQF QFY FYF	CAS ASS SSL SLA LAG AGN GNE NEQ EQY QYF	TTDPSFLGRY
197	CAA AAS ASG SGG GGF GFG FGN GNE NEK EKL KLT LTF	CAS ASS SSA SAG AGD GDY DYG YGY GYT YTF	TTDPSFLGRY
504	CVV VVN VND NDG DGN GNK NKL KLV LVF	CAS ASQ SQE QEL ELD LDT DTG TGE GEL ELF LFF	YLQPRTFLL
100	CAV AVR VRE RER ERG RGG GGY GYN YNK NKL KLI LIF	CAS ASS SSY SYT YTR TRL RLV LVQ VQN QNT NTG TGE GEL ELF LFF	LTDEMIAQY
10	CAG AGR GRS RSN SNA NAG AGK GKS KST STF	CAW AWS WSV SVG VGG GGS GSW SWV WVG VGE GEL ELF LFF	LTDEMIAQY
162	CAL ALG LGG GGS GSQ SQG QGN GNL NLI LIF	CAS ASS SSM SMR MRS RSG SGS GSD SDE DEQ EQY QYF	TTDPSFLGRY
289	CAG AGQ GQP QPA PAG AGT GTA TAL ALI LIF	CAS ASS SSF SFR FRT RTS TSG SGN GNE NEQ EQY QYF	TTDPSFLGRY
85	CVV VVT VTS TSR SRD RDH DHL HLR LRA RAN ANA NAG AGG GGT GTS TSY SYG YGK GKL KLT LTF	CSV SVG VGT GTG TGW GWP WPY PYE YEQ EQY QYF	LTDEMIAQY
291	CAM AMS MSP SPM PMG MGA GAG AGS GSY SYQ YQL QLT LTF	CAS ASA SAS ASE SEL ELA LAD ADT DTD TDT DTQ TQY QYF	TTDPSFLGRY
300	CAM AMR MRE REP EPR PRS RSN SND NDY DYK YKL KLS LSF	CAS ASS SSL SLT LTQ TQG QGF GFT FTE TEA EAF AFF	TTDPSFLGRY
101	CAA AAS ASN SNQ NQA QAG AGT GTA TAL ALI LIF	CAS ASI SIG IGM GMY MYR YRN RNE NEQ EQF QFF	LTDEMIAQY
484	CAV AVG VGL GLT LTW TWG WGK GKL KLQ LQF	CSA SAR ARD RDG DGG GGT GTD TDT DTQ TQY QYF	YLQPRTFLL
104	CAT ATP TPR PRS RSG SGG GGS GSY SYI YIP IPT PTF	CAI AIS ISE SEE EEH EHT HTG TGE GEY EYQ YQP QPQ PQH QHF	LTDEMIAQY
138	CAS ASP SPN PNY NYG YGN GNM NML MLT LTF	CAS ASK SKQ KQG QGW GWS WSN SNQ NQP QPQ PQH QHF	TTDPSFLGRY
476	CAV AVR VRD RDA DAS ASG SGA GAA AAG AGN GNK NKL KLT LTF	CAS ASS SSA SAP APD PDR DRG RGN GNT NTE TEA EAF AFF	YLQPRTFLL
438	CAV AVT VTP TPL PLY LYG YGG GGS GSQ SQG QGN GNL NLI LIF	CAS ASS SSL SLV LVG VGT GTS TSG SGR GRP RPA PAG AGD GDE DEQ EQF QFF	YLQPRTFLL
558	CAL ALG LGG GGS GSN SND NDY DYK YKL KLS LSF	CAS ASS SSL SLA LAG AGG GGF GFT FTG TGE GEL ELF LFF	YLQPRTFLL
190	CAE AEF EFT FTR TRQ RQA QAG AGT GTA TAL ALI LIF	CAS ASS SSL SLS LSA SAG AGL GLD LDE DEQ EQF QFF	TTDPSFLGRY
32	CAL ALR LRI RIY IYN YNQ NQG QGG GGK GKL KLI LIF	CAS ASS SSV SVG VGL GLA LAG AGV GVY VYS YSY SYN YNE NEQ EQF QFF	LTDEMIAQY
262	CAL ALD LDT DTG TGN GNQ NQF QFY FYF	CAS ASN SNP NPG PGH GHS HSN SNQ NQP QPQ PQH QHF	TTDPSFLGRY
452	CLV LVG VGD GDT DTY TYS YSG SGA GAG AGS GSY SYQ YQL QLT LTF	CAS ASS SSL SLL LLG LGE GEP EPG PGE GEA EAF AFF	YLQPRTFLL
90	CAM AMR MRE REG EGP GPG PGA GAG AGS GSY SYQ YQL QLT LTF	CAS ASR SRS RSG SGQ GQR QRN RNT NTE TEA EAF AFF	LTDEMIAQY
460	CVV VVN VNR NRR RRD RDD DDM DMR MRF	CAS AST STE TEG EGN GNT NTG TGE GEL ELF LFF	YLQPRTFLL
69	CAM AMR MRS RSN SNY NYQ YQL QLI LIW	CAS ASS SSE SEA EAQ AQG QGP GPQ PQH QHF	LTDEMIAQY
572	CVV VVN VNK NKE KED EDD DDM DMR MRF	CAT ATL TLT LTD TDA DAN ANT NTG TGE GEL ELF LFF	YLQPRTFLL
161	CAA AAS ASL SLS LSL SLN LNS NSG SGY GYA YAL ALN LNF	CAS ASS SSP SPG PGR GRM RMS MSS SSR SRY RYE YEQ EQY QYF	TTDPSFLGRY
187	CAM AMR MRA RAT ATG TGG GGF GFK FKT KTI TIF	CAS ASS SSL SLT LTQ TQG QGL GLN LNT NTE TEA EAF AFF	TTDPSFLGRY
366	CAT ATD TDG DGG GGY GYK YKL KLS LSF	CAS ASS SSF SFA FAG AGT GTA TAD ADY DYN YNS NSP SPL PLH LHF	TTDPSFLGRY
229	CAL ALK LKG KGM GMN MNR NRD RDD DDK DKI KII IIF	CAS ASS SSL SLG LGR GRG RGS GSN SNT NTQ TQY QYF	TTDPSFLGRY
560	CAG AGL GLN LND NDY DYK YKL KLS LSF	CAS AST STG TGA GAD ADT DTQ TQY QYF	YLQPRTFLL
506	CAL ALS LSG SGQ GQV QVQ VQD QDQ DQG QGG GGS GSE SEK EKL KLV LVF	CAS ASS SSH SHD HDI DIE IEA EAF AFF	YLQPRTFLL
439	CVV VVN VNI NID IDT DTD TDK DKL KLI LIF	CAS ASP SPD PDA DAN ANT NTG TGE GEL ELF LFF	YLQPRTFLL
198	CAV AVA VAP APS PSL SLG LGF GFG FGN GNV NVL VLH LHC	CAS AST STK TKG KGG GGT GTD TDT DTQ TQY QYF	TTDPSFLGRY
158	CAF AFS FSS SSG SGN GNT NTP TPL PLV LVF	CAS ASS SSQ SQE QED EDR DRW RWV WVI VIG IGE GEL ELF LFF	TTDPSFLGRY
2	CAV AVR VRT RTS TSG SGT GTY TYK YKY KYI YIF	CAS ASS SSE SEG EGI GIT ITS TSN SNQ NQP QPQ PQH QHF	LTDEMIAQY
312	CAV AVW VWD WDN DNQ NQG QGG GGK GKL KLI LIF	CSV SVE VES ESS SSG SGS GSY SYE YEQ EQY QYF	TTDPSFLGRY
56	CAG AGN GNA NAG AGN GNM NML MLT LTF	CAS AST STG TGP GPG PGG GGL GLA LAA AAG AGE GEQ EQY QYF	LTDEMIAQY
282	CAA AAT ATP TPG PGS GSN SNY NYK YKL KLT LTF	CAS ASS SSF SFT FTP TPG PGG GGQ GQE QET ETQ TQY QYF	TTDPSFLGRY
39	CAV AVG VGP GPS PSG SGG GGG GGA GAD ADG DGL GLT LTF	CAS ASS SSP SPV PVG VGW GWD WDT DTE TEA EAF AFF	LTDEMIAQY
433	CVV VVN VNR NRA RAD ADK DKL KLI LIF	CAS ASS SSP SPD PDI DIE IEQ EQY QYF	YLQPRTFLL
244	CLV LVG VGD GDT DTG TGT GTG TGG GGF GFK FKT KTI TIF	CAS AST STS TSG SGG GGT GTQ TQH QHF	TTDPSFLGRY
570	CVV VVN VNR NRD RDD DDK DKI KII IIF	CAS ASS SSE SES ESN SNS NSL SLE LEA EAF AFF	YLQPRTFLL
13	CAV AVN VNS NSG SGG GGS GSN SNY NYK YKL KLT LTF	CSV SVH VHQ HQG QGW GWP WPY PYE YEQ EQY QYF	LTDEMIAQY
79	CAV AVP VPS PSG SGY GYA YAL ALN LNF	CAT ATT TTE TEQ EQG QGS GSL SLI LIE IEQ EQY QYF	LTDEMIAQY
419	CAV AVN VNR NRD RDD DDK DKI KII IIF	CAS ASS SSL SLD LDI DIE IEA EAF AFF	YLQPRTFLL
325	CAV AVS VSL SLG LGN GNR NRL RLA LAF	CAS ASG SGI GIA IAG AGP GPT PTD TDT DTQ TQY QYF	TTDPSFLGRY
279	CAV AVR VRD RDR DRW RWD WDD DDY DYK YKL KLS LSF	CAC ACA CAG AGF GFL FLH LHH HHT HTG TGE GEL ELF LFF	TTDPSFLGRY
258	CAV AVR VRV RVP VPS PSG SGA GAG AGS GSY SYQ YQL QLT LTF	CAS ASR SRE RET ETG TGR GRA RAA AAG AGN GNT NTI TIY IYF	TTDPSFLGRY
331	CAV AVP VPF PFS FSG SGG GGY GYN YNK NKL KLI LIF	CAT ATS TSR SRA RAG AGQ GQG QGH GHE HEQ EQY QYF	TTDPSFLGRY
273	CAA AAS ASE SEG EGQ GQK QKL KLL LLF	CAS AST STL TLD LDI DIL ILG LGY GYT YTF	TTDPSFLGRY
397	CAV AVT VTN TNS NSN SNY NYQ YQL QLI LIW	CAS ASR SRL RLG LGT GTG TGE GEV EVG VGE GEL ELF LFF	YLQPRTFLL
316	CAL ALS LSE SEA EAS ASH SHL HLF LFQ FQG QGA GAQ AQK QKL KLV LVF	CAT ATT TTG TGG GGP GPE PEE EEK EKL KLF LFF	TTDPSFLGRY
486	CVV VVN VNM NME MED EDK DKL KLV LVF	CAS ASL SLR LRQ RQN QNS NSG SGE GEQ EQF QFF	YLQPRTFLL
557	CVV VVN VND NDG DGN GND NDM DMR MRF	CAS ASS SSD SDL DLD LDT DTG TGE GEL ELF LFF	YLQPRTFLL
132	CAA AAS ASA SAF AFI FIS ISN SNT NTG TGK GKL KLI LIF	CAS ASS SSD SDD DDG DGT GTG TGI GIE IET ETQ TQY QYF	TTDPSFLGRY
145	CAA AAG AGG GGS GSQ SQG QGN GNL NLI LIF	CAS ASS SSS SSR SRA RAG AGA GAT ATD TDT DTQ TQY QYF	TTDPSFLGRY
497	CVV VVN VNM NMP MPG PGA GAG AGS GSY SYQ YQL QLT LTF	CAS ASS SSP SPV PVA VAG AGG GGN GNT NTG TGE GEL ELF LFF	YLQPRTFLL
406	CGA GAE AET ETS TSG SGS GSR SRL RLT LTF	CAS ASS SSL SLA LAE AEG EGP GPR PRY RYG YGY GYT YTF	YLQPRTFLL
519	CAV AVP VPP PPG PGF GFQ FQK QKL KLV LVF	CAS ASS SSQ SQD QDG DGG GGG GGN GNT NTE TEA EAF AFF	YLQPRTFLL
25	CAA AAL ALG LGN GNQ NQF QFY FYF	CAS ASS SSL SLG LGA GAG AGT GTY TYE YEQ EQY QYF	LTDEMIAQY
559	CAV AVN VNT NTL TLM LMY MYS YSG SGG GGG GGA GAD ADG DGL GLT LTF	CAS ASS SSP SPD PDI DIE IEA EAF AFF	YLQPRTFLL
192	CAL ALG LGG GGS GSQ SQG QGN GNL NLI LIF	CAS ASS SSL SLR LRS RSG SGQ GQD QDE DEQ EQF QFF	TTDPSFLGRY
203	CAV AVR VRT RTS TSG SGT GTY TYK YKY KYI YIF	CAS ASS SSI SIP IPA PAS ASG SGT GTL TLE LEQ EQF QFF	TTDPSFLGRY
293	CAL ALG LGG GGS GSQ SQG QGN GNL NLI LIF	CAS ASS SSY SYR YRD RDG DGG GGD GDE DEQ EQY QYF	TTDPSFLGRY
234	CAA AAS ASV SVV VVS VSM SMD MDS DSS SSY SYK YKL KLI LIF	CAS ASS SSP SPN PNQ NQG QGL GLT LTQ TQY QYE YEQ EQY QYF	TTDPSFLGRY
114	CAM AMR MRS RSN SNY NYQ YQL QLI LIW	CAT ATQ TQR QRN RNQ NQE QET ETQ TQY QYF	LTDEMIAQY
310	CLV LVG VGD GDI DIP IPP PPM PMK MKL KLI LIF	CAS ASS SSP SPG PGT GTS TSN SNT NTG TGE GEL ELF LFF	TTDPSFLGRY
529	CAE AEK EKR KRS RSS SSG SGD GDK DKL KLT LTF	CAS ASS SSL SLD LDI DIK IKA KAF AFF	YLQPRTFLL
498	CAA AAS ASG SGL GLK LKM KMD MDS DSS SSY SYK YKL KLI LIF	CAS ASS SSS SST STP TPN PNR NRG RGL GLA LAV AVG VGQ GQY QYF	YLQPRTFLL
189	CAV AVD VDQ DQT QTG TGA GAN ANN NNL NLF LFF	CAS ASS SSL SLT LTG TGT GTS TSN SNQ NQP QPQ PQH QHF	TTDPSFLGRY
66	CAL ALR LRS RSN SNY NYQ YQL QLI LIW	CAW AWG WGL GLA LAG AGG GGP GPI PIE IEQ EQF QFF	LTDEMIAQY
201	CAL ALM LMG MGS GSQ SQG QGN GNL NLI LIF	CAS ASS SSL SLD LDS DSP SPY PYE YEQ EQY QYF	TTDPSFLGRY
270	CAL ALN LNN NNA NAG AGN GNM NML MLT LTF	CAS ASE SEE EEG EGY GYS YSN SNQ NQP QPQ PQH QHF	TTDPSFLGRY
153	CAV AVP VPA PAF AFG FGN GNE NEK EKL KLT LTF	CAS ASS SSP SPT PTS TSG SGS GST STD TDT DTQ TQY QYF	TTDPSFLGRY
422	CAA AAS ASK SKG KGT GTG TGF GFQ FQK QKL KLV LVF	CAS ASS SSH SHP HPS PSE SEG EGS GSR SRK RKK KKY KYE YEQ EQY QYF	YLQPRTFLL
556	CAL ALI LID IDP DPY PYN YNA NAG AGN GNM NML MLT LTF	CAS ASS SSL SLG LGG GGG GGK GKI KIS ISY SYN YNE NEQ EQF QFF	YLQPRTFLL
49	CAF AFM FMK MKL KLY LYN YNF NFN FNK NKF KFY FYF	CAS ASS SSG SGP GPL PLA LAG AGR GRR RRT RTD TDT DTQ TQY QYF	LTDEMIAQY
546	CAV AVS VSG SGG GGG GGA GAD ADG DGL GLT LTF	CAS ASS SSV SVG VGA GAG AGS GSN SNQ NQP QPQ PQH QHF	YLQPRTFLL
516	CAF AFM FMK MKH KHY HYQ YQN QNS NSG SGG GGS GSN SNY NYK YKL KLT LTF	CAS ASS SSQ SQD QDN DNY NYG YGG GGS GSP SPL PLH LHF	YLQPRTFLL
280	CAM AMS MSL SLG LGS GSF SFG FGN GNV NVL VLH LHC	CAS ASN SNP NPG PGG GGV GVE VET ETQ TQY QYF	TTDPSFLGRY
271	CAE AEV EVN VNG NGG GGS GSQ SQG QGN GNL NLI LIF	CAS ASS SSP SPK PKT KTG TGR GRH RHQ HQE QET ETQ TQY QYF	TTDPSFLGRY
242	CAV AVL VLG LGG GGG GGG GGA GAD ADG DGL GLT LTF	CAS ASS SSV SVY VYE YEL ELS LSL SLP LPG PGA GAA AAQ AQY QYF	TTDPSFLGRY
358	CAL ALS LST STS TSQ SQG QGN GNL NLI LIF	CAS ASA SAA AAR ARQ RQG QGS GSD SDE DEQ EQY QYF	TTDPSFLGRY
540	CAA AAS ASV SVG VGS GSN SNN NNN NND NDM DMR MRF	CAS ASS SSP SPT PTG TGE GEP EPN PNY NYG YGY GYT YTF	YLQPRTFLL
330	CAA AAS ASV SVG VGV GVN VNF NFN FNK NKF KFY FYF	CAS ASR SRY RYP YPS PSG SGG GGY GYT YTF	TTDPSFLGRY
152	CAL ALS LSP SPW PWV WVG VGS GSQ SQG QGN GNL NLI LIF	CAS ASS SSL SLY LYI YIS ISV SVG VGS GSN SNT NTE TEA EAF AFF	TTDPSFLGRY
409	CAL ALR LRP RPS PSE SET ETS TSG SGS GSR SRL RLT LTF	CAS ASS SSL SLG LGA GAS ASS SSY SYN YNE NEQ EQF QFF	YLQPRTFLL
537	CVV VVS VSD SDT DTN TNN NNA NAG AGN GNM NML MLT LTF	CAS ASK SKE KER ERG RGY GYY YYN YNE NEQ EQF QFF	YLQPRTFLL
360	CAL ALS LSE SEA EAQ AQY QYN YNN NND NDM DMR MRF	CAS ASR SRP RPA PAP APG PGT GTV TVT VTY TYG YGY GYT YTF	TTDPSFLGRY
60	CAV AVR VRV RVD VDS DSN SNY NYQ YQL QLI LIW	CAS ASS SSF SFT FTG TGR GRR RRE RET ETQ TQY QYF	LTDEMIAQY
315	CAL ALS LSD SDY DYS YSS SSG SGG GGS GSY SYI YIP IPT PTF	CAS ASS SST STA TAR ARL RLG LGD GDT DTG TGE GEL ELF LFF	TTDPSFLGRY
474	CAM AMK MKG KGN GNT NTG TGG GGF GFK FKT KTI TIF	CAS ASS SSS SSA SAA AAL ALL LLS LSY SYE YEQ EQY QYF	YLQPRTFLL
319	CAL ALG LGG GGT GTS TSY SYG YGK GKL KLT LTF	CAS ASS SSI SIE IEW EWS WSG SGG GGQ GQE QET ETQ TQY QYF	TTDPSFLGRY
502	CAA AAI AIG IGA GAD ADG DGL GLT LTF	CAI AIS ISE SES ESV SVR VRN RNS NSN SNQ NQP QPQ PQH QHF	YLQPRTFLL
142	CAM AME MET ETG TGN GNQ NQF QFY FYF	CAS ASD SDS DSG SGY GYT YTE TEA EAF AFF	TTDPSFLGRY
246	CAA AAN ANS NSG SGG GGY GYQ YQK QKV KVT VTF	CAT ATG TGQ GQS QSN SNT NTG TGE GEL ELF LFF	TTDPSFLGRY
133	CAL ALV LVP VPN PNA NAR ARL RLM LMF	CAS AST STD TDR DRW RWA WAG AGD GDT DTQ TQY QYF	TTDPSFLGRY
373	CAV AVS VSG SGY GYG YGN GNK NKL KLV LVF	CAS ASS SSS SSS SSG SGP GPV PVN VNE NEQ EQF QFF	TTDPSFLGRY
115	CIV IVR VRA RAP APL PLS LSG SGG GGS GSN SNY NYK YKL KLT LTF	CAS ASS SSL SLS LST STS TSG SGR GRT RTL TLD LDT DTE TEA EAF AFF	LTDEMIAQY
402	CAY AYR YRS RSP SPY PYY YYS YSG SGG GGG GGA GAD ADG DGL GLT LTF	CAS ASS SSF SFG FGD GDR DRG RGR GRE REK EKL KLF LFF	YLQPRTFLL
228	CVV VVF VFP FPG PGS GSA SAR ARQ RQL QLT LTF	CSA SAR ARD RDP DPR PRT RTG TGS GSS SSY SYE YEQ EQY QYF	TTDPSFLGRY
528	CAA AAS ASN SNS NSQ SQE QET ETS TSG SGS GSR SRL RLT LTF	CAS AST STN TNW NWG WGL GLR LRQ RQP QPQ PQH QHF	YLQPRTFLL
11	CAM AMS MSG SGR GRA RAG AGG GGT GTS TSY SYG YGK GKL KLT LTF	CAS ASS SSL SLV LVE VET ETN TNY NYG YGY GYT YTF	LTDEMIAQY
334	CIL ILR LRG RGG GGG GGG GGT GTS TSY SYG YGK GKL KLT LTF	CAS ASS SSD SDQ DQG QGA GAN ANY NYE YEQ EQY QYF	TTDPSFLGRY
523	CVV VVN VNN NNN NNN NND NDM DMR MRF	CAG AGQ GQG QGM GMN MNT NTG TGE GEL ELF LFF	YLQPRTFLL
176	CAF AFM FMK MKP KPP PPY PYG YGN GNY NYQ YQL QLI LIW	CAT ATS TSD SDL DLG LGP GPT PTG TGE GEL ELF LFF	TTDPSFLGRY
91	CAV AVS VSP SPS PSE SEG EGT GTY TYK YKY KYI YIF	CAS ASS SSL SLD LDD DDG DGD GDR DRW RWG WGY GYT YTF	LTDEMIAQY
391	CVV VVN VNR NRN RNN NND NDM DMR MRF	CAS ASM SMD MDE DEN ENT NTG TGE GEL ELF LFF	YLQPRTFLL
449	CAV AVR VRD RDL DLN LNM NMD MDT DTG TGR GRR RRA RAL ALT LTF	CAS ASS SSL SLG LGG GGE GEG EGK GKT KTQ TQY QYF	YLQPRTFLL
134	CAV AVL VLG LGV GVY VYN YNQ NQG QGG GGK GKL KLI LIF	CAS ASS SSF SFP FPL PLG LGG GGY GYG YGY GYT YTF	TTDPSFLGRY
320	CAA AAI AIL ILG LGF GFG FGN GNE NEK EKL KLT LTF	CAS ASS SSA SAG AGT GTG TGG GGY GYT YTF	TTDPSFLGRY
143	CAL ALS LSE SEG EGR GRA RAY AYG YGG GGS GSQ SQG QGN GNL NLI LIF	CAS ASS SSA SAS ASN SNG NGG GGG GGE GET ETQ TQY QYF	TTDPSFLGRY
394	CVV VVN VNR NRY RYD YDG DGL GLT LTF	CSA SAG AGE GER ERN RNT NTG TGE GEL ELF LFF	YLQPRTFLL
140	CAM AMR MRD RDW DWA WAL ALT LTG TGG GGG GGN GNK NKL KLT LTF	CAS ASS SSG SGD GDR DRE REQ EQF QFF	TTDPSFLGRY
587	CVV VVN VNN NNP NPD PDS DSG SGY GYA YAL ALN LNF	CAS ASS SSP SPL PLG LGG GGG GGN GNT NTG TGE GEL ELF LFF	YLQPRTFLL
416	CVV VVN VNK NKG KGD GDK DKI KII IIF	CAS ASS SSP SPD PDI DIE IEA EAF AFF	YLQPRTFLL
256	CAV AVG VGS GSM SMG MGG GGG GGY GYQ YQK QKV KVT VTF	CAS ASS SSQ SQY QYR YRE RET ETS TSD SDT DTQ TQY QYF	TTDPSFLGRY
23	CAV AVD VDL DLS LSG SGS GSA SAR ARQ RQL QLT LTF	CSA SAR ARG RGD GDR DRG RGE GEG EGY GYE YEQ EQY QYF	LTDEMIAQY
298	CAA AAV AVG VGP GPT PTG TGT GTA TAS ASK SKL KLT LTF	CAS ASS SSW SWT WTS TSG SGS GSY SYE YEQ EQY QYF	TTDPSFLGRY
220	CAA AAS ASQ SQD QDS DSW SWG WGK GKL KLQ LQF	CAS ASS SSL SLA LAS ASG SGQ GQG QGP GPY PYE YEQ EQY QYF	TTDPSFLGRY
281	CVV VVN VNA NAP APS PSG SGG GGY GYN YNK NKL KLI LIF	CAS ASS SSQ SQE QED EDA DAG AGF GFS FSY SYN YNE NEQ EQF QFF	TTDPSFLGRY
111	CAG AGG GGH GHT HTP TPL PLV LVF	CAS ASS SSL SLT LTD TDL DLY LYG YGY GYT YTF	LTDEMIAQY
163	CAE AES ESL SLG LGG GGY GYS YST STL TLT LTF	CAS AST STD TDS DSD SDT DTQ TQY QYF	TTDPSFLGRY
571	CVN VNM NMD MDS DSN SNY NYQ YQL QLI LIW	CSA SAR ARG RGS GSS SSQ SQW QWE WET ETQ TQY QYF	YLQPRTFLL
475	CGG GGN GNR NRD RDD DDK DKI KII IIF	CAS ASS SSP SPD PDI DIE IEQ EQY QYF	YLQPRTFLL
241	CAV AVR VRD RDR DRM RMN MNR NRD RDD DDK DKI KII IIF	CAS ASS SSL SLT LTD TDS DST STD TDT DTQ TQY QYF	TTDPSFLGRY
24	CAL ALS LSA SAL ALN LNT NTG TGG GGF GFK FKT KTI TIF	CAS ASH SHP HPG PGT GTG TGT GTS TSS SSY SYN YNS NSP SPL PLH LHF	LTDEMIAQY
468	CAG AGL GLN LNY NYG YGG GGS GSQ SQG QGN GNL NLI LIF	CAS ASS SSL SLS LSL SLS LSQ SQG QGS GSF SFG FGY GYT YTF	YLQPRTFLL
480	CAF AFF FFP FPR PRS RSS SST STL TLG LGR GRL RLY LYF	CAT ATL TLG LGT GTS TSG SGH GHN HNE NEQ EQF QFF	YLQPRTFLL
131	CAV AVR VRG RGG GGS GSG SGT GTY TYK YKY KYI YIF	CAS ASS SSM SMP MPN PNA NAN ANT NTG TGE GEL ELF LFF	LTDEMIAQY
321	CAL ALR LRT RTG TGN GNQ NQF QFY FYF	CAS ASL SLG LGL GLA LAG AGE GEL ELF LFF	TTDPSFLGRY
445	CVV VVN VND NDL DLD LDK DKL KLI LIF	CAS ASS SSP SPE PED EDT DTQ TQY QYF	YLQPRTFLL
355	CVV VVG VGT GTG TGF GFQ FQK QKL KLV LVF	CAS ASS SSF SFV FVS VSE SEE EEH EHN HNG NGY GYT YTF	TTDPSFLGRY
324	CAL ALS LSG SGT GTG TGN GNQ NQF QFY FYF	CAS ASS SSL SLS LSG SGP GPL PLE LET ETQ TQY QYF	TTDPSFLGRY
489	CAV AVG VGD GDN DNF NFN FNK NKF KFY FYF	CAS ASS SSR SRT RTS TSA SAK AKL KLG LGE GEQ EQY QYF	YLQPRTFLL
531	CAT ATR TRN RNT NTD TDK DKL KLI LIF	CAS ASS SSF SFG FGR GRG RGG GGS GSQ SQP QPQ PQH QHF	YLQPRTFLL
225	CAM AMS MSA SAI AIE IET ETS TSG SGS GSR SRL RLT LTF	CAS ASS SSV SVA VAY AYE YEQ EQY QYF	TTDPSFLGRY
249	CAE AEW EWT WTG TGG GGY GYQ YQK QKV KVT VTF	CAS ASG SGF GFD FDA DAG AGQ GQG QGS GSY SYE YEQ EQY QYF	TTDPSFLGRY
314	CAP APS PSK SKG KGG GGY GYN YNK NKL KLI LIF	CAI AIY IYG YGG GGP GPD PDG DGA GAN ANT NTG TGE GEL ELF LFF	TTDPSFLGRY
509	CAV AVK VKD KDT DTD TDK DKL KLI LIF	CAS ASS SSL SLA LAG AGS GSS SSY SYN YNS NSP SPL PLH LHF	YLQPRTFLL
105	CAT ATD TDR DRA RAQ AQK QKL KLV LVF	CAS ASS SSY SYW YWG WGG GGT GTD TDT DTQ TQY QYF	LTDEMIAQY
180	CAL ALR LRG RGS GSG SGA GAG AGS GSY SYQ YQL QLT LTF	CAS ASS SSY SYG YGQ GQG QGI GIT ITF TFF	TTDPSFLGRY
462	CAA AAI AIN IND NDY DYK YKL KLS LSF	CAS ASS SSG SGS GSP SPG PGT GTG TGD GDY DYG YGY GYT YTF	YLQPRTFLL
585	CAV AVR VRV RVS VSG SGG GGY GYN YNK NKL KLI LIF	CAI AIS ISG SGD GDP DPT PTG TGV GVN VNN NNE NEQ EQF QFF	YLQPRTFLL
245	CAG AGE GEE EET ETS TSG SGS GSR SRL RLT LTF	CAS ASS SSS SSD SDP DPT PTA TAG AGY GYT YTF	TTDPSFLGRY
581	CAV AVR VRP RPF PFL FLL LLS LSG SGG GGY GYN YNK NKL KLI LIF	CAS ASS SSL SLA LAS AST STD TDT DTQ TQY QYF	YLQPRTFLL
37	CAS ASD SDN DNA NAG AGN GNN NNR NRK RKL KLI LIW	CAT ATR TRG RGE GEG EGA GAQ AQY QYS YSP SPL PLH LHF	LTDEMIAQY
548	CVV VVN VNN NNA NAD ADK DKL KLI LIF	CSA SAR ARD RDS DSM SMA MAQ AQN QNT NTG TGE GEL ELF LFF	YLQPRTFLL
172	CAL ALS LSG SGY GYT YTG TGG GGG GGN GNK NKL KLT LTF	CAS ASS SSP SPR PRD RDH DHQ HQE QET ETQ TQY QYF	TTDPSFLGRY
323	CAA AAA AAT ATD TDS DSW SWG WGK GKL KLQ LQF	CAS ASS SSL SLE LEQ EQG QGL GLP LPH PHA HAQ AQY QYF	TTDPSFLGRY
202	CAG AGG GGA GAD ADK DKL KLI LIF	CAS ASS SSL SLR LRQ RQG QGA GAD ADT DTQ TQY QYF	TTDPSFLGRY
194	CAT ATG TGG GGD GDS DSG SGA GAG AGS GSY SYQ YQL QLT LTF	CAS ASS SSY SYS YST STT TTG TGR GRY RYE YEQ EQF QFF	TTDPSFLGRY
322	CAL ALT LTG TGS GSQ SQG QGN GNL NLI LIF	CAS ASS SSL SLR LRD RDG DGG GGD GDT DTQ TQY QYF	TTDPSFLGRY
224	CAF AFI FIR IRD RDY DYK YKL KLS LSF	CAS ASS SSL SLG LGL GLN LNE NEQ EQF QFF	TTDPSFLGRY
75	CAA AAR ARP RPG PGA GAD ADK DKL KLI LIF	CAS AST STT TTE TEE EEN ENR NRP RPY PYE YEQ EQY QYF	LTDEMIAQY
207	CAL ALS LSE SES ESM SME MEY EYG YGN GNK NKL KLV LVF	CAS AST STR TRG RGA GAE AEG EGG GGS GSY SYN YNS NSP SPL PLH LHF	TTDPSFLGRY
517	CVV VVN VNE NEY EYD YDD DDM DMR MRF	CSA SAR ARD RDA DAA AAG AGQ GQN QNT NTG TGE GEL ELF LFF	YLQPRTFLL
458	CAV AVN VNG NGL GLS LSG SGG GGG GGA GAD ADG DGL GLT LTF	CAS ASS SSP SPD PDI DIE IEA EAF AFF	YLQPRTFLL
383	CAV AVW VWD WDN DNQ NQG QGG GGK GKL KLI LIF	CSV SVE VED EDR DRN RNS NSY SYE YEQ EQY QYF	TTDPSFLGRY
231	CAA AAS ASD SDG DGN GNT NTG TGK GKL KLI LIF	CAS ASW SWT WTD TDD DDN DNQ NQP QPQ PQH QHF	TTDPSFLGRY
219	CAV AVP VPG PGF GFG FGN GNE NEK EKL KLT LTF	CAS ASS SSQ SQT QTG TGT GTL TLY LYN YNE NEQ EQF QFF	TTDPSFLGRY
386	CAV AVR VRG RGT GTG TGR GRR RRA RAL ALT LTF	CSA SAG AGG GGT GTG TGI GIY IYG YGS GSY SYE YEQ EQY QYF	YLQPRTFLL
353	CAA AAS ASV SVI VIW IWG WGS GSS SSA SAS ASK SKI KII IIF	CAS ASS SSY SYS YSS SSR SRR RRV RVY VYT YTG TGE GEL ELF LFF	TTDPSFLGRY
116	CAV AVR VRY RYR YRG RGS GST STL TLG LGR GRL RLY LYF	CAS ASS SSR SRG RGT GTS TSG SGR GRG RGI GIN INE NEQ EQF QFF	LTDEMIAQY
428	CAV AVN VNS NSA SAD ADK DKL KLI LIF	CAS ASS SSR SRD RDI DIE IEA EAF AFF	YLQPRTFLL
184	CAV AVS VSE SEI EIA IAA AAG AGN GNK NKL KLT LTF	CAT ATS TSA SAA AAS ASG SGR GRA RAY AYN YNE NEQ EQF QFF	TTDPSFLGRY
538	CAV AVE VEV EVY VYS YSG SGG GGG GGA GAD ADG DGL GLT LTF	CAW AWS WSG SGF GFA FAN ANT NTG TGE GEL ELF LFF	YLQPRTFLL
269	CAL ALS LSG SGT GTG TGN GNQ NQF QFY FYF	CAS ASG SGQ GQG QGF GFY FYE YEQ EQY QYF	TTDPSFLGRY
212	CAM AMR MRG RGR GRK RKY KYN YNF NFN FNK NKF KFY FYF	CSG SGG GGT GTG TGG GGF GFY FYN YNE NEQ EQF QFF	TTDPSFLGRY
404	CAV AVS VSR SRS RSR SRG RGG GGF GFG FGN GNV NVL VLH LHC	CSA SAR ARD RDP DPW PWQ WQV QVN VNT NTG TGE GEL ELF LFF	YLQPRTFLL
550	CAA AAR ARE REG EGT GTG TGN GNQ NQF QFY FYF	CAS ASS SSL SLG LGP GPE PEA EAF AFF	YLQPRTFLL
359	CAL ALS LSE SEA EAL ALG LGA GAA AAG AGN GNK NKL KLT LTF	CAS ASS SSW SWT WTE TEG EGA GAY AYE YEQ EQY QYF	TTDPSFLGRY
430	CAA AAS ASI SIK IKA KAG AGS GSA SAR ARQ RQL QLT LTF	CAS ASS SSL SLD LDI DIE IEQ EQY QYF	YLQPRTFLL
456	CVV VVN VNW NWQ WQY QYG YGN GNK NKL KLV LVF	CAG AGQ GQD QDS DSN SNT NTG TGE GEL ELF LFF	YLQPRTFLL
113	CAV AVR VRD RDI DIS ISD SDG DGQ GQK QKL KLL LLF	CAS ASS SSP SPL PLS LSY SYE YEQ EQY QYF	LTDEMIAQY
454	CVV VVN VNN NNN NNN NND NDM DMR MRF	CAT ATQ TQD QDT DTN TNT NTG TGE GEL ELF LFF	YLQPRTFLL
77	CAC ACN CNT NTG TGN GNQ NQF QFY FYF	CAS ASS SSL SLA LAS ASN SNQ NQP QPQ PQH QHF	LTDEMIAQY
89	CAV AVD VDF DFS FSG SGT GTY TYK YKY KYI YIF	CAS ASS SSQ SQD QDG DGQ GQG QGA GAM AMY MYE YEQ EQY QYF	LTDEMIAQY
408	CAM AMW MWG WGS GSR SRN RNA NAG AGN GNN NNR NRK RKL KLI LIW	CAS ASS SSH SHG HGG GGP GPG PGG GGL GLN LNE NEQ EQF QFF	YLQPRTFLL
490	CAM AMN MNR NRD RDD DDK DKI KII IIF	CAS ASS SSR SRL RLA LAD ADG DGR GRN RNE NEQ EQF QFF	YLQPRTFLL
534	CLV LVG VGE GEN ENF NFN FNK NKF KFY FYF	CAS ASS SSL SLG LGQ GQS QSL SLE LEQ EQY QYF	YLQPRTFLL
215	CAV AVH VHS HSG SGY GYS YST STL TLT LTF	CAS ASS SSE SED EDH DHR HRV RVT VTG TGN GNT NTI TIY IYF	TTDPSFLGRY
385	CAL ALS LSE SEA EAD ADR DRD RDD DDK DKI KII IIF	CAS AST STW TWG WGT GTD TDY DYN YNE NEQ EQF QFF	TTDPSFLGRY
19	CAA AAE AEA EAA AAG AGN GNK NKL KLT LTF	CAS ASN SNF NFG FGL GLP LPF PFG FGN GNE NEQ EQF QFF	LTDEMIAQY
150	CVG VGT GTP TPD PDY DYQ YQL QLI LIW	CAS ASR SRL RLQ LQG QGA GAG AGT GTE TEA EAF AFF	TTDPSFLGRY
160	CRG RGN GNK NKL KLV LVF	CAS ASS SSP SPT PTH THS HST STD TDT DTQ TQY QYF	TTDPSFLGRY
551	CAL ALS LSE SEG EGT GTY TYN YNN NNN NND NDM DMR MRF	CAI AIR IRS RSG SGN GNT NTY TYS YSY SYE YEQ EQY QYF	YLQPRTFLL
156	CAV AVG VGL GLN LNT NTG TGT GTA TAS ASK SKL KLT LTF	CAS ASS SSW SWT WTS TSG SGS GSH SHE HEQ EQY QYF	TTDPSFLGRY
146	CAM AMR MRG RGY GYG YGG GGS GSQ SQG QGN GNL NLI LIF	CAS ASS SSQ SQE QEW EWR WRE REF EFL FLR LRE REQ EQF QFF	TTDPSFLGRY
521	CAG AGV GVT VTG TGG GGG GGN GNK NKL KLT LTF	CAS ASS SSA SAG AGT GTG TGF GFY FYG YGY GYT YTF	YLQPRTFLL
4	CAR ARQ RQA QAG AGN GNM NML MLT LTF	CAS ASQ SQG QGG GGA GAG AGY GYL YLY LYG YGY GYT YTF	LTDEMIAQY
253	CAL ALS LSD SDY DYN YNQ NQG QGG GGK GKL KLI LIF	CAS ASS SSG SGE GEG EGG GGP GPW PWG WGS GSL SLQ LQF QFF	TTDPSFLGRY
327	CAA AAL ALM LMG MGN GNQ NQF QFY FYF	CAS ASS SSL SLM LML MLG LGE GEE EET ETQ TQY QYF	TTDPSFLGRY
337	CAV AVA VAG AGR GRN RNT NTG TGR GRR RRA RAL ALT LTF	CAS ASS SSQ SQD QDG DGI GIA IAG AGY GYN YNE NEQ EQF QFF	TTDPSFLGRY
103	CAH AHA HAG AGG GGT GTS TSY SYG YGK GKL KLT LTF	CAS ASR SRS RSG SGT GTG TGT GTY TYE YEQ EQY QYF	LTDEMIAQY
7	CAL ALR LRI RIY IYN YNQ NQG QGG GGK GKL KLI LIF	CAS ASS SSL SLG LGL GLA LAG AGG GGA GAS ASY SYN YNE NEQ EQF QFF	LTDEMIAQY
286	CAL ALG LGG GGS GSQ SQG QGN GNL NLI LIF	CAS ASS SSF SFR FRD RDG DGG GGD GDT DTQ TQY QYF	TTDPSFLGRY
541	CAV AVR VRD RDR DRG RGS GSQ SQG QGN GNL NLI LIF	CAS ASS SSP SPD PDR DRG RGG GGG GGY GYT YTF	YLQPRTFLL
16	CAV AVN VND NDA DAG AGG GGT GTS TSY SYG YGK GKL KLT LTF	CAS ASS SSL SLG LGG GGP GPG PGT GTG TGY GYE YEQ EQY QYF	LTDEMIAQY
122	CAV AVQ VQG QGG GGA GAL ALI LIG IGG GGA GAT ATN TNK NKL KLI LIF	CAS ASS SSL SLG LGG GGN GNQ NQP QPQ PQH QHF	LTDEMIAQY
584	CVV VVN VNK NKM KMD MDD DDM DMR MRF	CSA SAR ART RTD TDH DHN HNT NTG TGE GEL ELF LFF	YLQPRTFLL
455	CVV VVN VNS NSF SFD FDK DKL KLI LIF	CAS ASS SSL SLE LEI EIE IEQ EQY QYF	YLQPRTFLL
520	CAL ALS LSG SGL GLI LIQ IQG QGG GGS GSE SEK EKL KLV LVF	CAS ASS SSL SLG LGI GIA IAK AKN KNI NIQ IQY QYF	YLQPRTFLL
45	CAV AVR VRG RGS GSP SPG PGT GTY TYK YKY KYI YIF	CAS ASL SLN LNR NRA RAA AAN ANT NTG TGE GEL ELF LFF	LTDEMIAQY
214	CAA AAS ASE SEG EGN GNQ NQF QFY FYF	CAS ASS SSQ SQE QEG EGQ GQQ QQW QWG WGR GRD RDG DGY GYT YTF	TTDPSFLGRY
117	CAM AMR MRE REA EAD ADS DSS SSG SGS GSA SAR ARQ RQL QLT LTF	CAS ASS SSP SPQ PQV QVG VGV GVA VAN ANE NEK EKL KLF LFF	LTDEMIAQY
95	CAT ATM TMG MGF GFG FGN GNV NVL VLH LHC	CAS ASS SSY SYS YSR SRA RAS ASG SGD GDD DDN DNE NEQ EQF QFF	LTDEMIAQY
135	CAP APA PAV AVY VYN YNF NFN FNK NKF KFY FYF	CAS ASS SSL SLD LDN DNS NSP SPL PLH LHF	TTDPSFLGRY
407	CAF AFG FGD GDT DTG TGR GRR RRA RAL ALT LTF	CAS ASS SSI SIS ISG SGF GFD FDG DGY GYT YTF	YLQPRTFLL
211	CAA AAR ARR RRW RWA WAI AIG IGA GAG AGK GKS KST STF	CAS ASS SSD SDR DRA RAG AGT GTD TDT DTQ TQY QYF	TTDPSFLGRY
431	CVV VVN VNR NRD RDN DND NDM DMR MRF	CAS ASQ SQI QIL ILN LNT NTG TGE GEL ELF LFF	YLQPRTFLL
164	CAV AVR VRS RSN SNF NFG FGN GNE NEK EKL KLT LTF	CAS ASS SSL SLI LIL ILA LAG AGL GLN LNQ NQP QPQ PQH QHF	TTDPSFLGRY
12	CAL ALS LSD SDP DPR PRG RGG GGS GSE SEK EKL KLV LVF	CAS ASS SSQ SQD QDV DVG VGQ GQG QGV GVL VLY LYG YGY GYT YTF	LTDEMIAQY
376	CAM AMS MSE SET ETS TSG SGY GYA YAL ALN LNF	CAS ASS SSW SWT WTQ TQG QGA GAY AYE YEQ EQY QYF	TTDPSFLGRY
243	CAA AAS ASI SIG IGY GYS YST STL TLT LTF	CSV SVR VRL RLA LAG AGG GGS GSG SGE GET ETQ TQY QYF	TTDPSFLGRY
545	CAQ AQD QDG DGQ GQN QNF NFV FVF	CAS ASS SSP SPS PSP SPK PKR KRG RGA GAY AYE YEQ EQY QYF	YLQPRTFLL
67	CAV AVG VGA GAY AYN YNQ NQG QGG GGK GKL KLI LIF	CAS ASS SSL SLP LPG PGA GAR ARS RSG SGA GAN ANV NVL VLT LTF	LTDEMIAQY
311	CGA GAN ANG NGA GAN ANN NNL NLF LFF	CAS ASS SSS SST STS TSG SGV GVT VTD TDT DTQ TQY QYF	TTDPSFLGRY
375	CAM AMR MRE REW EWN WND NDK DKI KII IIF	CAS ASS SSL SLS LSG SGS GSP SPS PSP SPL PLH LHF	TTDPSFLGRY
251	CAM AMS MSA SAP APE PEY EYS YSS SSA SAS ASK SKI KII IIF	CAS ASS SSW SWT WTS TSG SGS GSY SYE YEQ EQY QYF	TTDPSFLGRY
396	CAV AVS VSE SEP EPS PSA SAG AGK GKS KST STF	CAS ASS SSQ SQG QGP GPN PNG NGY GYT YTF	YLQPRTFLL
239	CAG AGQ GQS QSN SNQ NQF QFY FYF	CAS ASS SSF SFG FGD GDQ DQP QPQ PQH QHF	TTDPSFLGRY
57	CAM AMR MRG RGS GSE SEN ENT NTG TGT GTA TAS ASK SKL KLT LTF	CAS ASS SSV SVV VVL VLT LTS TSG SGP GPT PTD TDT DTQ TQY QYF	LTDEMIAQY
573	CAV AVN VNA NAL ALD LDD DDY DYK YKL KLS LSF	CAI AIS ISE SES ESQ SQE QEF EFY FYG YGY GYT YTF	YLQPRTFLL
248	CAM AMR MRD RDW DWE WEL ELT LTG TGG GGG GGN GNK NKL KLT LTF	CAS ASG SGD GDS DSP SPL PLH LHF	TTDPSFLGRY
493	CAL ALS LSE SED EDY DYD YDY DYK YKL KLS LSF	CAS ASR SRH RHF HFR FRE REV EVN VNT NTE TEA EAF AFF	YLQPRTFLL
238	CAE AEN ENS NSG SGG GGA GAT ATN TNK NKL KLI LIF	CAS ASS SSL SLS LSG SGY GYN YNE NEQ EQF QFF	TTDPSFLGRY
411	CAV AVN VNG NGL GLG LGM GMG MGG GGG GGA GAD ADG DGL GLT LTF	CAS ASS SSP SPD PDI DIE IEA EAF AFF	YLQPRTFLL
335	CAR ARG RGG GGA GAT ATN TNK NKL KLI LIF	CSA SAR ARI RIL ILA LAG AGD GDT DTG TGE GEL ELF LFF	TTDPSFLGRY
485	CVV VVG VGT GTG TGG GGG GGN GNK NKL KLT LTF	CSA SAN ANR NRA RAG AGK GKN KNI NIQ IQY QYF	YLQPRTFLL
533	CAV AVK VKD KDK DKL KLI LIF	CAS ASS SSL SLT LTS TSG SGS GSE SEQ EQF QFF	YLQPRTFLL
295	CAM AMR MRE REP EPW PWL WLL LLT LTG TGG GGG GGN GNK NKL KLT LTF	CAS ASS SSL SLA LAG AGA GAS ASS SSY SYN YNE NEQ EQF QFF	TTDPSFLGRY
510	CAA AAM AMN MNY NYG YGG GGS GSQ SQG QGN GNL NLI LIF	CAS ASS SSY SYR YRG RGT GTG TGL GLN LNE NEQ EQF QFF	YLQPRTFLL
363	CAL ALD LDV DVI VIT ITG TGG GGG GGN GNK NKL KLT LTF	CAS ASS SSL SLR LRV RVA VAG AGE GEQ EQF QFF	TTDPSFLGRY
530	CVV VVN VNK NKE KEN ENN NNL NLF LFF	CAW AWG WGS GSM SMN MNT NTG TGE GEL ELF LFF	YLQPRTFLL
467	CAA AAS ASY SYD YDS DSG SGA GAG AGS GSY SYQ YQL QLT LTF	CAS ASS SSD SDL DLK LKG KGS GST STD TDT DTQ TQY QYF	YLQPRTFLL
129	CAG AGA GAA AAG AGN GNK NKL KLT LTF	CAS ASS SSY SYG YGP GPP PPY PYE YEQ EQY QYF	LTDEMIAQY
536	CVV VVN VNN NNE NED EDD DDM DMR MRF	CGS GSG SGI GIQ IQN QNT NTG TGE GEL ELF LFF	YLQPRTFLL
139	CAL ALS LSA SAG AGN GNQ NQF QFY FYF	CAS ASS SSD SDR DRT RTS TSQ SQE QET ETQ TQY QYF	TTDPSFLGRY
436	CAP APP PPP PPR PRG RGK GKS KST STF	CAW AWQ WQV QVM VMN MNT NTG TGE GEL ELF LFF	YLQPRTFLL
503	CVV VVN VNN NNN NNN NND NDM DMR MRF	CAT ATQ TQD QDQ DQN QNT NTG TGE GEL ELF LFF	YLQPRTFLL
38	CVF VFY FYQ YQG QGG GGK GKL KLI LIF	CAS ASR SRD RDE DEG EGR GRG RGR GRY RYG YGA GAN ANV NVL VLT LTF	LTDEMIAQY
200	CAA AAS ASG SGA GAS ASG SGT GTY TYK YKY KYI YIF	CAM AMT MTT TTQ TQS QSS SSY SYE YEQ EQY QYF	TTDPSFLGRY
420	CAV AVM VMD MDS DSN SNY NYQ YQL QLI LIW	CSA SAR ARV RVL VLT LTS TSG SGE GET ETY TYE YEQ EQY QYF	YLQPRTFLL
127	CAM AMR MRS RSN SNY NYQ YQL QLI LIW	CAS ASS SSL SLS LSQ SQG QGS GSQ SQY QYF	LTDEMIAQY
481	CAA AAS ASG SGG GGG GGG GGG GGA GAD ADG DGL GLT LTF	CAS ASS SSY SYG YGN GNQ NQP QPQ PQH QHF	YLQPRTFLL
457	CVV VVN VNG NGN GNT NTD TDK DKL KLI LIF	CAS ASN SNE NEQ EQN QNS NSN SNE NEQ EQF QFF	YLQPRTFLL
290	CAA AAS ASR SRS RSG SGN GNE NEK EKL KLT LTF	CAS ASS SSL SLV LVT VTG TGE GEQ EQY QYF	TTDPSFLGRY
182	CAC ACS CSG SGG GGY GYN YNK NKL KLI LIF	CAS ASS SSL SLD LDS DSS SSY SYE YEQ EQY QYF	TTDPSFLGRY
362	CVV VVN VNP NPV PVT VTG TGN GNT NTP TPL PLV LVF	CAS ASR SRW RWT WTD TDG DGI GIM IMN MNT NTE TEA EAF AFF	TTDPSFLGRY
213	CVV VVN VNM NMD MDS DSN SNY NYQ YQL QLI LIW	CAS ASS SSL SLQ LQR QRE REY EYP YPY PYE YEQ EQY QYF	TTDPSFLGRY
425	CVV VVN VNK NKD KDD DDK DKI KII IIF	CAL ALS LSD SDQ DQN QNT NTG TGE GEL ELF LFF	YLQPRTFLL
450	CVV VVN VNG NGL GLI LIN INN NNA NAG AGN GNM NML MLT LTF	CAT ATQ TQG QGM GMN MNT NTG TGE GEL ELF LFF	YLQPRTFLL
110	CAV AVN VNT NTG TGN GNQ NQF QFY FYF	CAS ASR SRW RWA WAP APG PGE GEL ELF LFF	LTDEMIAQY
168	CAL ALS LSD SDN DNQ NQG QGN GNL NLI LIF	CAS ASS SSY SYP YPR PRR RRS RSS SSS SSY SYN YNE NEQ EQF QFF	TTDPSFLGRY
466	CVV VVN VNR NRE RED EDM DML MLT LTF	CAW AWT WTR TRD RDR DRN RNT NTG TGE GEL ELF LFF	YLQPRTFLL
348	CAL ALP LPA PAY AYT YTD TDK DKL KLI LIF	CAS ASR SRI RIR IRG RGG GGP GPG PGT GTD TDT DTQ TQY QYF	TTDPSFLGRY
305	CLV LVG VGG GGG GGF GFK FKT KTI TIF	CAS ASS SSE SEK EKL KLP LPE PEF EFN FNQ NQP QPQ PQH QHF	TTDPSFLGRY
313	CAV AVR VRD RDW DWS WSG SGG GGG GGA GAD ADG DGL GLT LTF	CAS ASS SSY SYG YGG GGG GGQ GQS QST STG TGE GEL ELF LFF	TTDPSFLGRY
47	CAA AAR ARE REI EIG IGN GNQ NQF QFY FYF	CAR ARR RRG RGD GDR DRA RAE AEQ EQY QYF	LTDEMIAQY
33	CAV AVS VSH SHS HSG SGG GGS GSN SNY NYK YKL KLT LTF	CAS ASS SSH SHF HFV FVL VLG LGP GPR PRG RGG GGE GET ETQ TQY QYF	LTDEMIAQY
372	CAM AMR MRE REF EFN FNS NSN SNS NSG SGY GYA YAL ALN LNF	CAS ASS SSH SHR HRS RSG SGW GWE WET ETQ TQY QYF	TTDPSFLGRY
97	CAV AVR VRP RPR PRG RGE GEW EWR WRS RSG SGT GTY TYK YKY KYI YIF	CAS ASS SSA SAG AGE GEA EAG AGE GEL ELF LFF	LTDEMIAQY
340	CAT ATD TDG DGD GDS DSG SGY GYA YAL ALN LNF	CAT ATL TLS LSG SGD GDI DIY IYN YNE NEQ EQF QFF	TTDPSFLGRY
413	CVV VVN VNK NKE KED EDD DDM DMR MRF	CAS AST STE TET ETN TNT NTG TGE GEL ELF LFF	YLQPRTFLL
26	CAY AYR YRS RSS SSN SNY NYQ YQL QLI LIW	CAS ASS SSL SLV LVP VPQ PQG QGP GPN PNY NYG YGY GYT YTF	LTDEMIAQY
94	CAK AKY KYN YNF NFN FNK NKF KFY FYF	CAS ASG SGE GED EDS DSL SLV LVY VYG YGY GYT YTF	LTDEMIAQY
169	CAG AGQ GQE QET ETG TGN GNQ NQF QFY FYF	CAS ASS SST STS TSS SSP SPQ PQE QET ETQ TQY QYF	TTDPSFLGRY
437	CVV VVN VNR NRN RNN NND NDM DMR MRF	CAT ATQ TQD QDG DGN GNT NTG TGE GEL ELF LFF	YLQPRTFLL
63	CIV IVP VPR PRG RGG GGA GAD ADG DGL GLT LTF	CAS ASS SSP SPG PGI GIP IPN PNY NYG YGY GYT YTF	LTDEMIAQY
227	CVV VVN VNA NAP APR PRF RFW FWT WTG TGG GGY GYQ YQK QKV KVT VTF	CAS ASS SSL SLS LSA SAP APK PKP KPF PFY FYN YNS NSP SPL PLH LHF	TTDPSFLGRY
68	CAV AVS VSS SSA SAR ARQ RQL QLT LTF	CAS ASS SSG SGT GTV TVT VTS TSS SSS SST STD TDT DTQ TQY QYF	LTDEMIAQY
73	CAT ATN TNT NTG TGN GNQ NQF QFY FYF	CAS ASS SSE SEA EAA AAN ANQ NQP QPQ PQH QHF	LTDEMIAQY
566	CAV AVA VAN ANQ NQA QAG AGT GTA TAL ALI LIF	CAT ATC TCL CLG LGS GSS SSA SAG AGE GEL ELF LFF	YLQPRTFLL
317	CAV AVD VDP DPS PSN SNS NSG SGY GYA YAL ALN LNF	CAS ASS SSL SLT LTQ TQG QGG GGV GVL VLF LFF	TTDPSFLGRY
465	CAM AMR MRE REG EGN GNN NNY NYG YGQ GQN QNF NFV FVF	CAS ASQ SQR QRG RGG GGR GRE REE EET ETQ TQY QYF	YLQPRTFLL
554	CVV VVN VNA NAG AGD GDK DKL KLT LTF	CAS ASS SSP SPD PDI DIE IEQ EQF QFF	YLQPRTFLL
326	CAL ALS LSE SED EDG DGT GTG TGG GGF GFK FKT KTI TIF	CAS ASE SER ERR RRG RGL GLS LSG SGY GYT YTF	TTDPSFLGRY
136	CVG VGG GGG GGA GAD ADG DGL GLT LTF	CAS ASS SSL SLG LGA GAG AGG GGS GSG SGE GEQ EQY QYF	TTDPSFLGRY
553	CAG AGN GNQ NQG QGG GGK GKL KLI LIF	CSA SAR ARD RDR DRS RSS SSY SYE YEQ EQY QYF	YLQPRTFLL
147	CLV LVG VGD GDP DPR PRG RGG GGY GYN YNK NKL KLI LIF	CAS ASK SKG KGG GGQ GQE QET ETQ TQY QYF	TTDPSFLGRY
342	CVL VLR LRD RDA DAG AGN GNM NML MLT LTF	CAS ASS SSR SRD RDR DRG RGE GEY EYN YNE NEQ EQF QFF	TTDPSFLGRY
461	CVV VVN VNE NEA EAD ADK DKL KLI LIF	CSA SAR ARD RDG DGV GVA VAH AHN HNT NTG TGE GEL ELF LFF	YLQPRTFLL
399	CAV AVQ VQD QDL DLG LGT GTS TSG SGS GSR SRL RLT LTF	CAS ASS SSA SAR ART RTG TGE GEL ELF LFF	YLQPRTFLL
193	CIV IVR VRA RAL ALL LLG LGG GGY GYQ YQK QKV KVT VTF	CSA SAR ARD RDR DRT RTS TSG SGT GTY TYE YEQ EQY QYF	TTDPSFLGRY
221	CAE AES ESK SKS KSG SGY GYN YNK NKL KLI LIF	CAS ASS SSL SLV LVP VPG PGH GHN HNE NEQ EQF QFF	TTDPSFLGRY
583	CAV AVR VRD RDS DSN SNY NYQ YQL QLI LIW	CAS ASS SSP SPG PGA GAP APG PGQ GQG QGS GSY SYE YEQ EQY QYF	YLQPRTFLL
165	CAL ALM LMT MTG TGN GNQ NQF QFY FYF	CAS ASS SSP SPG PGF GFP FPE PEQ EQF QFF	TTDPSFLGRY
259	CAV AVL VLS LSG SGN GNT NTG TGK GKL KLI LIF	CAS ASS SSL SLD LDG DGY GYT YTG TGE GEL ELF LFF	TTDPSFLGRY
44	CAF AFM FMK MKP KPK PKN KNY NYG YGG GGS GSQ SQG QGN GNL NLI LIF	CAS ASS SSS SSR SRQ RQG QGP GPK PKE KEY EYG YGY GYT YTF	LTDEMIAQY
265	CAM AMR MRE REF EFS FSN SND NDY DYK YKL KLS LSF	CAS ASS SSL SLR LRD RDS DSG SGD GDT DTQ TQY QYF	TTDPSFLGRY
477	CVV VVN VNV NVR VRD RDR DRL RLM LMF	CAS AST STD TDD DDI DIE IEA EAF AFF	YLQPRTFLL
61	CAV AVG VGT GTN TNY NYG YGN GNN NNR NRL RLA LAF	CAS ASS SSE SEA EAP API PIG IGN GNT NTI TIY IYF	LTDEMIAQY
299	CAA AAS ASA SAQ AQG QGG GGA GAD ADG DGL GLT LTF	CAS ASS SSF SFL FLA LAG AGA GAV AVE VEQ EQF QFF	TTDPSFLGRY
578	CAM AMR MRG RGV GVS VSG SGF GFG FGN GNE NEK EKL KLT LTF	CSA SAR ARS RSA SAA AAS AST STD TDT DTQ TQY QYF	YLQPRTFLL
400	CAV AVN VNE NEE EED EDK DKI KII IIF	CAL ALG LGS GSA SAN ANT NTG TGE GEL ELF LFF	YLQPRTFLL
453	CVV VVN VND NDA DAA AAA AAG AGN GNK NKL KLT LTF	CAS ASQ SQG QGL GLN LNT NTG TGE GEL ELF LFF	YLQPRTFLL
410	CAM AMR MRE RET ETN TNF NFG FGN GNE NEK EKL KLT LTF	CAS ASS SSR SRN RNR NRY RYT YTD TDT DTQ TQY QYF	YLQPRTFLL
494	CVV VVN VNR NRG RGD GDK DKL KLV LVF	CAS ASD SDD DDP DPN PNT NTG TGE GEL ELF LFF	YLQPRTFLL
93	CVV VVD VDK DKT KTG TGA GAN ANN NNL NLF LFF	CAS ASS SSH SHL HLG LGG GGP GPK PKE KET ETQ TQY QYF	LTDEMIAQY
308	CGT GTG TGG GGS GSD SDS DSW SWG WGK GKL KLQ LQF	CAS ASS SSF SFS FSL SLR LRG RGR GRE REP EPQ PQH QHF	TTDPSFLGRY
92	CAA AAR ARG RGP GPS PSG SGY GYS YST STL TLT LTF	CAI AIS ISE SEP EPG PGS GSN SNT NTE TEA EAF AFF	LTDEMIAQY
505	CAA AAS ASL SLN LNN NNF NFN FNK NKF KFY FYF	CAS ASS SSH SHR HRN RNT NTL TLE LEA EAF AFF	YLQPRTFLL
577	CAL ALY LYN YNT NTD TDK DKL KLI LIF	CAI AIS ISG SGR GRQ RQG QGD GDT DTG TGE GEL ELF LFF	YLQPRTFLL
427	CVV VVN VNG NGG GGD GDK DKI KII IIF	CAS ASS SSA SAD ADI DIE IEA EAF AFF	YLQPRTFLL
350	CAL ALS LSG SGP GPT PTG TGT GTA TAS ASK SKL KLT LTF	CAS ASS SSW SWT WTS TSG SGS GSY SYE YEQ EQY QYF	TTDPSFLGRY
159	CAM AMS MST STG TGN GNN NNA NAR ARL RLM LMF	CAS AST STD TDG DGG GGF GFG FGY GYT YTF	TTDPSFLGRY
582	CAP APN PNA NAG AGG GGT GTS TSY SYG YGK GKL KLT LTF	CAS ASS SSV SVA VAY AYR YRG RGN GNE NEQ EQF QFF	YLQPRTFLL
223	CAM AMD MDP DPL PLT LTG TGG GGG GGN GNK NKL KLT LTF	CAS ASS SSQ SQG QGQ GQG QGP GPP PPY PYE YEQ EQY QYF	TTDPSFLGRY
70	CAL ALS LSP SPP PPG PGS GSR SRL RLT LTF	CAS ASV SVD VDR DRD RDW DWT WTW TWG WGT GTE TEA EAF AFF	LTDEMIAQY
370	CAM AMR MRE REE EEY EYY YYG YGN GNN NNR NRL RLA LAF	CAS ASS SSL SLY LYG YGQ GQS QSD SDS DSP SPL PLH LHF	TTDPSFLGRY
42	CAS ASA SAG AGG GGG GGN GNK NKL KLT LTF	CAS ASR SRE REG EGR GRA RAY AYN YNE NEQ EQF QFF	LTDEMIAQY
62	CAV AVR VRH RHR HRG RGG GGQ GQK QKL KLL LLF	CAS ASS SSP SPS PSG SGS GSF SFE FEQ EQF QFF	LTDEMIAQY
254	CVV VVS VSD SDQ DQE QEG EGA GAQ AQK QKL KLV LVF	CAS ASS SSL SLI LIL ILM LMG MGT GTS TSG SGG GGE GEQ EQF QFF	TTDPSFLGRY
412	CAV AVN VNE NED EDD DDK DKI KII IIF	CAS ASS SSS SSD SDI DIS ISA SAF AFF	YLQPRTFLL
272	CAV AVN VNS NSG SGG GGY GYQ YQK QKV KVT VTF	CAS ASS SSF SFE FEN ENT NTG TGE GEL ELF LFF	TTDPSFLGRY
448	CVV VVN VNK NKE KED EDR DRL RLM LMF	CAF AFG FGQ GQQ QQN QNT NTG TGE GEL ELF LFF	YLQPRTFLL
218	CAV AVR VRS RSR SRG RGN GNN NNR NRL RLA LAF	CAS ASS SSP SPS PSG SGS GSL SLE LEQ EQY QYF	TTDPSFLGRY
36	CAV AVR VRG RGG GGQ GQK QKL KLL LLF	CAS ASS SSL SLD LDW DWN WNY NYG YGY GYT YTF	LTDEMIAQY
579	CAV AVG VGS GSA SAK AKG KGS GST STG TGA GAN ANN NNL NLF LFF	CAS ASR SRT RTG TGQ GQG QGA GAT ATQ TQY QYF	YLQPRTFLL
208	CAV AVR VRA RAL ALI LIG IGF GFG FGN GNV NVL VLH LHC	CAT ATS TSG SGD GDY DYG YGG GGS GSI SIS ISD SDT DTQ TQY QYF	TTDPSFLGRY
46	CAE AES EST STG TGG GGA GAG AGK GKS KST STF	CAS ASS SSS SSR SRH RHS HSG SGE GEK EKL KLF LFF	LTDEMIAQY
177	CAM AMR MRD RDA DAG AGG GGG GGA GAD ADG DGL GLT LTF	CAI AIG IGT GTG TGP GPM PMN MNT NTE TEA EAF AFF	TTDPSFLGRY
236	CIL ILP LPL PLL LLG LGG GGT GTS TSY SYG YGK GKL KLT LTF	CAS ASS SSL SLG LGQ GQA QAY AYE YEQ EQY QYF	TTDPSFLGRY
464	CVV VVN VNS NSA SAD ADK DKL KLI LIF	CAS ASS SSP SPE PEI EIK IKA KAF AFF	YLQPRTFLL
496	CAV AVN VNT NTG TGF GFQ FQK QKL KLV LVF	CAS ASS SSL SLY LYG YGG GGY GYE YEQ EQY QYF	YLQPRTFLL
149	CAA AAS ASV SVG VGN GNN NNA NAR ARL RLM LMF	CAS ASS SSY SYM YMG MGE GEG EGE GEQ EQF QFF	TTDPSFLGRY
339	CAV AVP VPN PNF NFG FGN GNE NEK EKL KLT LTF	CAS ASS SSP SPL PLG LGT GTY TYE YEQ EQY QYF	TTDPSFLGRY
471	CAA AAS ASG SGM GMD MDT DTG TGR GRR RRA RAL ALT LTF	CAS ASS SST STR TRT RTE TEG EGT GTE TEA EAF AFF	YLQPRTFLL
552	CVV VVN VNN NNN NNN NND NDM DMR MRF	CAI AIE IED EDL DLN LNT NTG TGE GEL ELF LFF	YLQPRTFLL
15	CAV AVR VRG RGS GSS SSG SGT GTY TYK YKY KYI YIF	CAS ASM SML MLR LRW RWA WAN ANT NTG TGE GEL ELF LFF	LTDEMIAQY
390	CVV VVN VNG NGL GLD LDD DDM DMR MRF	CAS ASS SSG SGG GGY GYE YEQ EQY QYF	YLQPRTFLL
216	CAM AMR MRV RVW VWG WGN GNN NNN NND NDM DMR MRF	CAS ASS SSS SSR SRG RGR GRT RTS TSS SSY SYE YEQ EQY QYF	TTDPSFLGRY
285	CAL ALG LGG GGS GSQ SQG QGN GNL NLI LIF	CAS ASS SSP SPR PRS RSG SGF GFD FDE DEQ EQY QYF	TTDPSFLGRY
482	CAV AVK VKE KEP EPW PWG WGG GGF GFK FKT KTI TIF	CAW AWT WTN TNP NPI PIS ISS SSD SDR DRG RGL GLG LGN GNT NTI TIY IYF	YLQPRTFLL
166	CAA AAN ANR NRN RNN NNN NNA NAR ARL RLM LMF	CAS ASS SSF SFA FAA AAG AGS GSY SYN YNE NEQ EQF QFF	TTDPSFLGRY
392	CAV AVS VSD SDS DSN SNY NYQ YQL QLI LIW	CAS ASS SSD SDS DSD SDG DGT GTT TTD TDT DTQ TQY QYF	YLQPRTFLL
278	CAA AAP APP PPY PYS YSG SGA GAG AGS GSY SYQ YQL QLT LTF	CAI AIR IRE RER ERQ RQF QFC FCR CRY RYF	TTDPSFLGRY
226	CAV AVP VPT PTD TDS DSW SWG WGK GKL KLQ LQF	CAS ASS SSE SEI EII IIS ISG SGN GNY NYG YGY GYT YTF	TTDPSFLGRY
137	CAM AMR MRD RDT DTG TGR GRR RRA RAL ALT LTF	CAS ASS SSL SLV LVG VGG GGA GAG AGE GEQ EQY QYF	TTDPSFLGRY
1	CGT GTE TEL ELR LRG RGK GKL KLI LIF	CAS ASS SSL SLG LGF GFP FPN PNQ NQP QPQ PQH QHF	LTDEMIAQY
288	CAV AVN VNR NRP RPG PGG GGG GGY GYN YNK NKL KLI LIF	CSG SGG GGT GTG TGG GGF GFY FYN YNE NEQ EQF QFF	TTDPSFLGRY
555	CAG AGE GEA EAG AGT GTA TAL ALI LIF	CAS ASS SSI SIL ILA LAG AGG GGG GGT GTD TDT DTQ TQY QYF	YLQPRTFLL
369	CAL ALS LSA SAN ANQ NQA QAG AGT GTA TAL ALI LIF	CAS ASS SSL SLR LRS RSG SGL GLD LDT DTQ TQY QYF	TTDPSFLGRY
82	CAV AVR VRG RGG GGQ GQK QKL KLL LLF	CAR ART RTG TGQ GQV QVK VKA KAK AKN KNI NIQ IQY QYF	LTDEMIAQY
64	CAE AER ERY RYS YSG SGG GGG GGA GAD ADG DGL GLT LTF	CAT ATS TSP SPH PHQ HQE QEG EGR GRT RTE TEA EAF AFF	LTDEMIAQY
55	CVV VVN VNA NAR ARG RGY GYD YDK DKV KVI VIF	CAS ASS SSP SPS PST STG TGK GKV KVS VST STE TEA EAF AFF	LTDEMIAQY
80	CAT ATD TDG DGN GNN NNN NNA NAG AGN GNM NML MLT LTF	CAS ASS SSV SVA VAG AGS GSS SSY SYE YEQ EQY QYF	LTDEMIAQY
260	CAV AVP VPN PNF NFG FGN GNE NEK EKL KLT LTF	CAS ASS SSL SLS LSG SGL GLG LGE GET ETQ TQY QYF	TTDPSFLGRY
341	CAL ALS LSD SDV DVD VDM DMR MRF	CAS ASS SSE SET ETH THS HSN SNQ NQP QPQ PQH QHF	TTDPSFLGRY
40	CAG AGR GRG RGA GAG AGS GSA SAR ARQ RQL QLT LTF	CAS ASS SSQ SQG QGG GGD GDD DDT DTE TEA EAF AFF	LTDEMIAQY
563	CVV VVN VNA NAP APS PSG SGN GNT NTP TPL PLV LVF	CSA SAR ARG RGE GEV EVE VEM EMN MNT NTG TGE GEL ELF LFF	YLQPRTFLL
568	CAA AAS ASE SEG EGG GGG GGS GST STL TLG LGR GRL RLY LYF	CAS ASS SSE SES EST STG TGY GYG YGY GYT YTF	YLQPRTFLL
432	CAA AAM AMI MIY IYS YSG SGA GAG AGS GSY SYQ YQL QLT LTF	CAS ASS SSQ SQA QAQ AQA QAG AGN GNT NTI TIY IYF	YLQPRTFLL
500	CVV VVN VNR NRR RRD RDD DDM DMR MRF	CSA SAH AHR HRD RDQ DQN QNT NTG TGE GEL ELF LFF	YLQPRTFLL
112	CAG AGA GAL ALE LET ETS TSG SGS GSR SRL RLT LTF	CAS ASS SSR SRD RDS DSG SGY GYS YSP SPL PLH LHF	LTDEMIAQY
379	CAV AVP VPH PHF HFG FGN GNE NEK EKL KLT LTF	CAS ASS SST STE TEP EPL PLG LGS GSD SDI DIQ IQY QYF	TTDPSFLGRY
18	CAV AVS VSP SPE PEG EGS GSN SNY NYQ YQL QLI LIW	CSV SVH VHQ HQG QGF GFP FPY PYE YEQ EQY QYF	LTDEMIAQY
108	CAT ATD TDG DGA GAQ AQK QKL KLV LVF	CAS ASS SSY SYW YWG WGG GGT GTD TDT DTQ TQY QYF	LTDEMIAQY
252	CAD ADL DLN LNS NSG SGY GYS YST STL TLT LTF	CAS ASI SID IDD DDS DSL SLE LEN ENY NYG YGY GYT YTF	TTDPSFLGRY
35	CAA AAN ANS NSG SGY GYA YAL ALN LNF	CAS ASS SSL SLA LAL ALA LAG AGR GRN RNY NYN YNE NEQ EQF QFF	LTDEMIAQY
527	CAF AFG FGP GPS PSF SFN FNN NND NDM DMR MRF	CAS ASS SSL SLR LRL RLT LTD TDR DRA RAT ATY TYE YEQ EQY QYF	YLQPRTFLL
368	CAG AGP GPK PKN KNT NTG TGN GNQ NQF QFY FYF	CAS ASS SSL SLD LDH DHP HPW PWG WGS GSP SPL PLH LHF	TTDPSFLGRY
562	CVV VVN VNR NRY RYD YDD DDM DMR MRF	CSA SAL ALR LRD RDK DKN KNT NTG TGE GEL ELF LFF	YLQPRTFLL
586	CAV AVP VPH PHP HPS PSN SNF NFG FGN GNE NEK EKL KLT LTF	CAS ASS SSI SIL ILA LAG AGT GTY TYN YNE NEQ EQF QFF	YLQPRTFLL
525	CAT ATD TDD DDR DRG RGA GAQ AQK QKL KLV LVF	CSA SAS ASG SGG GGS GSY SYG YGS GSY SYN YNE NEQ EQF QFF	YLQPRTFLL
487	CAV AVN VNA NAA AAG AGG GGG GGA GAD ADG DGL GLT LTF	CAS ASS SSE SES ESS SSG SGG GGF GFF FFN FNE NEQ EQF QFF	YLQPRTFLL
589	CAG AGQ GQL QLR LRG RGG GGS GSE SEK EKL KLV LVF	CSA SAS AST STD TDR DRE REL ELN LNE NEQ EQY QYF	YLQPRTFLL
86	CGR GRG RGA GAQ AQK QKL KLV LVF	CAS ASS SSE SEY EYL YLG LGE GEL ELF LFF	LTDEMIAQY
257	CAG AGQ GQL QLG LGT GTG TGN GNQ NQF QFY FYF	CAS ASS SSL SLS LSS SSP SPQ PQE QET ETQ TQY QYF	TTDPSFLGRY
124	CAT ATD TDI DIV IVR VRE REG EGG GGS GSE SEK EKL KLV LVF	CSV SVH VHQ HQG QGW GWP WPY PYE YEQ EQY QYF	LTDEMIAQY
542	CAV AVI VIN INS NSG SGY GYS YST STL TLT LTF	CAS ASS SSP SPT PTP TPS PSG SGQ GQG QGT GTA TAD ADT DTQ TQY QYF	YLQPRTFLL
435	CAA AAR ARD RDF DFG FGT GTY TYK YKY KYI YIF	CSA SAY AYD YDR DRG RGV GVS VSS SSN SNQ NQP QPQ PQH QHF	YLQPRTFLL
507	CAG AGG GGS GSQ SQG QGN GNL NLI LIF	CAS ASS SSY SYP YPW PWD WDS DSQ SQS QSS SSY SYN YNE NEQ EQF QFF	YLQPRTFLL
31	CAV AVR VRD RDG DGG GGF GFG FGN GNV NVL VLH LHC	CAS ASS SSY SYD YDN DNG NGG GGN GNT NTG TGE GEL ELF LFF	LTDEMIAQY
118	CAV AVR VRG RGG GGS GSG SGT GTY TYK YKY KYI YIF	CAS ASS SSL SLP LPR PRA RAN ANT NTG TGE GEL ELF LFF	LTDEMIAQY
204	CAM AMS MSA SAR ARS RSG SGY GYS YST STL TLT LTF	CAS ASS SSL SLL LLP LPE PEQ EQE QET ETQ TQY QYF	TTDPSFLGRY
178	CAA AAS ASE SEG EGD GDS DSN SNY NYQ YQL QLI LIW	CAS ASD SDL DLL LLN LNR NRA RAS ASY SYE YEQ EQY QYF	TTDPSFLGRY
463	CVV VVN VNK NKE KED EDR DRL RLM LMF	CAS ASG SGD GDT DTN TNT NTG TGE GEL ELF LFF	YLQPRTFLL
250	CAV AVF VFS FSG SGN GNT NTG TGK GKL KLI LIF	CSV SVE VEQ EQG QGT GTY TYE YEQ EQY QYF	TTDPSFLGRY
492	CVP VPR PRD RDT DTG TGR GRR RRA RAL ALT LTF	CAS ASS SSS SSI SIY IYG YGT GTS TSY SYE YEQ EQY QYF	YLQPRTFLL
34	CVA VAR ARM RMD MDS DSS SSY SYK YKL KLI LIF	CAS ASS SSD SDS DSG SGF GFG FGY GYG YGY GYT YTF	LTDEMIAQY
488	CAV AVS VSW SWG WGN GNT NTD TDK DKL KLI LIF	CAS ASS SSE SEF EFP FPG PGP GPS PSD SDG DGY GYT YTF	YLQPRTFLL
185	CAM AMR MRE REG EGL GLG LGS GSG SGG GGS GSN SNY NYK YKL KLT LTF	CAS ASS SSL SLT LTA TAP APT PTD TDT DTQ TQY QYF	TTDPSFLGRY
387	CAV AVS VSN SNS NSG SGY GYS YST STL TLT LTF	CAS ASS SSP SPD PDI DIE IEA EAF AFF	YLQPRTFLL
332	CAL ALD LDV DVS VSG SGS GSA SAR ARQ RQL QLT LTF	CSA SAR ARD RDG DGD GDS DSI SIS ISY SYN YNE NEQ EQF QFF	TTDPSFLGRY
365	CAE AES ESL SLG LGG GGY GYN YNK NKL KLI LIF	CAS AST STP TPG PGS GSE SED EDT DTQ TQY QYF	TTDPSFLGRY
417	CVV VVN VNE NEA EAD ADK DKL KLI LIF	CAS ASS SSE SEQ EQN QNT NTG TGE GEL ELF LFF	YLQPRTFLL
380	CAV AVE VER ERN RNA NAG AGN GNM NML MLT LTF	CAS ASS SSP SPL PLS LSG SGL GLK LKE KEY EYF	TTDPSFLGRY
119	CAE AEI EIP IPS PSG SGN GNT NTP TPL PLV LVF	CAS ASS SSL SLG LGT GTK TKN KNI NIQ IQY QYF	LTDEMIAQY
51	CAT ATD TDY DYR YRG RGG GGQ GQK QKL KLL LLF	CAW AWT WTR TRR RRD RDG DGG GGE GEL ELF LFF	LTDEMIAQY
237	CAV AVK VKE KER ERH RHS HSS SSA SAS ASK SKI KII IIF	CAS ASS SSF SFE FEN ENT NTG TGE GEL ELF LFF	TTDPSFLGRY
199	CAA AAS ASV SVG VGY GYG YGG GGA GAT ATN TNK NKL KLI LIF	CAS ASR SRQ RQA QAG AGD GDE DEQ EQY QYF	TTDPSFLGRY
389	CVV VVN VNK NKE KED EDR DRL RLM LMF	CAS ASS SSL SLD LDI DIE IEL ELF LFF	YLQPRTFLL
41	CAV AVN VNV NVG VGG GGG GGS GSN SNY NYK YKL KLT LTF	CSV SVG VGT GTG TGW GWP WPY PYE YEQ EQY QYF	LTDEMIAQY
356	CAL ALN LNA NAG AGN GNM NML MLT LTF	CAS AST STT TTG TGT GTG TGY GYA YAE AEA EAF AFF	TTDPSFLGRY
421	CVV VVN VNK NKE KED EDD DDM DMR MRF	CAR ARG RGD GDR DRN RNT NTG TGE GEL ELF LFF	YLQPRTFLL
28	CGA GAS ASL SLA LAG AGS GSA SAR ARQ RQL QLT LTF	CAS ASS SSR SRG RGA GAG AGH GHS HSD SDG DGY GYT YTF	LTDEMIAQY
395	CVV VVN VNT NTG TGL GLT LTG TGG GGG GGN GNK NKL KLT LTF	CAE AEQ EQD QDM DMN MNT NTG TGE GEL ELF LFF	YLQPRTFLL
84	CVV VVR VRG RGF GFQ FQK QKL KLV LVF	CAT ATS TSP SPH PHQ HQE QEG EGR GRT RTE TEA EAF AFF	LTDEMIAQY
232	CAA AAS ASA SAG AGP GPI PIG IGF GFG FGN GNV NVL VLH LHC	CAS ASS SSP SPG PGQ GQR QRS RSY SYN YNE NEQ EQF QFF	TTDPSFLGRY
329	CAV AVP VPN PNF NFG FGN GNE NEK EKL KLT LTF	CAS ASG SGL GLG LGS GSS SSY SYE YEQ EQY QYF	TTDPSFLGRY
171	CAS ASG SGG GGS GSQ SQG QGN GNL NLI LIF	CAS ASS SSS SSR SRA RAA AAS AST STD TDT DTQ TQY QYF	TTDPSFLGRY
303	CAL ALS LSA SAG AGR GRR RRA RAL ALT LTF	CAS ASS SSL SLY LYE YES ESH SHN HNE NEQ EQF QFF	TTDPSFLGRY
565	CAL ALS LSN SND NDY DYK YKL KLS LSF	CAS ASS SSL SLA LAS ASS SST STA TAY AYG YGY GYT YTF	YLQPRTFLL
418	CVV VVN VNR NRA RAD ADK DKL KLV LVF	CAS ASS SSD SDA DAN ANT NTG TGE GEL ELF LFF	YLQPRTFLL
274	CAA AAV AVG VGG GGY GYQ YQK QKV KVT VTF	CAS ASS SSY SYR YRG RGS GSS SSL SLS LSS SSY SYE YEQ EQY QYF	TTDPSFLGRY
381	CAL ALN LNT NTG TGN GNQ NQF QFY FYF	CAS ASS SSI SIS ISH SHS HST STD TDT DTQ TQY QYF	TTDPSFLGRY
364	CLV LVG VGD GDW DWG WGN GNY NYG YGQ GQN QNF NFV FVF	CSG SGK GKP KPR PRG RGG GGA GAI AIY IYE YEQ EQY QYF	TTDPSFLGRY
297	CAV AVA VAP APL PLR LRA RAD ADG DGQ GQK QKL KLL LLF	CAS ASS SSL SLD LDQ DQD QDR DRA RAY AYT YTG TGE GEL ELF LFF	TTDPSFLGRY
343	CAV AVD VDI DIR IRN RNS NSG SGY GYA YAL ALN LNF	CAS ASS SSW SWT WTQ TQG QGA GAG AGY GYT YTF	TTDPSFLGRY
544	CAE AER ERD RDN DND NDM DMR MRF	CAS ASS SST STA TAG AGT GTS TSG SGR GRG RGE GEL ELF LFF	YLQPRTFLL
336	CAA AAS ASA SAE AEG EGN GNT NTG TGK GKL KLI LIF	CAS ASS SSD SDP DPG PGA GAR ARV RVW VWE WEQ EQY QYF	TTDPSFLGRY
98	CAG AGR GRN RNA NAG AGK GKS KST STF	CAS ASS SSL SLV LVV VVT VTG TGE GEL ELF LFF	LTDEMIAQY
59	CAG AGR GRT RTN TNA NAG AGK GKS KST STF	CAW AWS WST STG TGG GGT GTW TWT WTG TGE GEL ELF LFF	LTDEMIAQY
186	CAP APN PNS NSG SGG GGY GYQ YQK QKV KVT VTF	CAS ASS SSP SPG PGP GPE PET ETG TGE GEL ELF LFF	TTDPSFLGRY
354	CLP LPK PKY KYN YNT NTD TDK DKL KLI LIF	CAS ASS SSI SIS ISH SHS HST STD TDT DTQ TQY QYF	TTDPSFLGRY
43	CAA AAL ALF LFT FTG TGG GGG GGN GNK NKL KLT LTF	CAS ASS SSL SLG LGI GIG IGT GTQ TQP QPQ PQH QHF	LTDEMIAQY
479	CAG AGG GGD GDN DNF NFN FNK NKF KFY FYF	CAS ASS SSP SPR PRT RTA TAT ATY TYE YEQ EQY QYF	YLQPRTFLL
81	CAV AVR VRD RDE DED EDD DDK DKI KII IIF	CAS ASS SSL SLP LPG PGR GRG RGE GET ETQ TQY QYF	LTDEMIAQY
0	CAV AVD VDI DIR IRA RAG AGN GNM NML MLT LTF	CAS ASS SSL SLA LAG AGY GYE YEQ EQY QYF	LTDEMIAQY
415	CAV AVT VTR TRR RRD RDN DNT NTD TDK DKL KLI LIF	CAS ASR SRR RRK RKI KIY IYE YEQ EQY QYF	YLQPRTFLL
547	CVV VVN VNS NSF SFE FEN ENT NTD TDK DKL KLI LIF	CAS ASS SSQ SQG QGG GGN GNE NEQ EQY QYF	YLQPRTFLL
580	CIV IVR VRS RSD SDY DYK YKL KLS LSF	CAS ASS SSL SLP LPG PGY GYY YYG YGY GYT YTF	YLQPRTFLL
