24361	RAKFKQLL
23118	GILGFVFTL
23129	RAKFKQLL
34749	KLGGALQAK
34890	KLGGALQAK
24788	KLGGALQAK
5264	GILGFVFTL
35820	KLGGALQAK
21046	RAKFKQLL
34427	KLGGALQAK
5218	GILGFVFTL
18061	RAKFKQLL
34668	KLGGALQAK
23014	KLGGALQAK
35173	KLGGALQAK
34305	KLGGALQAK
31343	GILGFVFTL
35919	KLGGALQAK
7287	GILGFVFTL
28808	RAKFKQLL
35873	AVFDRKSDAK
35184	KLGGALQAK
5490	AVFDRKSDAK
34385	KLGGALQAK
34338	KLGGALQAK
31332	GILGFVFTL
34011	KLGGALQAK
17996	GLCTLVAML
35174	ELAGIGILTV
34437	KLGGALQAK
14680	RAKFKQLL
6797	GILGFVFTL
35470	KLGGALQAK
2362	KLGGALQAK
24977	KLGGALQAK
8437	RAKFKQLL
25274	KLGGALQAK
34400	KLGGALQAK
14606	RAKFKQLL
5084	RAKFKQLL
35882	KLGGALQAK
35703	KLGGALQAK
2425	IVTDFSVIK
2290	KLGGALQAK
2481	KLGGALQAK
34559	KLGGALQAK
34282	KLGGALQAK
238	ELAGIGILTV
6301	GILGFVFTL
26495	GLCTLVAML
7669	RAKFKQLL
33388	GILGFVFTL
11985	RAKFKQLL
31454	GILGFVFTL
23228	KLGGALQAK
35861	KLGGALQAK
25905	KLGGALQAK
31998	GILGFVFTL
36246	KLGGALQAK
34605	KLGGALQAK
5697	GILGFVFTL
23012	KLGGALQAK
34368	KLGGALQAK
5440	KLGGALQAK
34229	KLGGALQAK
35381	KLGGALQAK
14955	RAKFKQLL
35172	KLGGALQAK
34319	KLGGALQAK
34832	KLGGALQAK
15723	GILGFVFTL
33472	GILGFVFTL
34561	KLGGALQAK
32394	GILGFVFTL
10449	RAKFKQLL
18008	KLGGALQAK
28246	RAKFKQLL
35628	KLGGALQAK
34768	KLGGALQAK
17001	IVTDFSVIK
11336	RAKFKQLL
30539	GILGFVFTL
34173	KLGGALQAK
26522	KLGGALQAK
108	KLGGALQAK
27082	RAKFKQLL
35917	KLGGALQAK
13910	RAKFKQLL
2358	KLGGALQAK
28723	KLGGALQAK
32364	GILGFVFTL
34132	KLGGALQAK
34384	KLGGALQAK
22320	RAKFKQLL
20245	RAKFKQLL
35987	KLGGALQAK
35491	KLGGALQAK
2967	IVTDFSVIK
4974	RAKFKQLL
14548	AVFDRKSDAK
25916	RAKFKQLL
23893	KLGGALQAK
35781	KLGGALQAK
36202	KLGGALQAK
19693	RAKFKQLL
5118	KLGGALQAK
35639	KLGGALQAK
20472	GILGFVFTL
5109	KLGGALQAK
27096	AVFDRKSDAK
35819	KLGGALQAK
11795	RAKFKQLL
5598	GILGFVFTL
18054	GLCTLVAML
34859	KLGGALQAK
351	IVTDFSVIK
18492	RAKFKQLL
30562	GILGFVFTL
34411	KLGGALQAK
25808	RAKFKQLL
34574	AVFDRKSDAK
16977	KLGGALQAK
5164	IVTDFSVIK
35186	KLGGALQAK
36256	KLGGALQAK
34952	KLGGALQAK
34681	KLGGALQAK
36176	KLGGALQAK
35298	KLGGALQAK
5533	ELAGIGILTV
25692	RAKFKQLL
35343	KLGGALQAK
156	GILGFVFTL
35638	KLGGALQAK
6602	GILGFVFTL
5031	GILGFVFTL
35119	KLGGALQAK
18240	RAKFKQLL
34421	AVFDRKSDAK
35892	KLGGALQAK
7239	ELAGIGILTV
35710	KLGGALQAK
14270	RAKFKQLL
10548	RAKFKQLL
34950	KLGGALQAK
30882	GILGFVFTL
7671	RAKFKQLL
5253	ELAGIGILTV
35904	KLGGALQAK
34278	GILGFVFTL
35094	KLGGALQAK
35569	KLGGALQAK
31932	GILGFVFTL
34175	KLGGALQAK
15333	ELAGIGILTV
15756	RAKFKQLL
5275	RAKFKQLL
25994	ELAGIGILTV
17150	RAKFKQLL
35893	KLGGALQAK
16940	GLCTLVAML
5056	KLGGALQAK
6254	GILGFVFTL
277	IVTDFSVIK
27119	RAKFKQLL
35081	KLGGALQAK
2411	KLGGALQAK
2261	RAKFKQLL
5258	ELAGIGILTV
30573	GILGFVFTL
7674	RAKFKQLL
26547	KLGGALQAK
18100	RAKFKQLL
15314	KLGGALQAK
27722	RAKFKQLL
34584	KLGGALQAK
33555	GILGFVFTL
34180	KLGGALQAK
34745	KLGGALQAK
5418	ELAGIGILTV
23842	RAKFKQLL
29930	GILGFVFTL
34840	KLGGALQAK
35723	KLGGALQAK
35655	KLGGALQAK
4932	KLGGALQAK
6839	GILGFVFTL
8972	RAKFKQLL
16946	KLGGALQAK
35270	KLGGALQAK
28722	KLGGALQAK
5091	KLGGALQAK
2329	KLGGALQAK
2311	KLGGALQAK
2409	GILGFVFTL
34220	KLGGALQAK
2445	RAKFKQLL
36111	KLGGALQAK
35817	KLGGALQAK
33899	KLGGALQAK
34193	KLGGALQAK
24126	RAKFKQLL
5116	IVTDFSVIK
2369	KLGGALQAK
2559	IVTDFSVIK
35397	KLGGALQAK
26214	GLCTLVAML
34914	KLGGALQAK
36088	IVTDFSVIK
36124	KLGGALQAK
36330	KLGGALQAK
2809	IVTDFSVIK
35745	KLGGALQAK
35637	KLGGALQAK
18231	AVFDRKSDAK
34917	KLGGALQAK
34965	KLGGALQAK
32392	GILGFVFTL
27069	KLGGALQAK
55	IVTDFSVIK
34463	KLGGALQAK
36118	KLGGALQAK
5657	GILGFVFTL
34475	KLGGALQAK
16053	RAKFKQLL
34553	KLGGALQAK
26314	GLCTLVAML
5257	RAKFKQLL
24909	GLCTLVAML
34129	KLGGALQAK
28825	GILGFVFTL
2572	IVTDFSVIK
5066	KLGGALQAK
29357	GILGFVFTL
23121	KLGGALQAK
6479	AVFDRKSDAK
36137	KLGGALQAK
35660	KLGGALQAK
25436	RAKFKQLL
26262	KLGGALQAK
36175	IVTDFSVIK
30554	GILGFVFTL
15184	RAKFKQLL
23005	RAKFKQLL
34269	KLGGALQAK
5855	GILGFVFTL
5507	ELAGIGILTV
34300	KLGGALQAK
14166	RAKFKQLL
34674	KLGGALQAK
8616	RAKFKQLL
35394	KLGGALQAK
25454	KLGGALQAK
32001	GILGFVFTL
35060	KLGGALQAK
23847	KLGGALQAK
6569	KLGGALQAK
26213	GLCTLVAML
28168	RAKFKQLL
7679	RAKFKQLL
35975	KLGGALQAK
35822	KLGGALQAK
36288	KLGGALQAK
25908	RAKFKQLL
33016	GILGFVFTL
379	IVTDFSVIK
16957	RAKFKQLL
24713	KLGGALQAK
5464	IVTDFSVIK
31357	GILGFVFTL
34897	KLGGALQAK
27755	RAKFKQLL
34498	KLGGALQAK
11210	RAKFKQLL
16938	RAKFKQLL
34090	KLGGALQAK
8622	RAKFKQLL
35030	KLGGALQAK
34961	KLGGALQAK
28728	KLGGALQAK
35018	KLGGALQAK
2348	GILGFVFTL
7326	RAKFKQLL
34723	KLGGALQAK
36135	KLGGALQAK
36210	KLGGALQAK
34343	KLGGALQAK
32323	GILGFVFTL
77	ELAGIGILTV
24567	RAKFKQLL
26479	KLGGALQAK
34356	KLGGALQAK
6235	GILGFVFTL
35596	KLGGALQAK
6707	GILGFVFTL
5040	KLGGALQAK
26155	GLCTLVAML
36300	KLGGALQAK
34102	ELAGIGILTV
34261	KLGGALQAK
36232	KLGGALQAK
23478	RAKFKQLL
34857	KLGGALQAK
5060	KLGGALQAK
35087	KLGGALQAK
14335	KLGGALQAK
6674	GILGFVFTL
35862	KLGGALQAK
5080	IVTDFSVIK
35371	KLGGALQAK
34459	KLGGALQAK
6251	GILGFVFTL
24314	KLGGALQAK
5170	GLCTLVAML
6807	GILGFVFTL
35285	KLGGALQAK
34824	KLGGALQAK
13976	RAKFKQLL
35776	KLGGALQAK
2578	IVTDFSVIK
15325	KLGGALQAK
684	AVFDRKSDAK
35885	KLGGALQAK
35752	KLGGALQAK
35614	KLGGALQAK
28368	GILGFVFTL
122	AVFDRKSDAK
14631	KLGGALQAK
30415	GILGFVFTL
5121	GILGFVFTL
35964	AVFDRKSDAK
30421	GILGFVFTL
35465	KLGGALQAK
28452	KLGGALQAK
29776	GILGFVFTL
35169	KLGGALQAK
2480	KLGGALQAK
35790	KLGGALQAK
36326	KLGGALQAK
35980	KLGGALQAK
2267	RAKFKQLL
2475	GILGFVFTL
14264	RAKFKQLL
14242	RAKFKQLL
34271	KLGGALQAK
35737	KLGGALQAK
7624	GILGFVFTL
7160	GILGFVFTL
15319	GILGFVFTL
6949	GILGFVFTL
67	GILGFVFTL
2288	KLGGALQAK
25698	KLGGALQAK
32417	GILGFVFTL
5030	IVTDFSVIK
35370	KLGGALQAK
28732	KLGGALQAK
33521	GILGFVFTL
35424	KLGGALQAK
23904	RAKFKQLL
34930	KLGGALQAK
35698	KLGGALQAK
4969	GLCTLVAML
7691	RAKFKQLL
36120	KLGGALQAK
35914	KLGGALQAK
23241	GILGFVFTL
5797	GILGFVFTL
24696	KLGGALQAK
31492	GILGFVFTL
35003	KLGGALQAK
25012	RAKFKQLL
23237	GILGFVFTL
33901	KLGGALQAK
17040	KLGGALQAK
672	KLGGALQAK
35431	KLGGALQAK
7076	GILGFVFTL
27090	KLGGALQAK
26615	RAKFKQLL
28447	KLGGALQAK
29941	GILGFVFTL
34783	KLGGALQAK
16948	KLGGALQAK
27110	RAKFKQLL
28714	KLGGALQAK
28886	GILGFVFTL
34905	KLGGALQAK
19220	RAKFKQLL
30385	GILGFVFTL
31798	GILGFVFTL
34302	KLGGALQAK
34333	KLGGALQAK
30473	GILGFVFTL
241	KLGGALQAK
34150	KLGGALQAK
13986	RAKFKQLL
51	GILGFVFTL
32998	GILGFVFTL
34315	KLGGALQAK
205	KLGGALQAK
33814	GILGFVFTL
8107	RAKFKQLL
2490	IVTDFSVIK
25102	GLCTLVAML
34920	KLGGALQAK
26521	KLGGALQAK
36138	KLGGALQAK
35468	KLGGALQAK
35867	KLGGALQAK
34843	KLGGALQAK
2426	IVTDFSVIK
28707	GILGFVFTL
34795	KLGGALQAK
23239	RAKFKQLL
5245	KLGGALQAK
25220	GILGFVFTL
26520	ELAGIGILTV
35563	KLGGALQAK
35193	KLGGALQAK
5375	AVFDRKSDAK
117	IVTDFSVIK
194	KLGGALQAK
35722	KLGGALQAK
35334	KLGGALQAK
31622	GILGFVFTL
34231	KLGGALQAK
6231	GILGFVFTL
26146	KLGGALQAK
32502	GILGFVFTL
23010	KLGGALQAK
34896	KLGGALQAK
33372	GILGFVFTL
18210	RAKFKQLL
28380	GILGFVFTL
34715	KLGGALQAK
28835	KLGGALQAK
35557	KLGGALQAK
6959	ELAGIGILTV
34058	KLGGALQAK
6245	GILGFVFTL
5541	AVFDRKSDAK
2296	KLGGALQAK
4284	IVTDFSVIK
26263	KLGGALQAK
35762	KLGGALQAK
35450	KLGGALQAK
16175	RAKFKQLL
17888	KLGGALQAK
34307	KLGGALQAK
34740	KLGGALQAK
35866	KLGGALQAK
35690	KLGGALQAK
38417	KLGGALQAK
35940	KLGGALQAK
8102	RAKFKQLL
29946	GILGFVFTL
33480	KLGGALQAK
35347	KLGGALQAK
34933	KLGGALQAK
4976	RAKFKQLL
5518	GILGFVFTL
13925	GILGFVFTL
13931	GILGFVFTL
2271	KLGGALQAK
36107	KLGGALQAK
190	KLGGALQAK
138	GILGFVFTL
16302	RAKFKQLL
6608	GILGFVFTL
4958	KLGGALQAK
34192	KLGGALQAK
696	KLGGALQAK
31557	RAKFKQLL
8273	GILGFVFTL
36251	KLGGALQAK
17995	KLGGALQAK
23376	RAKFKQLL
34656	KLGGALQAK
4955	KLGGALQAK
26487	GLCTLVAML
5562	GILGFVFTL
5126	RAKFKQLL
35325	KLGGALQAK
31362	GILGFVFTL
32911	GILGFVFTL
25264	RAKFKQLL
35989	KLGGALQAK
35831	KLGGALQAK
26011	RAKFKQLL
25439	RAKFKQLL
32252	GILGFVFTL
25396	KLGGALQAK
28863	KLGGALQAK
28360	KLGGALQAK
5530	KLGGALQAK
36319	IVTDFSVIK
27161	RAKFKQLL
17977	KLGGALQAK
23021	KLGGALQAK
24710	KLGGALQAK
5270	KLGGALQAK
24849	GLCTLVAML
2587	IVTDFSVIK
34991	KLGGALQAK
4946	KLGGALQAK
869	AVFDRKSDAK
7167	GILGFVFTL
28703	RAKFKQLL
28369	RAKFKQLL
5	GILGFVFTL
35056	KLGGALQAK
2244	KLGGALQAK
35724	KLGGALQAK
25716	RAKFKQLL
34598	KLGGALQAK
36252	KLGGALQAK
23219	ELAGIGILTV
2574	KLGGALQAK
28735	GILGFVFTL
18110	RAKFKQLL
15046	RAKFKQLL
24235	RAKFKQLL
32279	GILGFVFTL
15329	RAKFKQLL
5594	GILGFVFTL
7280	GILGFVFTL
35588	KLGGALQAK
28720	KLGGALQAK
34328	KLGGALQAK
6227	GILGFVFTL
22985	KLGGALQAK
25249	GLCTLVAML
8924	RAKFKQLL
30492	GILGFVFTL
26515	IVTDFSVIK
34352	KLGGALQAK
378	KLGGALQAK
35770	KLGGALQAK
5173	GLCTLVAML
23907	RAKFKQLL
7332	KLGGALQAK
22327	IVTDFSVIK
25722	GILGFVFTL
16000	KLGGALQAK
4926	KLGGALQAK
213	KLGGALQAK
11138	RAKFKQLL
36082	KLGGALQAK
34242	KLGGALQAK
25380	KLGGALQAK
36287	KLGGALQAK
34482	KLGGALQAK
18020	RAKFKQLL
35027	AVFDRKSDAK
28445	GILGFVFTL
35903	KLGGALQAK
11759	RAKFKQLL
28411	RAKFKQLL
34945	KLGGALQAK
38432	KLGGALQAK
7321	GILGFVFTL
24591	RAKFKQLL
26037	KLGGALQAK
7212	GILGFVFTL
34246	KLGGALQAK
15794	RAKFKQLL
34599	KLGGALQAK
34008	KLGGALQAK
17047	RAKFKQLL
13801	RAKFKQLL
23818	RAKFKQLL
23229	RAKFKQLL
2377	KLGGALQAK
34751	KLGGALQAK
7229	KLGGALQAK
16932	RAKFKQLL
27063	RAKFKQLL
35860	KLGGALQAK
34157	KLGGALQAK
34591	KLGGALQAK
35040	KLGGALQAK
35043	KLGGALQAK
11890	RAKFKQLL
27097	RAKFKQLL
25378	RAKFKQLL
5231	GILGFVFTL
33479	GILGFVFTL
31359	GILGFVFTL
31081	GILGFVFTL
34225	KLGGALQAK
5516	ELAGIGILTV
34065	KLGGALQAK
35937	KLGGALQAK
26524	IVTDFSVIK
36185	KLGGALQAK
35159	KLGGALQAK
35155	KLGGALQAK
36247	KLGGALQAK
34036	KLGGALQAK
5190	GILGFVFTL
22315	KLGGALQAK
6232	GILGFVFTL
23224	KLGGALQAK
23823	KLGGALQAK
2341	ELAGIGILTV
28730	KLGGALQAK
2522	RAKFKQLL
36205	KLGGALQAK
34624	KLGGALQAK
34289	KLGGALQAK
7659	GILGFVFTL
25927	KLGGALQAK
28867	GILGFVFTL
34127	KLGGALQAK
24363	KLGGALQAK
12	RAKFKQLL
6091	GILGFVFTL
7227	ELAGIGILTV
25287	RAKFKQLL
35326	KLGGALQAK
33392	KLGGALQAK
35185	KLGGALQAK
34262	KLGGALQAK
35434	KLGGALQAK
34120	KLGGALQAK
35255	KLGGALQAK
2286	KLGGALQAK
34345	KLGGALQAK
16265	RAKFKQLL
180	GILGFVFTL
5452	KLGGALQAK
35802	KLGGALQAK
35927	KLGGALQAK
30391	GILGFVFTL
35127	KLGGALQAK
34805	KLGGALQAK
18087	KLGGALQAK
5233	KLGGALQAK
658	AVFDRKSDAK
34984	KLGGALQAK
25016	IVTDFSVIK
5660	GILGFVFTL
7240	RAKFKQLL
24682	KLGGALQAK
5279	RAKFKQLL
2382	KLGGALQAK
2453	IVTDFSVIK
35318	KLGGALQAK
5019	KLGGALQAK
14796	RAKFKQLL
23848	KLGGALQAK
35129	KLGGALQAK
25395	RAKFKQLL
33116	GILGFVFTL
34358	KLGGALQAK
35864	KLGGALQAK
26049	KLGGALQAK
33230	GILGFVFTL
32610	GILGFVFTL
11482	RAKFKQLL
26243	KLGGALQAK
15318	RAKFKQLL
10423	RAKFKQLL
23993	RAKFKQLL
2460	KLGGALQAK
34821	KLGGALQAK
8131	RAKFKQLL
22324	KLGGALQAK
33862	GILGFVFTL
34830	KLGGALQAK
22707	RAKFKQLL
103	ELAGIGILTV
35744	KLGGALQAK
25919	RAKFKQLL
25924	GILGFVFTL
24360	RAKFKQLL
5450	AVFDRKSDAK
32602	GILGFVFTL
28678	KLGGALQAK
18091	RAKFKQLL
26470	KLGGALQAK
35736	KLGGALQAK
35218	KLGGALQAK
5652	GILGFVFTL
35178	KLGGALQAK
30409	GILGFVFTL
35972	KLGGALQAK
35661	KLGGALQAK
5494	KLGGALQAK
34209	KLGGALQAK
95	KLGGALQAK
5801	GILGFVFTL
35294	KLGGALQAK
16186	RAKFKQLL
2401	KLGGALQAK
35611	KLGGALQAK
23890	KLGGALQAK
26801	RAKFKQLL
25720	KLGGALQAK
35235	KLGGALQAK
5500	ELAGIGILTV
139	GILGFVFTL
34377	KLGGALQAK
16963	KLGGALQAK
34862	KLGGALQAK
35438	KLGGALQAK
34044	KLGGALQAK
30575	GILGFVFTL
23899	RAKFKQLL
34295	KLGGALQAK
75	KLGGALQAK
17048	RAKFKQLL
6162	GILGFVFTL
35344	KLGGALQAK
34526	KLGGALQAK
16982	RAKFKQLL
34562	KLGGALQAK
2462	KLGGALQAK
28400	RAKFKQLL
35600	KLGGALQAK
34054	KLGGALQAK
27060	KLGGALQAK
35253	KLGGALQAK
513	IVTDFSVIK
35441	KLGGALQAK
15215	RAKFKQLL
24334	IVTDFSVIK
33956	KLGGALQAK
5603	GILGFVFTL
24996	RAKFKQLL
34811	KLGGALQAK
2233	RAKFKQLL
34943	KLGGALQAK
34750	KLGGALQAK
28304	IVTDFSVIK
31930	GILGFVFTL
34094	KLGGALQAK
23843	KLGGALQAK
23829	KLGGALQAK
31652	GILGFVFTL
165	RAKFKQLL
18090	RAKFKQLL
34974	KLGGALQAK
28597	KLGGALQAK
5645	GILGFVFTL
2340	KLGGALQAK
34579	KLGGALQAK
30399	GILGFVFTL
25441	RAKFKQLL
28457	GILGFVFTL
24354	RAKFKQLL
2625	IVTDFSVIK
14843	RAKFKQLL
25086	GLCTLVAML
24989	KLGGALQAK
35844	KLGGALQAK
15307	KLGGALQAK
2373	KLGGALQAK
5058	KLGGALQAK
33597	RAKFKQLL
34211	KLGGALQAK
636	KLGGALQAK
32769	GILGFVFTL
28356	RAKFKQLL
635	RAKFKQLL
33366	GILGFVFTL
26502	ELAGIGILTV
5544	GILGFVFTL
34006	KLGGALQAK
36331	KLGGALQAK
35668	KLGGALQAK
31268	GILGFVFTL
34234	KLGGALQAK
34585	KLGGALQAK
251	KLGGALQAK
5223	GILGFVFTL
5817	GILGFVFTL
35889	KLGGALQAK
35793	KLGGALQAK
35147	KLGGALQAK
24685	GLCTLVAML
35282	KLGGALQAK
25386	KLGGALQAK
36234	KLGGALQAK
36192	KLGGALQAK
34866	KLGGALQAK
14645	KLGGALQAK
31192	GILGFVFTL
34143	KLGGALQAK
34623	KLGGALQAK
114	KLGGALQAK
6247	GILGFVFTL
34725	KLGGALQAK
26451	GLCTLVAML
34166	KLGGALQAK
5510	AVFDRKSDAK
5608	GILGFVFTL
35080	KLGGALQAK
7254	KLGGALQAK
34347	KLGGALQAK
31618	GILGFVFTL
35269	KLGGALQAK
28709	KLGGALQAK
6319	GILGFVFTL
5075	KLGGALQAK
18059	KLGGALQAK
28973	GILGFVFTL
34665	KLGGALQAK
23009	RAKFKQLL
25763	GILGFVFTL
91	KLGGALQAK
24221	RAKFKQLL
27094	KLGGALQAK
28606	ELAGIGILTV
26242	GILGFVFTL
34238	KLGGALQAK
34825	KLGGALQAK
7368	GILGFVFTL
34392	KLGGALQAK
35458	KLGGALQAK
15997	RAKFKQLL
5733	GILGFVFTL
26135	GILGFVFTL
35459	KLGGALQAK
26519	GLCTLVAML
23845	KLGGALQAK
7323	GILGFVFTL
14142	RAKFKQLL
35037	KLGGALQAK
14075	RAKFKQLL
21337	RAKFKQLL
34391	KLGGALQAK
7255	KLGGALQAK
7170	GILGFVFTL
26550	RAKFKQLL
17050	KLGGALQAK
11196	RAKFKQLL
34334	KLGGALQAK
7666	RAKFKQLL
29698	GILGFVFTL
5256	KLGGALQAK
34310	KLGGALQAK
2004	AVFDRKSDAK
7175	KLGGALQAK
26498	KLGGALQAK
22330	RAKFKQLL
34928	KLGGALQAK
35804	KLGGALQAK
35849	KLGGALQAK
26190	GLCTLVAML
25993	KLGGALQAK
31407	GILGFVFTL
7035	GILGFVFTL
3468	KLGGALQAK
34230	ELAGIGILTV
35187	KLGGALQAK
2465	KLGGALQAK
15570	KLGGALQAK
25704	RAKFKQLL
35504	KLGGALQAK
23814	KLGGALQAK
34773	KLGGALQAK
35350	KLGGALQAK
34251	KLGGALQAK
7369	RAKFKQLL
35099	KLGGALQAK
2399	KLGGALQAK
7370	GILGFVFTL
28305	KLGGALQAK
7063	GILGFVFTL
18000	KLGGALQAK
35758	KLGGALQAK
5024	KLGGALQAK
33552	GILGFVFTL
35260	KLGGALQAK
2477	AVFDRKSDAK
34652	AVFDRKSDAK
15583	RAKFKQLL
10972	RAKFKQLL
22323	RAKFKQLL
31612	GILGFVFTL
14190	RAKFKQLL
5104	KLGGALQAK
35309	KLGGALQAK
2464	KLGGALQAK
2667	IVTDFSVIK
36327	KLGGALQAK
32609	GILGFVFTL
34394	KLGGALQAK
30289	GILGFVFTL
27079	KLGGALQAK
35881	KLGGALQAK
36126	KLGGALQAK
31850	GILGFVFTL
17952	RAKFKQLL
35756	KLGGALQAK
21357	RAKFKQLL
31902	GILGFVFTL
23405	RAKFKQLL
35956	KLGGALQAK
34177	KLGGALQAK
33592	GILGFVFTL
17997	KLGGALQAK
38429	ELAGIGILTV
16981	KLGGALQAK
23901	KLGGALQAK
35796	KLGGALQAK
34200	KLGGALQAK
34741	KLGGALQAK
38420	IVTDFSVIK
30088	GILGFVFTL
12702	RAKFKQLL
24962	GLCTLVAML
34988	KLGGALQAK
5514	ELAGIGILTV
35613	KLGGALQAK
149	KLGGALQAK
25400	AVFDRKSDAK
31458	GILGFVFTL
25302	RAKFKQLL
24305	RAKFKQLL
36224	IVTDFSVIK
28612	KLGGALQAK
5606	GILGFVFTL
15086	RAKFKQLL
34266	KLGGALQAK
35958	KLGGALQAK
24339	KLGGALQAK
3099	IVTDFSVIK
35189	KLGGALQAK
33600	GILGFVFTL
17037	KLGGALQAK
34241	IVTDFSVIK
16713	RAKFKQLL
373	KLGGALQAK
23011	KLGGALQAK
17894	KLGGALQAK
34536	KLGGALQAK
35266	KLGGALQAK
29936	GILGFVFTL
31834	GILGFVFTL
2302	KLGGALQAK
25105	RAKFKQLL
24706	GLCTLVAML
34541	KLGGALQAK
6548	KLGGALQAK
34586	KLGGALQAK
21422	RAKFKQLL
34697	KLGGALQAK
35322	KLGGALQAK
6348	GILGFVFTL
25326	RAKFKQLL
25742	KLGGALQAK
32755	GILGFVFTL
14674	KLGGALQAK
14847	RAKFKQLL
94	KLGGALQAK
5152	KLGGALQAK
34617	KLGGALQAK
5414	RAKFKQLL
5804	GILGFVFTL
35130	KLGGALQAK
6545	GILGFVFTL
27947	GLCTLVAML
23177	RAKFKQLL
5112	KLGGALQAK
25084	GILGFVFTL
2756	IVTDFSVIK
34760	KLGGALQAK
669	KLGGALQAK
34089	KLGGALQAK
23850	KLGGALQAK
35233	KLGGALQAK
6669	KLGGALQAK
31623	GILGFVFTL
35950	KLGGALQAK
30498	GILGFVFTL
23023	KLGGALQAK
35327	KLGGALQAK
7211	GILGFVFTL
34040	KLGGALQAK
28827	KLGGALQAK
15993	RAKFKQLL
35898	KLGGALQAK
35884	KLGGALQAK
5558	GILGFVFTL
24374	RAKFKQLL
22309	RAKFKQLL
24382	RAKFKQLL
24715	RAKFKQLL
2306	KLGGALQAK
35304	KLGGALQAK
683	KLGGALQAK
23903	RAKFKQLL
35240	KLGGALQAK
35921	KLGGALQAK
34955	KLGGALQAK
31679	GILGFVFTL
34707	KLGGALQAK
18075	AVFDRKSDAK
18109	RAKFKQLL
34755	KLGGALQAK
29968	KLGGALQAK
34189	KLGGALQAK
14246	IVTDFSVIK
32695	GILGFVFTL
23902	KLGGALQAK
2452	KLGGALQAK
35132	KLGGALQAK
35973	KLGGALQAK
3646	IVTDFSVIK
22895	RAKFKQLL
26505	KLGGALQAK
10407	RAKFKQLL
28680	KLGGALQAK
8170	RAKFKQLL
33846	GILGFVFTL
34057	KLGGALQAK
5402	ELAGIGILTV
13823	RAKFKQLL
35296	KLGGALQAK
34696	KLGGALQAK
26044	KLGGALQAK
6672	GILGFVFTL
34153	KLGGALQAK
14746	RAKFKQLL
33852	GILGFVFTL
34719	ELAGIGILTV
6243	GILGFVFTL
35568	KLGGALQAK
35731	KLGGALQAK
31367	GILGFVFTL
35064	KLGGALQAK
35232	KLGGALQAK
34539	KLGGALQAK
36182	AVFDRKSDAK
23804	RAKFKQLL
35597	KLGGALQAK
33826	GILGFVFTL
34104	KLGGALQAK
15322	RAKFKQLL
36101	KLGGALQAK
6598	GILGFVFTL
34918	KLGGALQAK
23138	RAKFKQLL
35673	KLGGALQAK
26012	RAKFKQLL
23007	RAKFKQLL
5061	KLGGALQAK
34361	KLGGALQAK
34066	KLGGALQAK
161	KLGGALQAK
34787	KLGGALQAK
5655	GILGFVFTL
35565	KLGGALQAK
34742	KLGGALQAK
34669	KLGGALQAK
34346	KLGGALQAK
25184	GILGFVFTL
6983	GILGFVFTL
14679	KLGGALQAK
170	ELAGIGILTV
35835	KLGGALQAK
17860	GLCTLVAML
34382	KLGGALQAK
1588	AVFDRKSDAK
5411	KLGGALQAK
5226	RAKFKQLL
24687	KLGGALQAK
34435	KLGGALQAK
27087	RAKFKQLL
33573	GILGFVFTL
34923	KLGGALQAK
2299	GILGFVFTL
34739	KLGGALQAK
17004	GLCTLVAML
34642	KLGGALQAK
34926	KLGGALQAK
2266	ELAGIGILTV
34050	KLGGALQAK
35730	ELAGIGILTV
36285	KLGGALQAK
34142	KLGGALQAK
28704	RAKFKQLL
3316	IVTDFSVIK
7699	RAKFKQLL
17180	GLCTLVAML
25402	GILGFVFTL
7969	RAKFKQLL
153	KLGGALQAK
15048	RAKFKQLL
7213	GILGFVFTL
74	RAKFKQLL
34306	IVTDFSVIK
25707	RAKFKQLL
2318	KLGGALQAK
5051	KLGGALQAK
35242	KLGGALQAK
35401	KLGGALQAK
14176	RAKFKQLL
33999	KLGGALQAK
2239	KLGGALQAK
6550	KLGGALQAK
28307	RAKFKQLL
34160	KLGGALQAK
2226	RAKFKQLL
5802	GILGFVFTL
34494	KLGGALQAK
35594	KLGGALQAK
36073	IVTDFSVIK
35858	KLGGALQAK
34340	KLGGALQAK
34336	KLGGALQAK
34465	KLGGALQAK
34738	KLGGALQAK
30096	GILGFVFTL
35619	AVFDRKSDAK
31887	GILGFVFTL
36079	AVFDRKSDAK
34410	KLGGALQAK
35572	KLGGALQAK
34981	ELAGIGILTV
28456	KLGGALQAK
31379	GILGFVFTL
5495	KLGGALQAK
36050	AVFDRKSDAK
32334	GILGFVFTL
5393	KLGGALQAK
18003	KLGGALQAK
3952	IVTDFSVIK
17009	GLCTLVAML
24101	RAKFKQLL
31489	GILGFVFTL
23896	RAKFKQLL
34767	KLGGALQAK
2435	IVTDFSVIK
35445	KLGGALQAK
27092	KLGGALQAK
10031	RAKFKQLL
14334	GILGFVFTL
36136	KLGGALQAK
31885	GILGFVFTL
24707	RAKFKQLL
34827	KLGGALQAK
5620	GILGFVFTL
2247	KLGGALQAK
30502	GILGFVFTL
33481	KLGGALQAK
14272	RAKFKQLL
3041	IVTDFSVIK
17479	GLCTLVAML
19210	RAKFKQLL
34221	KLGGALQAK
218	KLGGALQAK
22342	RAKFKQLL
5078	AVFDRKSDAK
35847	KLGGALQAK
25812	RAKFKQLL
32675	GILGFVFTL
28306	KLGGALQAK
261	RAKFKQLL
25920	GILGFVFTL
7686	RAKFKQLL
34711	KLGGALQAK
5228	GILGFVFTL
34084	KLGGALQAK
32304	GILGFVFTL
24509	RAKFKQLL
34670	KLGGALQAK
35966	KLGGALQAK
5556	KLGGALQAK
4257	GILGFVFTL
35216	KLGGALQAK
36324	KLGGALQAK
2265	KLGGALQAK
32322	KLGGALQAK
17890	KLGGALQAK
24381	RAKFKQLL
6549	KLGGALQAK
28682	KLGGALQAK
6552	GILGFVFTL
15384	RAKFKQLL
26019	GILGFVFTL
34969	KLGGALQAK
24913	GLCTLVAML
25222	RAKFKQLL
5027	GILGFVFTL
6668	GILGFVFTL
6568	KLGGALQAK
38428	IVTDFSVIK
34631	KLGGALQAK
2474	KLGGALQAK
34903	IVTDFSVIK
29867	GILGFVFTL
6670	ELAGIGILTV
15335	RAKFKQLL
27061	KLGGALQAK
5774	GILGFVFTL
34272	KLGGALQAK
7675	RAKFKQLL
34052	KLGGALQAK
35359	KLGGALQAK
33515	GILGFVFTL
36002	KLGGALQAK
2366	KLGGALQAK
27763	RAKFKQLL
34111	AVFDRKSDAK
34500	KLGGALQAK
23994	RAKFKQLL
7235	KLGGALQAK
2287	KLGGALQAK
35096	KLGGALQAK
35143	KLGGALQAK
6325	GILGFVFTL
8178	RAKFKQLL
34009	KLGGALQAK
13988	RAKFKQLL
41	AVFDRKSDAK
35707	KLGGALQAK
31938	GILGFVFTL
35855	AVFDRKSDAK
34226	KLGGALQAK
83	RAKFKQLL
2251	RAKFKQLL
36066	KLGGALQAK
16952	KLGGALQAK
49	GILGFVFTL
15277	RAKFKQLL
35095	KLGGALQAK
34201	KLGGALQAK
34128	KLGGALQAK
32983	GILGFVFTL
2403	KLGGALQAK
35584	KLGGALQAK
2471	AVFDRKSDAK
6855	GILGFVFTL
52	AVFDRKSDAK
33929	ELAGIGILTV
18532	RAKFKQLL
5127	KLGGALQAK
6892	GILGFVFTL
150	ELAGIGILTV
35623	KLGGALQAK
26015	KLGGALQAK
34747	KLGGALQAK
25	GILGFVFTL
36188	KLGGALQAK
14672	KLGGALQAK
5457	ELAGIGILTV
7346	KLGGALQAK
5188	KLGGALQAK
24803	GILGFVFTL
13327	RAKFKQLL
34667	KLGGALQAK
34076	KLGGALQAK
35803	KLGGALQAK
36211	KLGGALQAK
33490	GILGFVFTL
27286	RAKFKQLL
2397	KLGGALQAK
23025	KLGGALQAK
34309	KLGGALQAK
34265	KLGGALQAK
26512	AVFDRKSDAK
7206	GILGFVFTL
34059	KLGGALQAK
34117	KLGGALQAK
17966	KLGGALQAK
25462	RAKFKQLL
34478	KLGGALQAK
27120	RAKFKQLL
18103	GILGFVFTL
33534	GILGFVFTL
34401	KLGGALQAK
17090	RAKFKQLL
35895	KLGGALQAK
36007	KLGGALQAK
26554	RAKFKQLL
13927	RAKFKQLL
5422	KLGGALQAK
22322	KLGGALQAK
6237	GILGFVFTL
27085	RAKFKQLL
25796	GILGFVFTL
12304	RAKFKQLL
36125	KLGGALQAK
5319	AVFDRKSDAK
35002	KLGGALQAK
34068	KLGGALQAK
34403	KLGGALQAK
5497	KLGGALQAK
5501	ELAGIGILTV
24496	RAKFKQLL
35666	AVFDRKSDAK
29950	RAKFKQLL
30425	GILGFVFTL
32607	GILGFVFTL
270	KLGGALQAK
2241	ELAGIGILTV
17035	KLGGALQAK
36274	KLGGALQAK
35678	KLGGALQAK
33995	KLGGALQAK
35	GILGFVFTL
29	KLGGALQAK
36051	IVTDFSVIK
7294	GILGFVFTL
36008	KLGGALQAK
34490	KLGGALQAK
34079	KLGGALQAK
24347	GILGFVFTL
5523	KLGGALQAK
33502	GILGFVFTL
10943	RAKFKQLL
35757	KLGGALQAK
36092	KLGGALQAK
6667	GILGFVFTL
34062	KLGGALQAK
35615	KLGGALQAK
4983	KLGGALQAK
31745	GILGFVFTL
18052	KLGGALQAK
36077	ELAGIGILTV
31323	GILGFVFTL
222	RAKFKQLL
25069	KLGGALQAK
33858	GILGFVFTL
34956	KLGGALQAK
7079	KLGGALQAK
33991	KLGGALQAK
35229	KLGGALQAK
36151	ELAGIGILTV
34114	KLGGALQAK
2504	KLGGALQAK
36301	KLGGALQAK
6684	GILGFVFTL
32883	GILGFVFTL
9044	RAKFKQLL
36152	KLGGALQAK
25397	RAKFKQLL
11154	RAKFKQLL
15584	RAKFKQLL
32359	GILGFVFTL
35439	KLGGALQAK
34208	KLGGALQAK
9486	RAKFKQLL
33611	GILGFVFTL
23813	RAKFKQLL
6671	GILGFVFTL
28599	RAKFKQLL
6036	GILGFVFTL
6662	GILGFVFTL
2517	KLGGALQAK
33953	KLGGALQAK
5471	ELAGIGILTV
2538	KLGGALQAK
34666	KLGGALQAK
36160	KLGGALQAK
15310	KLGGALQAK
6946	GILGFVFTL
34816	KLGGALQAK
221	KLGGALQAK
18058	KLGGALQAK
2347	ELAGIGILTV
2470	GILGFVFTL
28861	KLGGALQAK
34217	KLGGALQAK
34293	RAKFKQLL
33755	GILGFVFTL
34548	KLGGALQAK
6358	GILGFVFTL
16004	KLGGALQAK
16003	RAKFKQLL
36208	KLGGALQAK
674	AVFDRKSDAK
28862	KLGGALQAK
34235	KLGGALQAK
6357	GILGFVFTL
5576	GILGFVFTL
34576	KLGGALQAK
5187	KLGGALQAK
27853	RAKFKQLL
7072	KLGGALQAK
35694	KLGGALQAK
18063	RAKFKQLL
35261	KLGGALQAK
2237	ELAGIGILTV
34364	KLGGALQAK
23020	GILGFVFTL
23822	RAKFKQLL
34577	KLGGALQAK
32348	GILGFVFTL
37320	IVTDFSVIK
28880	GILGFVFTL
36060	KLGGALQAK
24312	KLGGALQAK
35697	KLGGALQAK
35811	KLGGALQAK
253	IVTDFSVIK
34527	KLGGALQAK
34781	KLGGALQAK
35663	KLGGALQAK
35662	KLGGALQAK
6683	GILGFVFTL
15572	RAKFKQLL
30890	GILGFVFTL
7694	RAKFKQLL
36238	IVTDFSVIK
36279	IVTDFSVIK
17044	KLGGALQAK
34067	KLGGALQAK
668	ELAGIGILTV
23876	KLGGALQAK
23209	RAKFKQLL
18069	RAKFKQLL
31435	GILGFVFTL
35515	KLGGALQAK
26557	GLCTLVAML
15990	KLGGALQAK
35581	AVFDRKSDAK
27088	RAKFKQLL
14239	RAKFKQLL
19413	RAKFKQLL
16936	RAKFKQLL
34069	KLGGALQAK
34083	KLGGALQAK
25223	GLCTLVAML
34408	KLGGALQAK
193	IVTDFSVIK
35716	KLGGALQAK
28821	KLGGALQAK
5551	GILGFVFTL
25290	RAKFKQLL
22993	KLGGALQAK
34002	KLGGALQAK
17155	RAKFKQLL
35592	KLGGALQAK
36155	IVTDFSVIK
25296	KLGGALQAK
25452	KLGGALQAK
35765	KLGGALQAK
25925	RAKFKQLL
7243	IVTDFSVIK
35265	KLGGALQAK
25886	RAKFKQLL
33368	GILGFVFTL
17178	KLGGALQAK
6686	GILGFVFTL
32414	GILGFVFTL
133	GILGFVFTL
246	ELAGIGILTV
25767	GILGFVFTL
2383	GILGFVFTL
189	ELAGIGILTV
35330	KLGGALQAK
36294	KLGGALQAK
33589	GILGFVFTL
18350	RAKFKQLL
5561	GILGFVFTL
32341	GILGFVFTL
32019	GILGFVFTL
24401	RAKFKQLL
34257	KLGGALQAK
14625	GLCTLVAML
641	ELAGIGILTV
30923	GILGFVFTL
5096	KLGGALQAK
36237	AVFDRKSDAK
14188	RAKFKQLL
5460	IVTDFSVIK
30395	GILGFVFTL
368	ELAGIGILTV
16933	GILGFVFTL
35627	KLGGALQAK
28710	RAKFKQLL
35461	KLGGALQAK
34800	KLGGALQAK
2231	KLGGALQAK
34359	KLGGALQAK
34360	KLGGALQAK
34030	KLGGALQAK
2473	RAKFKQLL
2555	IVTDFSVIK
34659	KLGGALQAK
35555	KLGGALQAK
5461	KLGGALQAK
35656	KLGGALQAK
33478	RAKFKQLL
644	KLGGALQAK
5592	GILGFVFTL
35329	KLGGALQAK
28830	KLGGALQAK
16809	RAKFKQLL
2449	KLGGALQAK
32416	GILGFVFTL
35419	KLGGALQAK
5408	ELAGIGILTV
23900	KLGGALQAK
31551	GILGFVFTL
32247	KLGGALQAK
34456	KLGGALQAK
5425	ELAGIGILTV
34530	KLGGALQAK
36178	KLGGALQAK
32396	GILGFVFTL
28577	KLGGALQAK
23	KLGGALQAK
8008	RAKFKQLL
34402	KLGGALQAK
7062	GILGFVFTL
30032	GILGFVFTL
8544	RAKFKQLL
34049	KLGGALQAK
36286	KLGGALQAK
35947	KLGGALQAK
31899	GILGFVFTL
5513	KLGGALQAK
34872	KLGGALQAK
35133	KLGGALQAK
24219	RAKFKQLL
16001	ELAGIGILTV
2556	AVFDRKSDAK
23973	RAKFKQLL
35944	KLGGALQAK
24295	KLGGALQAK
33526	GILGFVFTL
35462	KLGGALQAK
10417	RAKFKQLL
28376	KLGGALQAK
28472	RAKFKQLL
35486	ELAGIGILTV
30503	GILGFVFTL
2444	ELAGIGILTV
36221	ELAGIGILTV
34434	KLGGALQAK
35437	KLGGALQAK
34524	KLGGALQAK
35035	KLGGALQAK
35113	KLGGALQAK
13978	RAKFKQLL
35936	KLGGALQAK
34038	KLGGALQAK
34350	KLGGALQAK
24995	KLGGALQAK
32523	GILGFVFTL
33529	GILGFVFTL
28372	KLGGALQAK
34822	KLGGALQAK
33497	GILGFVFTL
14675	GILGFVFTL
3502	IVTDFSVIK
7265	GLCTLVAML
28375	RAKFKQLL
23630	RAKFKQLL
36273	IVTDFSVIK
14626	RAKFKQLL
18	KLGGALQAK
5443	KLGGALQAK
35946	KLGGALQAK
34833	KLGGALQAK
35739	KLGGALQAK
27291	RAKFKQLL
5531	KLGGALQAK
957	AVFDRKSDAK
5102	KLGGALQAK
26014	KLGGALQAK
31143	GILGFVFTL
15985	KLGGALQAK
34785	KLGGALQAK
60	IVTDFSVIK
26516	GILGFVFTL
25852	KLGGALQAK
25390	RAKFKQLL
34919	KLGGALQAK
5563	GILGFVFTL
26109	KLGGALQAK
25409	RAKFKQLL
34369	KLGGALQAK
34580	KLGGALQAK
28706	KLGGALQAK
34911	KLGGALQAK
2249	GILGFVFTL
5081	KLGGALQAK
17889	KLGGALQAK
29923	GILGFVFTL
22001	RAKFKQLL
36096	KLGGALQAK
28873	RAKFKQLL
35732	KLGGALQAK
34512	KLGGALQAK
5564	GILGFVFTL
35624	IVTDFSVIK
31892	GILGFVFTL
638	KLGGALQAK
21590	RAKFKQLL
8079	RAKFKQLL
33112	RAKFKQLL
702	ELAGIGILTV
35317	KLGGALQAK
34625	KLGGALQAK
2337	KLGGALQAK
35131	KLGGALQAK
35291	KLGGALQAK
6706	GILGFVFTL
35142	AVFDRKSDAK
25104	KLGGALQAK
2408	ELAGIGILTV
34633	KLGGALQAK
7269	KLGGALQAK
34014	KLGGALQAK
31442	GILGFVFTL
200	KLGGALQAK
4962	GILGFVFTL
26264	GLCTLVAML
5274	KLGGALQAK
34165	KLGGALQAK
35647	KLGGALQAK
31926	GILGFVFTL
25262	IVTDFSVIK
35643	KLGGALQAK
32605	GILGFVFTL
34244	KLGGALQAK
14255	KLGGALQAK
637	KLGGALQAK
19907	RAKFKQLL
34638	KLGGALQAK
25053	RAKFKQLL
35991	KLGGALQAK
2327	KLGGALQAK
35853	KLGGALQAK
34680	ELAGIGILTV
5649	RAKFKQLL
4970	KLGGALQAK
2313	KLGGALQAK
26681	RAKFKQLL
2388	ELAGIGILTV
30089	GILGFVFTL
34934	KLGGALQAK
26074	GILGFVFTL
34613	KLGGALQAK
4130	IVTDFSVIK
35580	KLGGALQAK
24840	GLCTLVAML
34678	KLGGALQAK
35157	KLGGALQAK
36180	KLGGALQAK
5181	KLGGALQAK
34447	KLGGALQAK
34171	ELAGIGILTV
23884	KLGGALQAK
31627	GILGFVFTL
30388	GILGFVFTL
34043	KLGGALQAK
4975	ELAGIGILTV
35076	KLGGALQAK
100	KLGGALQAK
18064	GLCTLVAML
20172	RAKFKQLL
15987	KLGGALQAK
35481	KLGGALQAK
34883	KLGGALQAK
35297	KLGGALQAK
14622	GILGFVFTL
33985	KLGGALQAK
17877	RAKFKQLL
47	GILGFVFTL
35918	KLGGALQAK
15304	RAKFKQLL
239	KLGGALQAK
35377	KLGGALQAK
2333	ELAGIGILTV
24302	GILGFVFTL
2582	GILGFVFTL
34884	KLGGALQAK
255	KLGGALQAK
30524	GILGFVFTL
36049	KLGGALQAK
26013	RAKFKQLL
33499	GILGFVFTL
28831	GILGFVFTL
23278	RAKFKQLL
7979	RAKFKQLL
5105	KLGGALQAK
35800	KLGGALQAK
35014	KLGGALQAK
35591	KLGGALQAK
35444	KLGGALQAK
677	IVTDFSVIK
26926	RAKFKQLL
2448	ELAGIGILTV
7236	AVFDRKSDAK
25005	IVTDFSVIK
15190	GILGFVFTL
28476	IVTDFSVIK
5540	KLGGALQAK
7318	GILGFVFTL
34074	KLGGALQAK
35391	KLGGALQAK
7073	GILGFVFTL
196	AVFDRKSDAK
34204	KLGGALQAK
2533	RAKFKQLL
34999	KLGGALQAK
31889	GILGFVFTL
28588	RAKFKQLL
23213	KLGGALQAK
2295	KLGGALQAK
34815	KLGGALQAK
35759	KLGGALQAK
34730	KLGGALQAK
6551	GILGFVFTL
5232	KLGGALQAK
23123	KLGGALQAK
24569	GILGFVFTL
35977	KLGGALQAK
6749	GILGFVFTL
3	GILGFVFTL
25101	GILGFVFTL
25277	RAKFKQLL
34496	KLGGALQAK
36284	IVTDFSVIK
28388	GILGFVFTL
32366	KLGGALQAK
5273	KLGGALQAK
34851	KLGGALQAK
6305	GILGFVFTL
171	ELAGIGILTV
6248	GILGFVFTL
31630	GILGFVFTL
13	GILGFVFTL
29954	GILGFVFTL
13989	RAKFKQLL
31555	RAKFKQLL
28414	RAKFKQLL
26241	KLGGALQAK
2755	IVTDFSVIK
34454	KLGGALQAK
27758	RAKFKQLL
14262	KLGGALQAK
2400	KLGGALQAK
10000	RAKFKQLL
34770	KLGGALQAK
34677	KLGGALQAK
5135	RAKFKQLL
87	RAKFKQLL
35400	KLGGALQAK
36249	KLGGALQAK
30520	GILGFVFTL
5499	RAKFKQLL
2999	IVTDFSVIK
35115	KLGGALQAK
670	ELAGIGILTV
36283	KLGGALQAK
35652	KLGGALQAK
36329	IVTDFSVIK
31372	GILGFVFTL
36020	KLGGALQAK
25393	IVTDFSVIK
24790	KLGGALQAK
34518	KLGGALQAK
162	KLGGALQAK
35910	KLGGALQAK
34794	KLGGALQAK
26276	GLCTLVAML
34119	KLGGALQAK
25219	KLGGALQAK
34564	KLGGALQAK
24985	KLGGALQAK
11019	RAKFKQLL
682	ELAGIGILTV
5496	ELAGIGILTV
34722	KLGGALQAK
33538	GILGFVFTL
34137	KLGGALQAK
22995	RAKFKQLL
260	KLGGALQAK
29940	GILGFVFTL
31493	GILGFVFTL
34594	KLGGALQAK
16944	ELAGIGILTV
5321	IVTDFSVIK
23162	RAKFKQLL
2256	RAKFKQLL
34390	KLGGALQAK
6690	GILGFVFTL
3835	IVTDFSVIK
7224	GILGFVFTL
14251	RAKFKQLL
29782	GILGFVFTL
34186	KLGGALQAK
5535	KLGGALQAK
34016	KLGGALQAK
35283	KLGGALQAK
35943	KLGGALQAK
3712	IVTDFSVIK
591	ELAGIGILTV
5251	GILGFVFTL
24592	RAKFKQLL
27084	KLGGALQAK
35658	KLGGALQAK
34606	KLGGALQAK
7064	AVFDRKSDAK
28601	KLGGALQAK
35408	KLGGALQAK
5525	ELAGIGILTV
631	IVTDFSVIK
6328	GILGFVFTL
25912	KLGGALQAK
33468	GILGFVFTL
29910	GILGFVFTL
15871	RAKFKQLL
708	KLGGALQAK
34312	KLGGALQAK
34556	KLGGALQAK
10306	RAKFKQLL
34443	KLGGALQAK
8896	RAKFKQLL
6335	GILGFVFTL
7331	GILGFVFTL
13891	RAKFKQLL
26546	KLGGALQAK
3903	IVTDFSVIK
15321	RAKFKQLL
36069	KLGGALQAK
26480	GILGFVFTL
35952	KLGGALQAK
35583	KLGGALQAK
34135	KLGGALQAK
32391	GILGFVFTL
28705	KLGGALQAK
25285	KLGGALQAK
31937	GILGFVFTL
5465	GILGFVFTL
44	KLGGALQAK
35125	KLGGALQAK
14640	KLGGALQAK
38435	KLGGALQAK
35105	KLGGALQAK
34125	KLGGALQAK
35747	KLGGALQAK
5624	GILGFVFTL
31972	GILGFVFTL
31857	GILGFVFTL
2349	KLGGALQAK
32671	GILGFVFTL
35149	KLGGALQAK
39	GILGFVFTL
35073	KLGGALQAK
35629	AVFDRKSDAK
18108	GILGFVFTL
28594	KLGGALQAK
99	KLGGALQAK
22989	KLGGALQAK
28475	KLGGALQAK
2294	KLGGALQAK
35448	KLGGALQAK
35141	KLGGALQAK
5026	GILGFVFTL
28611	GILGFVFTL
2564	RAKFKQLL
35413	KLGGALQAK
2281	GILGFVFTL
34486	KLGGALQAK
16980	KLGGALQAK
24463	RAKFKQLL
36233	IVTDFSVIK
662	RAKFKQLL
25437	RAKFKQLL
6758	GILGFVFTL
5172	GLCTLVAML
35197	KLGGALQAK
23965	RAKFKQLL
31380	GILGFVFTL
35701	KLGGALQAK
35207	KLGGALQAK
14316	RAKFKQLL
33390	GILGFVFTL
186	KLGGALQAK
15383	RAKFKQLL
36269	KLGGALQAK
2301	ELAGIGILTV
35621	KLGGALQAK
16067	RAKFKQLL
31970	GILGFVFTL
35942	KLGGALQAK
28818	RAKFKQLL
28589	KLGGALQAK
28826	GILGFVFTL
36310	ELAGIGILTV
15297	RAKFKQLL
32518	GILGFVFTL
36181	KLGGALQAK
34793	KLGGALQAK
35967	GILGFVFTL
5409	ELAGIGILTV
5247	ELAGIGILTV
4982	KLGGALQAK
2361	KLGGALQAK
5241	ELAGIGILTV
33224	GILGFVFTL
31375	GILGFVFTL
32000	RAKFKQLL
35687	KLGGALQAK
4786	IVTDFSVIK
33289	GILGFVFTL
7267	GLCTLVAML
35926	GILGFVFTL
32260	GILGFVFTL
26137	KLGGALQAK
23214	KLGGALQAK
35990	KLGGALQAK
2390	GILGFVFTL
35295	KLGGALQAK
30991	GILGFVFTL
34567	KLGGALQAK
7345	RAKFKQLL
29960	GILGFVFTL
6556	GILGFVFTL
31490	GILGFVFTL
14633	KLGGALQAK
27098	RAKFKQLL
28823	GILGFVFTL
35315	KLGGALQAK
34634	KLGGALQAK
2368	KLGGALQAK
34412	KLGGALQAK
34108	KLGGALQAK
29922	GILGFVFTL
3371	IVTDFSVIK
34147	KLGGALQAK
5094	GILGFVFTL
594	KLGGALQAK
32420	GILGFVFTL
34823	KLGGALQAK
34637	KLGGALQAK
35667	KLGGALQAK
26292	GLCTLVAML
35225	KLGGALQAK
26525	GLCTLVAML
2248	IVTDFSVIK
35606	KLGGALQAK
28884	KLGGALQAK
35708	KLGGALQAK
34998	KLGGALQAK
6600	GILGFVFTL
28453	KLGGALQAK
23212	IVTDFSVIK
34595	KLGGALQAK
5057	ELAGIGILTV
35955	KLGGALQAK
23203	KLGGALQAK
6240	GILGFVFTL
7263	RAKFKQLL
7155	GILGFVFTL
30494	GILGFVFTL
6842	GILGFVFTL
35505	KLGGALQAK
34803	KLGGALQAK
32635	GILGFVFTL
25286	RAKFKQLL
26039	KLGGALQAK
11402	RAKFKQLL
35797	KLGGALQAK
4944	KLGGALQAK
15145	RAKFKQLL
17882	GILGFVFTL
26040	GILGFVFTL
34774	KLGGALQAK
31903	GILGFVFTL
30436	GILGFVFTL
34264	KLGGALQAK
25108	RAKFKQLL
24310	KLGGALQAK
34904	KLGGALQAK
34019	KLGGALQAK
3038	IVTDFSVIK
172	KLGGALQAK
35907	KLGGALQAK
137	KLGGALQAK
34721	KLGGALQAK
5941	GILGFVFTL
35794	KLGGALQAK
34479	KLGGALQAK
35582	KLGGALQAK
34957	KLGGALQAK
5237	GILGFVFTL
34676	KLGGALQAK
34938	KLGGALQAK
30156	GILGFVFTL
25385	RAKFKQLL
23888	RAKFKQLL
278	GILGFVFTL
35432	KLGGALQAK
34342	KLGGALQAK
25404	RAKFKQLL
18089	KLGGALQAK
38423	KLGGALQAK
36311	KLGGALQAK
643	KLGGALQAK
34828	KLGGALQAK
5177	KLGGALQAK
5755	GILGFVFTL
26126	KLGGALQAK
4948	KLGGALQAK
2577	KLGGALQAK
27083	KLGGALQAK
34655	KLGGALQAK
35436	KLGGALQAK
5288	KLGGALQAK
2274	KLGGALQAK
4979	KLGGALQAK
34239	KLGGALQAK
33997	KLGGALQAK
35665	KLGGALQAK
5383	GILGFVFTL
29924	GILGFVFTL
4977	IVTDFSVIK
2253	IVTDFSVIK
34782	KLGGALQAK
2364	RAKFKQLL
3877	IVTDFSVIK
35244	KLGGALQAK
36226	KLGGALQAK
14315	RAKFKQLL
3101	IVTDFSVIK
35992	KLGGALQAK
33206	RAKFKQLL
34700	KLGGALQAK
25995	GILGFVFTL
35693	KLGGALQAK
7673	RAKFKQLL
34985	KLGGALQAK
34287	KLGGALQAK
35541	KLGGALQAK
5186	KLGGALQAK
7838	GILGFVFTL
2525	AVFDRKSDAK
9474	RAKFKQLL
32620	GILGFVFTL
35645	KLGGALQAK
31124	GILGFVFTL
59	RAKFKQLL
35792	KLGGALQAK
34907	KLGGALQAK
5099	KLGGALQAK
35012	KLGGALQAK
35634	KLGGALQAK
35700	KLGGALQAK
36191	KLGGALQAK
57	RAKFKQLL
32390	GILGFVFTL
25028	GILGFVFTL
35836	KLGGALQAK
31624	GILGFVFTL
34587	KLGGALQAK
35337	KLGGALQAK
35379	KLGGALQAK
33500	GILGFVFTL
29911	GILGFVFTL
5049	RAKFKQLL
34123	KLGGALQAK
15618	RAKFKQLL
34285	KLGGALQAK
25894	KLGGALQAK
31447	GILGFVFTL
34206	KLGGALQAK
16526	RAKFKQLL
35916	KLGGALQAK
6365	GILGFVFTL
5267	RAKFKQLL
5062	GILGFVFTL
35156	KLGGALQAK
28415	KLGGALQAK
34717	KLGGALQAK
28738	KLGGALQAK
18039	AVFDRKSDAK
2389	KLGGALQAK
33391	GILGFVFTL
5437	ELAGIGILTV
2250	KLGGALQAK
25750	GILGFVFTL
34922	KLGGALQAK
34511	KLGGALQAK
35179	KLGGALQAK
33818	GILGFVFTL
5550	GILGFVFTL
17880	RAKFKQLL
272	IVTDFSVIK
14247	KLGGALQAK
34858	KLGGALQAK
21712	RAKFKQLL
17967	KLGGALQAK
15034	RAKFKQLL
28718	KLGGALQAK
5417	KLGGALQAK
25909	GILGFVFTL
7181	GILGFVFTL
34458	KLGGALQAK
2367	KLGGALQAK
36266	ELAGIGILTV
5508	ELAGIGILTV
4945	KLGGALQAK
34581	KLGGALQAK
35984	KLGGALQAK
35717	KLGGALQAK
34164	KLGGALQAK
85	KLGGALQAK
19439	RAKFKQLL
5045	AVFDRKSDAK
34035	KLGGALQAK
17892	GILGFVFTL
197	KLGGALQAK
35323	KLGGALQAK
34726	KLGGALQAK
5151	KLGGALQAK
17043	RAKFKQLL
34339	KLGGALQAK
35355	KLGGALQAK
18116	RAKFKQLL
5215	KLGGALQAK
2467	KLGGALQAK
24986	KLGGALQAK
23027	RAKFKQLL
26482	GILGFVFTL
4957	RAKFKQLL
5317	KLGGALQAK
35382	KLGGALQAK
257	KLGGALQAK
35033	KLGGALQAK
33072	GILGFVFTL
5044	KLGGALQAK
33393	GILGFVFTL
4290	IVTDFSVIK
34417	KLGGALQAK
35146	KLGGALQAK
31283	GILGFVFTL
23028	KLGGALQAK
34178	KLGGALQAK
25288	GILGFVFTL
33528	GILGFVFTL
30441	GILGFVFTL
34096	ELAGIGILTV
6762	GILGFVFTL
2419	KLGGALQAK
263	KLGGALQAK
4973	KLGGALQAK
2575	GILGFVFTL
16943	GILGFVFTL
2371	KLGGALQAK
28614	KLGGALQAK
35954	KLGGALQAK
4166	IVTDFSVIK
35351	KLGGALQAK
22326	RAKFKQLL
18007	KLGGALQAK
89	AVFDRKSDAK
5128	KLGGALQAK
28711	KLGGALQAK
32526	GILGFVFTL
35840	GILGFVFTL
14671	GILGFVFTL
25917	RAKFKQLL
32338	GILGFVFTL
35713	KLGGALQAK
35726	KLGGALQAK
27078	RAKFKQLL
13930	KLGGALQAK
34263	KLGGALQAK
28462	RAKFKQLL
14842	GILGFVFTL
34428	KLGGALQAK
31941	GILGFVFTL
17954	RAKFKQLL
35586	KLGGALQAK
32331	IVTDFSVIK
34608	KLGGALQAK
35830	KLGGALQAK
35695	KLGGALQAK
5180	KLGGALQAK
34047	KLGGALQAK
34106	KLGGALQAK
34416	KLGGALQAK
34924	KLGGALQAK
2309	KLGGALQAK
5492	KLGGALQAK
18095	RAKFKQLL
36881	IVTDFSVIK
4978	RAKFKQLL
2487	KLGGALQAK
46	IVTDFSVIK
6559	AVFDRKSDAK
3105	IVTDFSVIK
34869	KLGGALQAK
2482	KLGGALQAK
35912	KLGGALQAK
15303	RAKFKQLL
13887	RAKFKQLL
35791	KLGGALQAK
29019	GILGFVFTL
35356	KLGGALQAK
33986	KLGGALQAK
581	GILGFVFTL
32593	GILGFVFTL
26127	RAKFKQLL
5387	KLGGALQAK
15996	KLGGALQAK
35897	KLGGALQAK
23492	RAKFKQLL
36004	AVFDRKSDAK
25008	IVTDFSVIK
13269	RAKFKQLL
6330	GILGFVFTL
20673	RAKFKQLL
2322	AVFDRKSDAK
25701	KLGGALQAK
34962	KLGGALQAK
35181	KLGGALQAK
7367	RAKFKQLL
33931	RAKFKQLL
25907	KLGGALQAK
140	KLGGALQAK
5421	KLGGALQAK
35158	KLGGALQAK
34168	KLGGALQAK
31504	GILGFVFTL
34487	KLGGALQAK
35196	KLGGALQAK
35082	KLGGALQAK
6944	GILGFVFTL
34276	KLGGALQAK
34877	KLGGALQAK
18065	KLGGALQAK
35998	AVFDRKSDAK
2262	GILGFVFTL
35428	KLGGALQAK
7077	KLGGALQAK
25771	RAKFKQLL
35024	KLGGALQAK
7178	GILGFVFTL
34630	ELAGIGILTV
30087	KLGGALQAK
33944	RAKFKQLL
18818	RAKFKQLL
34995	KLGGALQAK
28729	RAKFKQLL
71	AVFDRKSDAK
34510	AVFDRKSDAK
17046	RAKFKQLL
36000	KLGGALQAK
31666	GILGFVFTL
26558	RAKFKQLL
25443	RAKFKQLL
34028	KLGGALQAK
36267	KLGGALQAK
34949	KLGGALQAK
31890	GILGFVFTL
6381	GILGFVFTL
73	RAKFKQLL
35288	KLGGALQAK
28373	IVTDFSVIK
34414	KLGGALQAK
31382	GILGFVFTL
5407	KLGGALQAK
18053	KLGGALQAK
35361	KLGGALQAK
21756	RAKFKQLL
6	GILGFVFTL
2279	KLGGALQAK
36177	KLGGALQAK
28584	AVFDRKSDAK
23318	RAKFKQLL
4951	KLGGALQAK
93	KLGGALQAK
151	KLGGALQAK
35833	KLGGALQAK
666	KLGGALQAK
34426	AVFDRKSDAK
35247	KLGGALQAK
26055	KLGGALQAK
36157	KLGGALQAK
34513	KLGGALQAK
34987	KLGGALQAK
15317	KLGGALQAK
5517	KLGGALQAK
15312	RAKFKQLL
24317	KLGGALQAK
36005	KLGGALQAK
34088	KLGGALQAK
14	KLGGALQAK
13776	RAKFKQLL
34765	KLGGALQAK
7210	GILGFVFTL
2454	GILGFVFTL
596	ELAGIGILTV
14561	RAKFKQLL
29953	GILGFVFTL
28875	GILGFVFTL
5047	KLGGALQAK
34212	KLGGALQAK
34679	ELAGIGILTV
34639	KLGGALQAK
36198	KLGGALQAK
367	KLGGALQAK
14320	KLGGALQAK
26048	GILGFVFTL
14620	RAKFKQLL
7256	KLGGALQAK
34901	KLGGALQAK
34156	KLGGALQAK
34121	KLGGALQAK
21873	RAKFKQLL
7202	GILGFVFTL
36081	IVTDFSVIK
34790	KLGGALQAK
7680	RAKFKQLL
29947	GILGFVFTL
34855	KLGGALQAK
33520	GILGFVFTL
28878	KLGGALQAK
5542	KLGGALQAK
35312	KLGGALQAK
34632	KLGGALQAK
2447	KLGGALQAK
29012	GILGFVFTL
26476	KLGGALQAK
14347	RAKFKQLL
28683	KLGGALQAK
35590	KLGGALQAK
5491	KLGGALQAK
81	ELAGIGILTV
2476	AVFDRKSDAK
23204	KLGGALQAK
33847	GILGFVFTL
7059	GILGFVFTL
26535	GLCTLVAML
35636	KLGGALQAK
16148	RAKFKQLL
6751	GILGFVFTL
7233	ELAGIGILTV
34874	KLGGALQAK
15569	KLGGALQAK
16222	RAKFKQLL
7353	KLGGALQAK
5515	ELAGIGILTV
25769	RAKFKQLL
23905	RAKFKQLL
2512	KLGGALQAK
26148	GILGFVFTL
34228	KLGGALQAK
650	ELAGIGILTV
25814	GILGFVFTL
32349	GILGFVFTL
35194	KLGGALQAK
25724	KLGGALQAK
26258	KLGGALQAK
16960	RAKFKQLL
34376	KLGGALQAK
32999	GILGFVFTL
34571	KLGGALQAK
35644	KLGGALQAK
2272	KLGGALQAK
28301	KLGGALQAK
35478	KLGGALQAK
35871	KLGGALQAK
17976	KLGGALQAK
34109	KLGGALQAK
35705	KLGGALQAK
35176	KLGGALQAK
34554	KLGGALQAK
25401	IVTDFSVIK
15407	RAKFKQLL
35446	KLGGALQAK
28719	RAKFKQLL
28463	KLGGALQAK
33917	RAKFKQLL
236	KLGGALQAK
3582	IVTDFSVIK
27723	RAKFKQLL
24686	KLGGALQAK
36099	KLGGALQAK
25450	RAKFKQLL
34960	KLGGALQAK
5191	KLGGALQAK
32594	GILGFVFTL
2328	GILGFVFTL
8429	RAKFKQLL
12507	RAKFKQLL
35959	KLGGALQAK
14249	KLGGALQAK
35774	KLGGALQAK
34075	KLGGALQAK
35782	KLGGALQAK
2303	IVTDFSVIK
33471	GILGFVFTL
31852	GILGFVFTL
34688	KLGGALQAK
174	ELAGIGILTV
36067	KLGGALQAK
6544	ELAGIGILTV
23852	KLGGALQAK
23127	ELAGIGILTV
26152	KLGGALQAK
23208	GILGFVFTL
35029	KLGGALQAK
28448	KLGGALQAK
23817	KLGGALQAK
34489	KLGGALQAK
34335	KLGGALQAK
33394	GILGFVFTL
2025	AVFDRKSDAK
27953	GLCTLVAML
34281	KLGGALQAK
6555	GILGFVFTL
7281	GILGFVFTL
14832	KLGGALQAK
31406	GILGFVFTL
35089	KLGGALQAK
34597	KLGGALQAK
35562	KLGGALQAK
185	ELAGIGILTV
24428	RAKFKQLL
5220	RAKFKQLL
5050	RAKFKQLL
33841	GILGFVFTL
26492	GLCTLVAML
36200	KLGGALQAK
35109	KLGGALQAK
2491	KLGGALQAK
34893	KLGGALQAK
10378	RAKFKQLL
7069	KLGGALQAK
634	IVTDFSVIK
34216	KLGGALQAK
157	KLGGALQAK
36206	KLGGALQAK
5076	KLGGALQAK
2326	KLGGALQAK
23240	RAKFKQLL
26150	RAKFKQLL
34810	AVFDRKSDAK
7071	GILGFVFTL
4943	IVTDFSVIK
265	GILGFVFTL
36009	KLGGALQAK
33951	KLGGALQAK
15326	RAKFKQLL
35901	KLGGALQAK
25408	GILGFVFTL
29935	GILGFVFTL
3780	IVTDFSVIK
3358	IVTDFSVIK
32181	GILGFVFTL
5984	GILGFVFTL
5650	GILGFVFTL
22	KLGGALQAK
6351	GILGFVFTL
56	RAKFKQLL
1447	AVFDRKSDAK
28841	RAKFKQLL
25100	KLGGALQAK
2230	KLGGALQAK
5595	GILGFVFTL
35406	KLGGALQAK
35467	KLGGALQAK
4938	KLGGALQAK
5178	RAKFKQLL
18062	KLGGALQAK
5142	KLGGALQAK
35924	KLGGALQAK
2530	KLGGALQAK
11726	RAKFKQLL
25699	GILGFVFTL
35712	KLGGALQAK
25298	RAKFKQLL
4939	ELAGIGILTV
35618	KLGGALQAK
0	GILGFVFTL
36194	KLGGALQAK
35821	KLGGALQAK
34275	KLGGALQAK
34809	KLGGALQAK
586	KLGGALQAK
34190	KLGGALQAK
34380	KLGGALQAK
35642	KLGGALQAK
35211	KLGGALQAK
26504	KLGGALQAK
2418	KLGGALQAK
35653	ELAGIGILTV
26140	KLGGALQAK
2520	KLGGALQAK
5565	GILGFVFTL
36280	KLGGALQAK
36054	ELAGIGILTV
34936	KLGGALQAK
34882	KLGGALQAK
35392	KLGGALQAK
35761	KLGGALQAK
5448	KLGGALQAK
33553	GILGFVFTL
5097	KLGGALQAK
26212	KLGGALQAK
3521	IVTDFSVIK
35741	KLGGALQAK
25703	KLGGALQAK
35017	KLGGALQAK
2557	RAKFKQLL
35214	KLGGALQAK
27951	GLCTLVAML
25112	GILGFVFTL
31405	GILGFVFTL
223	AVFDRKSDAK
34021	KLGGALQAK
35559	KLGGALQAK
34418	KLGGALQAK
11041	RAKFKQLL
24643	RAKFKQLL
7266	GLCTLVAML
28610	KLGGALQAK
34509	KLGGALQAK
35948	KLGGALQAK
33903	KLGGALQAK
23853	KLGGALQAK
35276	KLGGALQAK
36156	KLGGALQAK
5111	KLGGALQAK
35982	KLGGALQAK
32537	GILGFVFTL
5022	GILGFVFTL
208	RAKFKQLL
35346	KLGGALQAK
240	RAKFKQLL
27330	RAKFKQLL
31068	GILGFVFTL
24846	GLCTLVAML
14646	KLGGALQAK
34640	KLGGALQAK
16659	RAKFKQLL
3074	IVTDFSVIK
36240	IVTDFSVIK
7692	KLGGALQAK
26261	GILGFVFTL
15276	RAKFKQLL
36070	KLGGALQAK
33894	GILGFVFTL
14683	RAKFKQLL
2317	GLCTLVAML
5458	KLGGALQAK
36231	KLGGALQAK
34517	KLGGALQAK
35098	KLGGALQAK
4934	KLGGALQAK
6709	GILGFVFTL
14250	KLGGALQAK
28679	KLGGALQAK
2305	KLGGALQAK
24036	RAKFKQLL
34913	KLGGALQAK
33522	RAKFKQLL
35164	KLGGALQAK
38419	ELAGIGILTV
35641	KLGGALQAK
34341	AVFDRKSDAK
7716	RAKFKQLL
28939	GILGFVFTL
22991	KLGGALQAK
35290	KLGGALQAK
5023	GILGFVFTL
2275	KLGGALQAK
6626	GILGFVFTL
7366	KLGGALQAK
7091	GILGFVFTL
16935	KLGGALQAK
3040	IVTDFSVIK
4192	IVTDFSVIK
28740	KLGGALQAK
34635	ELAGIGILTV
23238	KLGGALQAK
5547	GILGFVFTL
32709	GILGFVFTL
28409	AVFDRKSDAK
36314	KLGGALQAK
2457	KLGGALQAK
34569	KLGGALQAK
36323	KLGGALQAK
34224	KLGGALQAK
35191	KLGGALQAK
23345	RAKFKQLL
23375	RAKFKQLL
25438	RAKFKQLL
25276	KLGGALQAK
204	ELAGIGILTV
28	RAKFKQLL
16765	RAKFKQLL
25074	RAKFKQLL
128	KLGGALQAK
34729	KLGGALQAK
25270	RAKFKQLL
34158	KLGGALQAK
28865	KLGGALQAK
26569	RAKFKQLL
15345	AVFDRKSDAK
25805	GILGFVFTL
36115	KLGGALQAK
36212	IVTDFSVIK
32195	GILGFVFTL
30526	GILGFVFTL
18333	RAKFKQLL
35301	KLGGALQAK
5123	RAKFKQLL
18695	RAKFKQLL
11294	RAKFKQLL
35263	KLGGALQAK
42	AVFDRKSDAK
26501	GLCTLVAML
35843	KLGGALQAK
23243	KLGGALQAK
2370	RAKFKQLL
285	IVTDFSVIK
27746	RAKFKQLL
28363	KLGGALQAK
5658	GILGFVFTL
34753	KLGGALQAK
34357	KLGGALQAK
35455	KLGGALQAK
34931	KLGGALQAK
20507	RAKFKQLL
40	GILGFVFTL
30664	GILGFVFTL
35513	KLGGALQAK
5696	GILGFVFTL
17052	KLGGALQAK
5018	KLGGALQAK
173	ELAGIGILTV
36282	AVFDRKSDAK
27875	RAKFKQLL
34152	KLGGALQAK
28677	GILGFVFTL
35829	KLGGALQAK
32285	GILGFVFTL
2493	KLGGALQAK
5055	KLGGALQAK
24698	RAKFKQLL
597	GILGFVFTL
35994	KLGGALQAK
11413	RAKFKQLL
5636	GILGFVFTL
9820	RAKFKQLL
34583	KLGGALQAK
31267	GILGFVFTL
35177	KLGGALQAK
35891	ELAGIGILTV
25851	GLCTLVAML
35259	KLGGALQAK
17022	RAKFKQLL
7338	GILGFVFTL
24322	RAKFKQLL
24588	RAKFKQLL
24635	RAKFKQLL
34480	KLGGALQAK
34362	KLGGALQAK
25453	RAKFKQLL
4960	KLGGALQAK
17970	RAKFKQLL
4984	KLGGALQAK
34973	KLGGALQAK
14677	GILGFVFTL
35403	KLGGALQAK
35009	KLGGALQAK
28951	GILGFVFTL
34101	KLGGALQAK
4046	IVTDFSVIK
5419	ELAGIGILTV
5434	ELAGIGILTV
34588	KLGGALQAK
5136	RAKFKQLL
76	RAKFKQLL
25764	KLGGALQAK
2132	AVFDRKSDAK
2245	KLGGALQAK
35484	KLGGALQAK
34145	KLGGALQAK
35969	KLGGALQAK
15331	KLGGALQAK
29933	GILGFVFTL
34499	KLGGALQAK
36140	KLGGALQAK
5020	KLGGALQAK
34476	KLGGALQAK
12586	RAKFKQLL
31077	GILGFVFTL
11838	RAKFKQLL
35733	KLGGALQAK
258	KLGGALQAK
14621	KLGGALQAK
31376	GILGFVFTL
104	KLGGALQAK
2393	ELAGIGILTV
35689	KLGGALQAK
13892	RAKFKQLL
4933	ELAGIGILTV
14647	RAKFKQLL
34144	KLGGALQAK
14945	KLGGALQAK
34195	KLGGALQAK
5644	GILGFVFTL
34202	KLGGALQAK
12620	RAKFKQLL
34908	KLGGALQAK
29951	GILGFVFTL
32595	GILGFVFTL
23285	RAKFKQLL
36022	KLGGALQAK
34921	KLGGALQAK
14243	RAKFKQLL
25045	RAKFKQLL
35669	KLGGALQAK
111	KLGGALQAK
25275	KLGGALQAK
36131	AVFDRKSDAK
26032	KLGGALQAK
33946	KLGGALQAK
15606	RAKFKQLL
35625	KLGGALQAK
34397	KLGGALQAK
35339	KLGGALQAK
31664	GILGFVFTL
35034	KLGGALQAK
35574	KLGGALQAK
5221	KLGGALQAK
630	GILGFVFTL
2293	KLGGALQAK
34963	KLGGALQAK
34425	KLGGALQAK
2342	ELAGIGILTV
159	KLGGALQAK
36104	KLGGALQAK
5488	KLGGALQAK
35409	KLGGALQAK
35373	KLGGALQAK
7442	RAKFKQLL
35734	KLGGALQAK
23008	RAKFKQLL
34184	KLGGALQAK
34971	KLGGALQAK
2438	IVTDFSVIK
38404	IVTDFSVIK
35463	KLGGALQAK
36113	KLGGALQAK
36094	IVTDFSVIK
7171	GILGFVFTL
26192	GLCTLVAML
15302	AVFDRKSDAK
2416	IVTDFSVIK
8106	RAKFKQLL
7682	RAKFKQLL
35222	KLGGALQAK
33476	KLGGALQAK
15571	KLGGALQAK
5176	AVFDRKSDAK
5799	GILGFVFTL
35454	KLGGALQAK
34386	KLGGALQAK
5079	KLGGALQAK
35268	KLGGALQAK
33844	GILGFVFTL
34555	IVTDFSVIK
34430	KLGGALQAK
17	IVTDFSVIK
20783	RAKFKQLL
35683	KLGGALQAK
8104	RAKFKQLL
24352	RAKFKQLL
33547	GILGFVFTL
17577	GLCTLVAML
2529	KLGGALQAK
36145	KLGGALQAK
25089	GLCTLVAML
34481	KLGGALQAK
34140	KLGGALQAK
26254	KLGGALQAK
2406	KLGGALQAK
35016	KLGGALQAK
36187	KLGGALQAK
23889	GILGFVFTL
17868	KLGGALQAK
28717	GILGFVFTL
33930	KLGGALQAK
35704	KLGGALQAK
15944	RAKFKQLL
35711	KLGGALQAK
35170	KLGGALQAK
35357	KLGGALQAK
269	GILGFVFTL
5454	ELAGIGILTV
30437	GILGFVFTL
15332	KLGGALQAK
35721	KLGGALQAK
5262	GILGFVFTL
34198	KLGGALQAK
25107	RAKFKQLL
25076	KLGGALQAK
7328	KLGGALQAK
32337	GILGFVFTL
35852	KLGGALQAK
15702	RAKFKQLL
14681	RAKFKQLL
35068	KLGGALQAK
26703	RAKFKQLL
26837	RAKFKQLL
5567	GILGFVFTL
32040	GILGFVFTL
16058	RAKFKQLL
5528	KLGGALQAK
24018	RAKFKQLL
34491	AVFDRKSDAK
25706	KLGGALQAK
36316	KLGGALQAK
25265	RAKFKQLL
655	KLGGALQAK
34081	KLGGALQAK
34994	KLGGALQAK
35725	KLGGALQAK
33869	GILGFVFTL
6230	GILGFVFTL
5379	KLGGALQAK
35676	KLGGALQAK
34547	KLGGALQAK
6560	GILGFVFTL
34899	KLGGALQAK
35985	KLGGALQAK
34039	KLGGALQAK
182	KLGGALQAK
17581	GILGFVFTL
18738	RAKFKQLL
5225	RAKFKQLL
5534	KLGGALQAK
2414	KLGGALQAK
34746	KLGGALQAK
34301	KLGGALQAK
2242	ELAGIGILTV
5322	ELAGIGILTV
6255	GILGFVFTL
5043	KLGGALQAK
34910	KLGGALQAK
35777	KLGGALQAK
19422	RAKFKQLL
38421	KLGGALQAK
1266	GILGFVFTL
26481	RAKFKQLL
35585	KLGGALQAK
25914	RAKFKQLL
33599	RAKFKQLL
18105	RAKFKQLL
34572	KLGGALQAK
6355	GILGFVFTL
31475	GILGFVFTL
5775	GILGFVFTL
25992	KLGGALQAK
34618	KLGGALQAK
37689	IVTDFSVIK
34303	KLGGALQAK
26471	GILGFVFTL
1	GILGFVFTL
32367	GILGFVFTL
25799	RAKFKQLL
31607	RAKFKQLL
34528	KLGGALQAK
25292	RAKFKQLL
34495	KLGGALQAK
25085	RAKFKQLL
2365	KLGGALQAK
26128	RAKFKQLL
34959	KLGGALQAK
24364	RAKFKQLL
24820	RAKFKQLL
34558	KLGGALQAK
34802	KLGGALQAK
34972	KLGGALQAK
35163	KLGGALQAK
23244	ELAGIGILTV
5053	KLGGALQAK
9	ELAGIGILTV
34485	KLGGALQAK
119	ELAGIGILTV
5325	IVTDFSVIK
35851	KLGGALQAK
34627	KLGGALQAK
29797	GILGFVFTL
14848	KLGGALQAK
7214	KLGGALQAK
32133	GILGFVFTL
34628	KLGGALQAK
25081	AVFDRKSDAK
6792	GILGFVFTL
18070	RAKFKQLL
21942	RAKFKQLL
34025	KLGGALQAK
34657	KLGGALQAK
34841	KLGGALQAK
31635	GILGFVFTL
1699	AVFDRKSDAK
245	KLGGALQAK
588	GILGFVFTL
35609	KLGGALQAK
34799	KLGGALQAK
34552	KLGGALQAK
4961	KLGGALQAK
25891	GILGFVFTL
32360	GILGFVFTL
24642	KLGGALQAK
210	RAKFKQLL
28754	RAKFKQLL
25709	RAKFKQLL
191	KLGGALQAK
34967	KLGGALQAK
35856	KLGGALQAK
2300	ELAGIGILTV
2252	RAKFKQLL
35258	KLGGALQAK
27576	RAKFKQLL
2372	ELAGIGILTV
24692	KLGGALQAK
34460	KLGGALQAK
2534	IVTDFSVIK
2312	KLGGALQAK
34126	KLGGALQAK
34939	KLGGALQAK
23851	KLGGALQAK
124	ELAGIGILTV
32600	GILGFVFTL
34314	KLGGALQAK
7068	GILGFVFTL
34010	KLGGALQAK
34162	KLGGALQAK
35488	KLGGALQAK
35237	KLGGALQAK
35128	KLGGALQAK
23663	RAKFKQLL
5377	ELAGIGILTV
7665	RAKFKQLL
6635	GILGFVFTL
14336	RAKFKQLL
28989	GILGFVFTL
35890	KLGGALQAK
183	ELAGIGILTV
31399	GILGFVFTL
35368	KLGGALQAK
34611	KLGGALQAK
35336	KLGGALQAK
34772	KLGGALQAK
35915	KLGGALQAK
6327	GILGFVFTL
26018	KLGGALQAK
24333	KLGGALQAK
26499	KLGGALQAK
34694	KLGGALQAK
14192	RAKFKQLL
2291	KLGGALQAK
147	RAKFKQLL
34233	KLGGALQAK
13890	KLGGALQAK
34105	KLGGALQAK
35981	KLGGALQAK
5502	KLGGALQAK
35976	KLGGALQAK
20062	RAKFKQLL
34472	KLGGALQAK
26954	RAKFKQLL
32966	GILGFVFTL
2479	KLGGALQAK
16650	RAKFKQLL
36052	KLGGALQAK
35850	KLGGALQAK
35453	KLGGALQAK
31655	GILGFVFTL
34601	KLGGALQAK
36086	ELAGIGILTV
24289	RAKFKQLL
640	AVFDRKSDAK
34791	KLGGALQAK
25448	KLGGALQAK
35262	KLGGALQAK
34766	KLGGALQAK
28361	KLGGALQAK
35202	KLGGALQAK
30422	GILGFVFTL
37043	IVTDFSVIK
35217	KLGGALQAK
35899	KLGGALQAK
5415	IVTDFSVIK
35015	KLGGALQAK
30546	RAKFKQLL
32363	GILGFVFTL
4937	KLGGALQAK
23827	KLGGALQAK
6356	GILGFVFTL
35482	KLGGALQAK
35957	KLGGALQAK
25405	KLGGALQAK
34563	KLGGALQAK
35231	KLGGALQAK
110	KLGGALQAK
13059	RAKFKQLL
28596	KLGGALQAK
35805	KLGGALQAK
6996	GILGFVFTL
158	KLGGALQAK
34213	KLGGALQAK
31814	GILGFVFTL
4924	IVTDFSVIK
6664	GILGFVFTL
17511	GILGFVFTL
14678	GILGFVFTL
24218	KLGGALQAK
35672	KLGGALQAK
144	KLGGALQAK
34457	KLGGALQAK
11	KLGGALQAK
7882	RAKFKQLL
28684	KLGGALQAK
38427	KLGGALQAK
24304	KLGGALQAK
35986	KLGGALQAK
34290	KLGGALQAK
34138	KLGGALQAK
25798	RAKFKQLL
7075	GILGFVFTL
34118	KLGGALQAK
35228	KLGGALQAK
35221	KLGGALQAK
649	KLGGALQAK
372	KLGGALQAK
27091	KLGGALQAK
23232	KLGGALQAK
4260	IVTDFSVIK
26239	KLGGALQAK
31383	GILGFVFTL
23071	GILGFVFTL
35834	KLGGALQAK
18590	RAKFKQLL
32775	GILGFVFTL
17862	KLGGALQAK
34082	KLGGALQAK
8391	RAKFKQLL
22310	RAKFKQLL
7215	GILGFVFTL
20043	RAKFKQLL
28593	KLGGALQAK
2195	AVFDRKSDAK
2229	ELAGIGILTV
34060	KLGGALQAK
26220	GLCTLVAML
24282	RAKFKQLL
31671	GILGFVFTL
35550	KLGGALQAK
33851	GILGFVFTL
35650	KLGGALQAK
35251	KLGGALQAK
25696	RAKFKQLL
35063	KLGGALQAK
5092	KLGGALQAK
125	RAKFKQLL
5486	KLGGALQAK
35385	KLGGALQAK
34616	KLGGALQAK
28933	GILGFVFTL
25272	KLGGALQAK
5403	ELAGIGILTV
16430	RAKFKQLL
34450	KLGGALQAK
24944	GLCTLVAML
36946	IVTDFSVIK
7174	GILGFVFTL
34695	KLGGALQAK
23233	ELAGIGILTV
30410	GILGFVFTL
36109	KLGGALQAK
30542	GILGFVFTL
32415	GILGFVFTL
34748	KLGGALQAK
23120	KLGGALQAK
283	KLGGALQAK
35219	KLGGALQAK
34807	KLGGALQAK
14240	RAKFKQLL
35007	KLGGALQAK
34292	KLGGALQAK
30545	GILGFVFTL
35571	KLGGALQAK
5959	GILGFVFTL
14126	GILGFVFTL
34367	KLGGALQAK
34154	KLGGALQAK
5017	KLGGALQAK
6334	KLGGALQAK
38424	ELAGIGILTV
35659	KLGGALQAK
5276	IVTDFSVIK
35909	KLGGALQAK
35395	KLGGALQAK
34387	KLGGALQAK
34867	KLGGALQAK
25447	RAKFKQLL
5656	GILGFVFTL
25442	RAKFKQLL
35718	KLGGALQAK
24975	KLGGALQAK
34247	KLGGALQAK
14642	KLGGALQAK
5071	RAKFKQLL
28410	RAKFKQLL
35358	KLGGALQAK
177	KLGGALQAK
34103	KLGGALQAK
2532	KLGGALQAK
35121	KLGGALQAK
37225	IVTDFSVIK
13977	RAKFKQLL
33860	GILGFVFTL
31491	GILGFVFTL
19789	RAKFKQLL
35953	KLGGALQAK
36230	KLGGALQAK
32547	GILGFVFTL
6098	GILGFVFTL
7315	GILGFVFTL
5466	RAKFKQLL
35150	KLGGALQAK
35427	KLGGALQAK
34344	KLGGALQAK
35932	KLGGALQAK
35933	KLGGALQAK
34131	KLGGALQAK
5392	GILGFVFTL
36130	KLGGALQAK
21	ELAGIGILTV
2336	KLGGALQAK
34420	KLGGALQAK
32519	GILGFVFTL
34284	KLGGALQAK
31444	GILGFVFTL
31663	GILGFVFTL
36241	IVTDFSVIK
33595	GILGFVFTL
14263	KLGGALQAK
21419	RAKFKQLL
5521	ELAGIGILTV
2573	IVTDFSVIK
9790	RAKFKQLL
35579	KLGGALQAK
35749	KLGGALQAK
36214	KLGGALQAK
35160	KLGGALQAK
7325	GILGFVFTL
30438	GILGFVFTL
35041	KLGGALQAK
7348	RAKFKQLL
15989	KLGGALQAK
34860	KLGGALQAK
202	GILGFVFTL
5512	KLGGALQAK
14319	KLGGALQAK
5154	AVFDRKSDAK
29624	GILGFVFTL
20584	RAKFKQLL
28474	ELAGIGILTV
28587	GILGFVFTL
36242	KLGGALQAK
11304	RAKFKQLL
5654	GILGFVFTL
654	KLGGALQAK
36325	KLGGALQAK
2255	RAKFKQLL
23017	IVTDFSVIK
26033	KLGGALQAK
2360	ELAGIGILTV
242	KLGGALQAK
7070	KLGGALQAK
262	RAKFKQLL
27843	RAKFKQLL
34932	KLGGALQAK
36322	IVTDFSVIK
9609	RAKFKQLL
4942	KLGGALQAK
33178	GILGFVFTL
34464	KLGGALQAK
38425	KLGGALQAK
35058	KLGGALQAK
25800	KLGGALQAK
13152	RAKFKQLL
29610	GILGFVFTL
35241	KLGGALQAK
639	GILGFVFTL
35593	KLGGALQAK
5503	KLGGALQAK
24357	KLGGALQAK
22347	RAKFKQLL
2402	KLGGALQAK
5703	GILGFVFTL
4029	IVTDFSVIK
35604	KLGGALQAK
35338	KLGGALQAK
25768	GILGFVFTL
34037	KLGGALQAK
3846	IVTDFSVIK
30398	GILGFVFTL
34055	KLGGALQAK
33861	GILGFVFTL
11463	RAKFKQLL
5427	IVTDFSVIK
23128	KLGGALQAK
34078	KLGGALQAK
36209	KLGGALQAK
28439	GILGFVFTL
23026	KLGGALQAK
5182	ELAGIGILTV
2568	IVTDFSVIK
34205	KLGGALQAK
116	KLGGALQAK
17063	RAKFKQLL
32402	GILGFVFTL
34826	KLGGALQAK
24884	GLCTLVAML
24638	RAKFKQLL
24716	RAKFKQLL
34022	KLGGALQAK
34299	KLGGALQAK
35449	KLGGALQAK
28737	KLGGALQAK
34792	KLGGALQAK
38430	KLGGALQAK
35310	KLGGALQAK
657	KLGGALQAK
20662	RAKFKQLL
2461	ELAGIGILTV
35162	KLGGALQAK
35925	KLGGALQAK
5073	KLGGALQAK
2505	KLGGALQAK
14323	RAKFKQLL
35275	KLGGALQAK
33963	KLGGALQAK
5163	GILGFVFTL
627	ELAGIGILTV
35743	KLGGALQAK
17955	GILGFVFTL
6259	GILGFVFTL
34641	KLGGALQAK
28828	RAKFKQLL
248	KLGGALQAK
36223	KLGGALQAK
5280	GILGFVFTL
24348	GILGFVFTL
6606	GILGFVFTL
5068	KLGGALQAK
34258	KLGGALQAK
24336	KLGGALQAK
281	KLGGALQAK
34683	KLGGALQAK
35071	KLGGALQAK
28834	KLGGALQAK
35961	KLGGALQAK
35709	KLGGALQAK
35854	KLGGALQAK
25809	KLGGALQAK
28283	RAKFKQLL
23103	GILGFVFTL
4953	KLGGALQAK
32248	GILGFVFTL
35108	KLGGALQAK
34912	KLGGALQAK
34321	KLGGALQAK
32353	GILGFVFTL
36193	KLGGALQAK
33993	KLGGALQAK
25383	RAKFKQLL
33998	KLGGALQAK
35272	KLGGALQAK
2316	KLGGALQAK
10987	RAKFKQLL
33911	RAKFKQLL
35841	GILGFVFTL
279	KLGGALQAK
34249	KLGGALQAK
36158	KLGGALQAK
36147	KLGGALQAK
34462	KLGGALQAK
28412	KLGGALQAK
25730	RAKFKQLL
2424	GILGFVFTL
35182	KLGGALQAK
15988	RAKFKQLL
34093	KLGGALQAK
26260	KLGGALQAK
35553	KLGGALQAK
25068	KLGGALQAK
34473	KLGGALQAK
36065	IVTDFSVIK
31018	GILGFVFTL
25717	RAKFKQLL
7089	KLGGALQAK
30475	GILGFVFTL
34483	KLGGALQAK
5157	KLGGALQAK
32856	GILGFVFTL
35930	KLGGALQAK
36146	KLGGALQAK
5445	KLGGALQAK
21061	RAKFKQLL
19486	RAKFKQLL
2	GILGFVFTL
24694	RAKFKQLL
35331	KLGGALQAK
36025	KLGGALQAK
35168	KLGGALQAK
2451	KLGGALQAK
5651	KLGGALQAK
31952	GILGFVFTL
6349	GILGFVFTL
33961	RAKFKQLL
2398	KLGGALQAK
34110	KLGGALQAK
34440	KLGGALQAK
26253	KLGGALQAK
34248	KLGGALQAK
5268	KLGGALQAK
35838	KLGGALQAK
5285	KLGGALQAK
34378	KLGGALQAK
6599	GILGFVFTL
5942	GILGFVFTL
35085	KLGGALQAK
35010	KLGGALQAK
7684	RAKFKQLL
35077	KLGGALQAK
5326	IVTDFSVIK
31863	GILGFVFTL
35243	KLGGALQAK
36139	KLGGALQAK
36083	IVTDFSVIK
28037	RAKFKQLL
14624	RAKFKQLL
25731	GILGFVFTL
34876	KLGGALQAK
26665	RAKFKQLL
23245	RAKFKQLL
2539	KLGGALQAK
7173	GILGFVFTL
26038	KLGGALQAK
7	GILGFVFTL
8188	GILGFVFTL
35612	KLGGALQAK
24306	GILGFVFTL
36134	IVTDFSVIK
25294	KLGGALQAK
35166	KLGGALQAK
34759	KLGGALQAK
8147	RAKFKQLL
25753	KLGGALQAK
62	AVFDRKSDAK
24708	RAKFKQLL
34070	KLGGALQAK
35362	KLGGALQAK
35573	KLGGALQAK
35180	KLGGALQAK
35464	KLGGALQAK
38431	IVTDFSVIK
2391	KLGGALQAK
34551	KLGGALQAK
63	KLGGALQAK
23205	KLGGALQAK
25676	RAKFKQLL
16939	GLCTLVAML
12252	RAKFKQLL
14627	IVTDFSVIK
25073	GILGFVFTL
32592	GILGFVFTL
23002	KLGGALQAK
23222	KLGGALQAK
35547	KLGGALQAK
6048	GILGFVFTL
584	IVTDFSVIK
34582	KLGGALQAK
14648	GLCTLVAML
34471	KLGGALQAK
5524	KLGGALQAK
26136	KLGGALQAK
24349	IVTDFSVIK
34181	KLGGALQAK
34834	KLGGALQAK
32297	GILGFVFTL
7672	RAKFKQLL
33868	GILGFVFTL
34311	KLGGALQAK
28874	KLGGALQAK
34775	KLGGALQAK
28574	KLGGALQAK
28845	GILGFVFTL
5391	KLGGALQAK
32606	GILGFVFTL
25815	RAKFKQLL
33828	GILGFVFTL
4390	IVTDFSVIK
15573	RAKFKQLL
34779	KLGGALQAK
5472	KLGGALQAK
24242	RAKFKQLL
14837	RAKFKQLL
34383	KLGGALQAK
15330	RAKFKQLL
34540	KLGGALQAK
17879	RAKFKQLL
5469	ELAGIGILTV
23831	KLGGALQAK
35342	KLGGALQAK
23374	KLGGALQAK
35839	KLGGALQAK
1655	AVFDRKSDAK
18246	RAKFKQLL
25263	RAKFKQLL
34990	KLGGALQAK
84	KLGGALQAK
34566	KLGGALQAK
28883	RAKFKQLL
26493	GILGFVFTL
35123	KLGGALQAK
2314	KLGGALQAK
34796	KLGGALQAK
107	KLGGALQAK
35648	KLGGALQAK
23221	KLGGALQAK
247	IVTDFSVIK
28365	KLGGALQAK
13821	RAKFKQLL
35066	KLGGALQAK
16941	GILGFVFTL
33988	KLGGALQAK
18066	RAKFKQLL
625	GILGFVFTL
25392	RAKFKQLL
30435	GILGFVFTL
25719	KLGGALQAK
35088	KLGGALQAK
2446	RAKFKQLL
5816	GILGFVFTL
219	KLGGALQAK
35456	KLGGALQAK
24332	KLGGALQAK
121	ELAGIGILTV
25241	GLCTLVAML
35239	KLGGALQAK
26060	KLGGALQAK
35324	KLGGALQAK
33498	GILGFVFTL
5254	ELAGIGILTV
34146	KLGGALQAK
17975	KLGGALQAK
34001	KLGGALQAK
34337	KLGGALQAK
36085	KLGGALQAK
34252	KLGGALQAK
181	ELAGIGILTV
5021	KLGGALQAK
27730	RAKFKQLL
90	KLGGALQAK
32358	GILGFVFTL
36106	KLGGALQAK
28727	KLGGALQAK
35005	KLGGALQAK
33987	KLGGALQAK
35913	KLGGALQAK
5242	KLGGALQAK
34519	KLGGALQAK
34997	KLGGALQAK
33	GILGFVFTL
14844	RAKFKQLL
15296	ELAGIGILTV
4980	GILGFVFTL
27726	RAKFKQLL
6306	GILGFVFTL
33516	GILGFVFTL
34788	KLGGALQAK
14317	KLGGALQAK
2455	RAKFKQLL
34098	KLGGALQAK
4107	IVTDFSVIK
18663	RAKFKQLL
7061	GILGFVFTL
35289	KLGGALQAK
35460	KLGGALQAK
28419	KLGGALQAK
25887	KLGGALQAK
34304	KLGGALQAK
24359	KLGGALQAK
2515	KLGGALQAK
587	ELAGIGILTV
17881	KLGGALQAK
7339	GILGFVFTL
31459	GILGFVFTL
5431	KLGGALQAK
24297	RAKFKQLL
34646	KLGGALQAK
653	ELAGIGILTV
24711	GILGFVFTL
25910	RAKFKQLL
36119	KLGGALQAK
14846	KLGGALQAK
33484	GILGFVFTL
5960	GILGFVFTL
36174	KLGGALQAK
14644	KLGGALQAK
5439	KLGGALQAK
31858	GILGFVFTL
35001	KLGGALQAK
31002	GILGFVFTL
28935	GILGFVFTL
26022	GILGFVFTL
32362	GILGFVFTL
35412	KLGGALQAK
2228	ELAGIGILTV
5511	KLGGALQAK
24712	KLGGALQAK
32772	GILGFVFTL
15942	RAKFKQLL
2790	IVTDFSVIK
15992	KLGGALQAK
134	KLGGALQAK
14628	KLGGALQAK
18047	RAKFKQLL
33909	GILGFVFTL
35144	KLGGALQAK
36197	KLGGALQAK
32672	GILGFVFTL
22538	RAKFKQLL
58	RAKFKQLL
34097	KLGGALQAK
33503	GILGFVFTL
35117	KLGGALQAK
6331	GILGFVFTL
35869	KLGGALQAK
5117	KLGGALQAK
36112	KLGGALQAK
24350	KLGGALQAK
17956	KLGGALQAK
33571	GILGFVFTL
38426	IVTDFSVIK
25705	RAKFKQLL
34720	KLGGALQAK
30982	GILGFVFTL
34316	KLGGALQAK
5153	GILGFVFTL
34607	KLGGALQAK
17978	KLGGALQAK
35134	KLGGALQAK
5179	KLGGALQAK
29955	GILGFVFTL
14851	KLGGALQAK
1233	AVFDRKSDAK
35763	KLGGALQAK
5315	KLGGALQAK
7670	RAKFKQLL
26153	GILGFVFTL
7200	GILGFVFTL
34916	KLGGALQAK
35320	KLGGALQAK
34134	KLGGALQAK
33591	GILGFVFTL
23859	KLGGALQAK
35059	KLGGALQAK
34993	KLGGALQAK
34183	KLGGALQAK
4940	KLGGALQAK
4954	KLGGALQAK
34706	KLGGALQAK
6241	GILGFVFTL
31854	GILGFVFTL
35605	KLGGALQAK
2565	KLGGALQAK
35307	KLGGALQAK
34071	KLGGALQAK
31266	GILGFVFTL
7226	KLGGALQAK
34207	KLGGALQAK
24123	RAKFKQLL
15991	RAKFKQLL
175	ELAGIGILTV
130	RAKFKQLL
24311	KLGGALQAK
14148	RAKFKQLL
7168	GILGFVFTL
25079	KLGGALQAK
24699	GILGFVFTL
14401	RAKFKQLL
28957	GILGFVFTL
34941	KLGGALQAK
5426	KLGGALQAK
26517	RAKFKQLL
34077	KLGGALQAK
36133	IVTDFSVIK
36236	IVTDFSVIK
17034	RAKFKQLL
14318	KLGGALQAK
35215	KLGGALQAK
5972	GILGFVFTL
28449	KLGGALQAK
26139	RAKFKQLL
24027	RAKFKQLL
34188	KLGGALQAK
2243	ELAGIGILTV
14960	RAKFKQLL
34279	AVFDRKSDAK
25029	RAKFKQLL
18643	GILGFVFTL
34218	KLGGALQAK
2344	KLGGALQAK
6239	GILGFVFTL
5504	ELAGIGILTV
2602	IVTDFSVIK
36055	KLGGALQAK
32525	GILGFVFTL
35025	KLGGALQAK
16542	RAKFKQLL
27733	RAKFKQLL
35846	KLGGALQAK
48	RAKFKQLL
15980	RAKFKQLL
3312	IVTDFSVIK
27070	RAKFKQLL
526	IVTDFSVIK
8654	RAKFKQLL
18702	RAKFKQLL
35941	KLGGALQAK
35038	KLGGALQAK
6771	GILGFVFTL
13820	RAKFKQLL
2374	KLGGALQAK
35349	KLGGALQAK
35410	KLGGALQAK
35271	KLGGALQAK
5554	AVFDRKSDAK
34661	KLGGALQAK
35386	KLGGALQAK
34870	KLGGALQAK
35595	KLGGALQAK
18042	AVFDRKSDAK
28465	KLGGALQAK
8	KLGGALQAK
4296	IVTDFSVIK
7689	RAKFKQLL
32332	GILGFVFTL
35480	AVFDRKSDAK
34413	KLGGALQAK
28466	KLGGALQAK
34906	KLGGALQAK
5175	KLGGALQAK
25110	RAKFKQLL
32336	GILGFVFTL
5290	KLGGALQAK
34470	KLGGALQAK
35608	KLGGALQAK
6350	GILGFVFTL
34048	KLGGALQAK
14333	RAKFKQLL
14241	GILGFVFTL
8647	RAKFKQLL
34698	KLGGALQAK
5647	GILGFVFTL
23234	KLGGALQAK
31443	GILGFVFTL
18107	ELAGIGILTV
707	IVTDFSVIK
34600	KLGGALQAK
35321	KLGGALQAK
22998	RAKFKQLL
18115	RAKFKQLL
7065	GILGFVFTL
34996	KLGGALQAK
18104	KLGGALQAK
34286	KLGGALQAK
31476	GILGFVFTL
35019	KLGGALQAK
6610	GILGFVFTL
35447	KLGGALQAK
34441	KLGGALQAK
167	ELAGIGILTV
36925	IVTDFSVIK
28583	KLGGALQAK
25299	RAKFKQLL
27964	GLCTLVAML
7201	GILGFVFTL
32253	GILGFVFTL
35963	KLGGALQAK
4964	GILGFVFTL
6596	GILGFVFTL
7973	RAKFKQLL
5169	GILGFVFTL
4985	KLGGALQAK
28407	GILGFVFTL
28708	GILGFVFTL
26138	KLGGALQAK
34864	KLGGALQAK
36059	KLGGALQAK
29929	GILGFVFTL
26064	RAKFKQLL
34429	KLGGALQAK
35549	KLGGALQAK
14426	RAKFKQLL
24990	KLGGALQAK
5548	RAKFKQLL
35072	KLGGALQAK
36295	KLGGALQAK
17003	GLCTLVAML
35390	KLGGALQAK
23834	KLGGALQAK
5243	AVFDRKSDAK
26628	RAKFKQLL
5537	KLGGALQAK
26	KLGGALQAK
24308	ELAGIGILTV
28455	KLGGALQAK
2527	KLGGALQAK
15230	RAKFKQLL
2459	RAKFKQLL
36044	KLGGALQAK
35084	KLGGALQAK
129	GILGFVFTL
24987	KLGGALQAK
19	KLGGALQAK
7262	RAKFKQLL
34734	KLGGALQAK
34032	KLGGALQAK
3198	IVTDFSVIK
27814	RAKFKQLL
34909	KLGGALQAK
2334	GILGFVFTL
23844	KLGGALQAK
33598	GILGFVFTL
35654	KLGGALQAK
23826	KLGGALQAK
31363	GILGFVFTL
2931	IVTDFSVIK
2450	KLGGALQAK
26059	KLGGALQAK
5806	GILGFVFTL
36289	KLGGALQAK
34176	KLGGALQAK
23231	KLGGALQAK
34136	KLGGALQAK
217	KLGGALQAK
17891	GILGFVFTL
17042	RAKFKQLL
35306	KLGGALQAK
25807	GILGFVFTL
5189	KLGGALQAK
34370	KLGGALQAK
35443	KLGGALQAK
33556	GILGFVFTL
36100	IVTDFSVIK
17878	RAKFKQLL
24963	GLCTLVAML
31933	GILGFVFTL
25727	KLGGALQAK
28715	KLGGALQAK
31404	GILGFVFTL
36017	KLGGALQAK
5549	GILGFVFTL
35477	KLGGALQAK
22988	KLGGALQAK
34442	KLGGALQAK
7169	GILGFVFTL
33482	RAKFKQLL
35692	KLGGALQAK
29830	GILGFVFTL
36123	KLGGALQAK
17002	KLGGALQAK
16425	RAKFKQLL
34259	KLGGALQAK
628	GILGFVFTL
35617	KLGGALQAK
9203	RAKFKQLL
35236	KLGGALQAK
33572	GILGFVFTL
1324	AVFDRKSDAK
24633	GILGFVFTL
35993	KLGGALQAK
34013	KLGGALQAK
30413	GILGFVFTL
26130	KLGGALQAK
34829	KLGGALQAK
34675	KLGGALQAK
23824	KLGGALQAK
12887	RAKFKQLL
35161	KLGGALQAK
32522	GILGFVFTL
34948	KLGGALQAK
36207	IVTDFSVIK
2276	KLGGALQAK
2561	KLGGALQAK
583	ELAGIGILTV
24693	KLGGALQAK
34812	KLGGALQAK
34718	KLGGALQAK
15667	RAKFKQLL
28879	RAKFKQLL
26125	RAKFKQLL
29957	GILGFVFTL
2387	KLGGALQAK
5255	RAKFKQLL
30431	GILGFVFTL
29959	GILGFVFTL
17893	GLCTLVAML
28416	KLGGALQAK
115	KLGGALQAK
28881	RAKFKQLL
34842	KLGGALQAK
2558	KLGGALQAK
226	GILGFVFTL
5261	IVTDFSVIK
36245	KLGGALQAK
7204	GILGFVFTL
24362	KLGGALQAK
14833	KLGGALQAK
28829	KLGGALQAK
5065	KLGGALQAK
34469	KLGGALQAK
14254	KLGGALQAK
25281	KLGGALQAK
35383	KLGGALQAK
33580	GILGFVFTL
34702	KLGGALQAK
34692	KLGGALQAK
22313	KLGGALQAK
7195	GILGFVFTL
36013	KLGGALQAK
31924	GILGFVFTL
34064	KLGGALQAK
34875	KLGGALQAK
35876	KLGGALQAK
4931	ELAGIGILTV
26490	RAKFKQLL
2466	AVFDRKSDAK
35090	KLGGALQAK
26690	RAKFKQLL
26739	RAKFKQLL
34898	KLGGALQAK
31882	GILGFVFTL
8542	GILGFVFTL
28866	KLGGALQAK
35303	KLGGALQAK
8614	RAKFKQLL
23548	RAKFKQLL
9154	RAKFKQLL
11360	RAKFKQLL
34374	KLGGALQAK
623	KLGGALQAK
34685	KLGGALQAK
5543	ELAGIGILTV
35407	KLGGALQAK
214	KLGGALQAK
34297	KLGGALQAK
35093	KLGGALQAK
34415	KLGGALQAK
36308	KLGGALQAK
27086	KLGGALQAK
211	KLGGALQAK
24303	GILGFVFTL
2560	RAKFKQLL
35552	KLGGALQAK
6558	GILGFVFTL
2526	KLGGALQAK
2392	KLGGALQAK
25011	IVTDFSVIK
6637	GILGFVFTL
34542	KLGGALQAK
23119	KLGGALQAK
5265	KLGGALQAK
2268	KLGGALQAK
34958	KLGGALQAK
32661	GILGFVFTL
23230	RAKFKQLL
35267	KLGGALQAK
10357	RAKFKQLL
35091	KLGGALQAK
25353	RAKFKQLL
16962	RAKFKQLL
592	ELAGIGILTV
35681	KLGGALQAK
7238	KLGGALQAK
35857	KLGGALQAK
22348	KLGGALQAK
2238	KLGGALQAK
31653	GILGFVFTL
35122	KLGGALQAK
31365	GILGFVFTL
36250	KLGGALQAK
2315	IVTDFSVIK
7261	KLGGALQAK
35254	AVFDRKSDAK
2325	RAKFKQLL
35341	KLGGALQAK
4079	IVTDFSVIK
34831	KLGGALQAK
2468	KLGGALQAK
5473	KLGGALQAK
36010	KLGGALQAK
15315	GLCTLVAML
28822	GLCTLVAML
28572	GILGFVFTL
