26060	KLGGALQAK
36129	KLGGALQAK
35906	KLGGALQAK
35549	KLGGALQAK
7078	KLGGALQAK
23	KLGGALQAK
26242	GILGFVFTL
35449	KLGGALQAK
7674	RAKFKQLL
26062	IVTDFSVIK
13977	RAKFKQLL
5186	KLGGALQAK
23843	KLGGALQAK
35604	KLGGALQAK
15384	RAKFKQLL
30289	GILGFVFTL
30526	GILGFVFTL
661	ELAGIGILTV
35341	KLGGALQAK
30402	GILGFVFTL
7235	KLGGALQAK
14176	RAKFKQLL
35566	KLGGALQAK
23071	GILGFVFTL
29908	GILGFVFTL
30492	GILGFVFTL
15071	RAKFKQLL
34868	KLGGALQAK
7310	GILGFVFTL
7281	GILGFVFTL
31633	GILGFVFTL
169	GILGFVFTL
34107	KLGGALQAK
34601	KLGGALQAK
35229	KLGGALQAK
673	KLGGALQAK
11759	RAKFKQLL
31882	GILGFVFTL
34069	KLGGALQAK
35580	KLGGALQAK
12702	RAKFKQLL
35136	KLGGALQAK
5142	KLGGALQAK
25462	RAKFKQLL
5471	ELAGIGILTV
5422	KLGGALQAK
30391	GILGFVFTL
2275	KLGGALQAK
30795	GILGFVFTL
28851	RAKFKQLL
34232	KLGGALQAK
699	KLGGALQAK
29012	GILGFVFTL
32366	KLGGALQAK
34620	KLGGALQAK
34652	AVFDRKSDAK
7294	GILGFVFTL
35289	KLGGALQAK
30431	GILGFVFTL
35961	KLGGALQAK
34549	KLGGALQAK
34063	KLGGALQAK
6048	GILGFVFTL
28597	KLGGALQAK
28863	KLGGALQAK
34580	KLGGALQAK
2541	IVTDFSVIK
34051	KLGGALQAK
25380	KLGGALQAK
12502	RAKFKQLL
34573	KLGGALQAK
15993	RAKFKQLL
6093	GILGFVFTL
35157	KLGGALQAK
36283	KLGGALQAK
2471	AVFDRKSDAK
25385	RAKFKQLL
35083	KLGGALQAK
28284	RAKFKQLL
31798	GILGFVFTL
34205	KLGGALQAK
36151	ELAGIGILTV
17878	RAKFKQLL
36295	KLGGALQAK
30381	GILGFVFTL
23818	RAKFKQLL
53	RAKFKQLL
8147	RAKFKQLL
35988	KLGGALQAK
34845	KLGGALQAK
2390	GILGFVFTL
34272	KLGGALQAK
6549	KLGGALQAK
34835	KLGGALQAK
7041	GILGFVFTL
35934	KLGGALQAK
34750	KLGGALQAK
38435	KLGGALQAK
26017	GILGFVFTL
8542	GILGFVFTL
36301	KLGGALQAK
23086	KLGGALQAK
28608	RAKFKQLL
35567	KLGGALQAK
31373	GILGFVFTL
34270	KLGGALQAK
34239	KLGGALQAK
15323	KLGGALQAK
34838	KLGGALQAK
33844	GILGFVFTL
23842	RAKFKQLL
24788	KLGGALQAK
25718	RAKFKQLL
36061	KLGGALQAK
5172	GLCTLVAML
34483	KLGGALQAK
14516	RAKFKQLL
22089	RAKFKQLL
261	RAKFKQLL
25894	KLGGALQAK
34012	KLGGALQAK
33538	GILGFVFTL
35217	KLGGALQAK
24635	RAKFKQLL
35007	KLGGALQAK
2416	IVTDFSVIK
2303	IVTDFSVIK
5649	RAKFKQLL
26558	RAKFKQLL
36106	KLGGALQAK
6637	GILGFVFTL
635	RAKFKQLL
39	GILGFVFTL
26109	KLGGALQAK
23212	IVTDFSVIK
24332	KLGGALQAK
3358	IVTDFSVIK
28468	RAKFKQLL
23374	KLGGALQAK
32348	GILGFVFTL
29957	GILGFVFTL
23238	KLGGALQAK
27576	RAKFKQLL
35079	KLGGALQAK
35155	KLGGALQAK
34882	KLGGALQAK
5109	KLGGALQAK
34361	KLGGALQAK
34130	KLGGALQAK
2503	ELAGIGILTV
34579	KLGGALQAK
30441	GILGFVFTL
7356	RAKFKQLL
28573	ELAGIGILTV
31323	GILGFVFTL
35098	KLGGALQAK
5233	KLGGALQAK
35270	KLGGALQAK
5707	GILGFVFTL
36018	KLGGALQAK
34943	KLGGALQAK
35233	KLGGALQAK
36234	KLGGALQAK
26515	IVTDFSVIK
25396	KLGGALQAK
33483	GILGFVFTL
35334	KLGGALQAK
9	ELAGIGILTV
5020	KLGGALQAK
32695	GILGFVFTL
34805	KLGGALQAK
23124	KLGGALQAK
28880	GILGFVFTL
31404	GILGFVFTL
34937	KLGGALQAK
24289	RAKFKQLL
14314	GILGFVFTL
6322	GILGFVFTL
9813	RAKFKQLL
28734	KLGGALQAK
34584	KLGGALQAK
35470	KLGGALQAK
5942	GILGFVFTL
25104	KLGGALQAK
34880	KLGGALQAK
23492	RAKFKQLL
35714	KLGGALQAK
5175	KLGGALQAK
6366	GILGFVFTL
16947	KLGGALQAK
23138	RAKFKQLL
34787	KLGGALQAK
5325	IVTDFSVIK
35595	KLGGALQAK
34195	KLGGALQAK
35515	KLGGALQAK
23224	KLGGALQAK
1168	AVFDRKSDAK
3521	IVTDFSVIK
35630	KLGGALQAK
23242	KLGGALQAK
26482	GILGFVFTL
28718	KLGGALQAK
22308	RAKFKQLL
18695	RAKFKQLL
21614	RAKFKQLL
4322	IVTDFSVIK
32253	GILGFVFTL
34054	KLGGALQAK
24352	RAKFKQLL
5558	GILGFVFTL
32966	GILGFVFTL
35680	KLGGALQAK
15581	RAKFKQLL
7088	GILGFVFTL
656	ELAGIGILTV
34733	KLGGALQAK
14851	KLGGALQAK
35465	KLGGALQAK
35427	KLGGALQAK
35438	KLGGALQAK
6842	GILGFVFTL
35202	KLGGALQAK
34876	KLGGALQAK
36098	IVTDFSVIK
36004	AVFDRKSDAK
34742	KLGGALQAK
15316	RAKFKQLL
35560	AVFDRKSDAK
36067	KLGGALQAK
17	IVTDFSVIK
34293	RAKFKQLL
16934	RAKFKQLL
5131	IVTDFSVIK
90	KLGGALQAK
369	KLGGALQAK
4929	KLGGALQAK
30422	GILGFVFTL
21370	RAKFKQLL
25288	GILGFVFTL
674	AVFDRKSDAK
34706	KLGGALQAK
2512	KLGGALQAK
6230	GILGFVFTL
34536	KLGGALQAK
35640	KLGGALQAK
34878	KLGGALQAK
24335	AVFDRKSDAK
34088	KLGGALQAK
3185	IVTDFSVIK
35464	KLGGALQAK
13820	RAKFKQLL
34592	KLGGALQAK
26192	GLCTLVAML
23129	RAKFKQLL
36105	KLGGALQAK
2286	KLGGALQAK
35919	KLGGALQAK
23237	GILGFVFTL
114	KLGGALQAK
25	GILGFVFTL
37320	IVTDFSVIK
36054	ELAGIGILTV
24296	KLGGALQAK
35025	KLGGALQAK
5496	ELAGIGILTV
34179	KLGGALQAK
31365	GILGFVFTL
30575	GILGFVFTL
5044	KLGGALQAK
24326	RAKFKQLL
7213	GILGFVFTL
7338	GILGFVFTL
35461	KLGGALQAK
6306	GILGFVFTL
35103	ELAGIGILTV
7079	KLGGALQAK
26470	KLGGALQAK
29610	GILGFVFTL
6951	GILGFVFTL
23007	RAKFKQLL
7200	GILGFVFTL
5535	KLGGALQAK
35132	KLGGALQAK
23017	IVTDFSVIK
33931	RAKFKQLL
5027	GILGFVFTL
31664	GILGFVFTL
14679	KLGGALQAK
28409	AVFDRKSDAK
34981	ELAGIGILTV
36270	KLGGALQAK
35891	ELAGIGILTV
35261	KLGGALQAK
24710	KLGGALQAK
2288	KLGGALQAK
35237	KLGGALQAK
24693	KLGGALQAK
34755	KLGGALQAK
36224	IVTDFSVIK
35880	KLGGALQAK
34942	KLGGALQAK
0	GILGFVFTL
5984	GILGFVFTL
35457	KLGGALQAK
34829	KLGGALQAK
262	RAKFKQLL
2256	RAKFKQLL
36198	KLGGALQAK
2575	GILGFVFTL
2556	AVFDRKSDAK
35621	KLGGALQAK
33868	GILGFVFTL
14270	RAKFKQLL
28577	KLGGALQAK
35167	KLGGALQAK
28729	RAKFKQLL
34903	IVTDFSVIK
28304	IVTDFSVIK
36013	KLGGALQAK
31359	GILGFVFTL
32331	IVTDFSVIK
27062	KLGGALQAK
638	KLGGALQAK
28451	KLGGALQAK
28456	KLGGALQAK
34105	KLGGALQAK
14678	GILGFVFTL
14528	RAKFKQLL
630	GILGFVFTL
23962	RAKFKQLL
14251	RAKFKQLL
4978	RAKFKQLL
36211	KLGGALQAK
23897	RAKFKQLL
34770	KLGGALQAK
18492	RAKFKQLL
34249	KLGGALQAK
34273	KLGGALQAK
36194	KLGGALQAK
7264	AVFDRKSDAK
12252	RAKFKQLL
6570	IVTDFSVIK
34008	KLGGALQAK
34945	KLGGALQAK
4879	IVTDFSVIK
34513	KLGGALQAK
22245	RAKFKQLL
35016	KLGGALQAK
35336	KLGGALQAK
25378	RAKFKQLL
34311	KLGGALQAK
34471	KLGGALQAK
7369	RAKFKQLL
35737	KLGGALQAK
34939	KLGGALQAK
35127	KLGGALQAK
111	KLGGALQAK
5176	AVFDRKSDAK
5438	ELAGIGILTV
2518	KLGGALQAK
34718	KLGGALQAK
26257	KLGGALQAK
34309	KLGGALQAK
28878	KLGGALQAK
17511	GILGFVFTL
25912	KLGGALQAK
14401	RAKFKQLL
2517	KLGGALQAK
27651	RAKFKQLL
28830	KLGGALQAK
34959	KLGGALQAK
30088	GILGFVFTL
14640	KLGGALQAK
32415	GILGFVFTL
35795	KLGGALQAK
5420	ELAGIGILTV
2265	KLGGALQAK
3835	IVTDFSVIK
34748	KLGGALQAK
28587	GILGFVFTL
35193	KLGGALQAK
100	KLGGALQAK
5257	RAKFKQLL
17881	KLGGALQAK
20584	RAKFKQLL
35708	KLGGALQAK
38422	KLGGALQAK
13455	GILGFVFTL
5530	KLGGALQAK
36284	IVTDFSVIK
35481	KLGGALQAK
35175	KLGGALQAK
5468	IVTDFSVIK
36119	KLGGALQAK
34837	KLGGALQAK
16946	KLGGALQAK
22313	KLGGALQAK
5655	GILGFVFTL
7269	KLGGALQAK
25021	RAKFKQLL
12887	RAKFKQLL
34564	KLGGALQAK
35450	KLGGALQAK
31462	GILGFVFTL
36100	IVTDFSVIK
34698	KLGGALQAK
7168	GILGFVFTL
29727	GILGFVFTL
34515	KLGGALQAK
24322	RAKFKQLL
33478	RAKFKQLL
24314	KLGGALQAK
28708	GILGFVFTL
34935	KLGGALQAK
31671	GILGFVFTL
14848	KLGGALQAK
6331	GILGFVFTL
36209	KLGGALQAK
35152	KLGGALQAK
24588	RAKFKQLL
34781	KLGGALQAK
18020	RAKFKQLL
7196	GILGFVFTL
26546	KLGGALQAK
34050	KLGGALQAK
32661	GILGFVFTL
34134	KLGGALQAK
30361	GILGFVFTL
35930	KLGGALQAK
31607	RAKFKQLL
31936	GILGFVFTL
35374	KLGGALQAK
6669	KLGGALQAK
8544	RAKFKQLL
34596	KLGGALQAK
596	ELAGIGILTV
23222	KLGGALQAK
34717	KLGGALQAK
35030	KLGGALQAK
36052	KLGGALQAK
35636	KLGGALQAK
36009	KLGGALQAK
36180	KLGGALQAK
34904	KLGGALQAK
34317	KLGGALQAK
159	KLGGALQAK
34883	KLGGALQAK
23844	KLGGALQAK
41	AVFDRKSDAK
36311	KLGGALQAK
36256	KLGGALQAK
52	AVFDRKSDAK
760	AVFDRKSDAK
32518	GILGFVFTL
34547	KLGGALQAK
6556	GILGFVFTL
5513	KLGGALQAK
33167	GILGFVFTL
34370	KLGGALQAK
34784	ELAGIGILTV
25994	ELAGIGILTV
23370	RAKFKQLL
25765	KLGGALQAK
3053	IVTDFSVIK
32709	GILGFVFTL
35207	KLGGALQAK
22330	RAKFKQLL
27818	RAKFKQLL
33372	GILGFVFTL
25812	RAKFKQLL
5104	KLGGALQAK
373	KLGGALQAK
15828	RAKFKQLL
2227	ELAGIGILTV
27841	RAKFKQLL
24709	KLGGALQAK
5258	ELAGIGILTV
5555	GILGFVFTL
26116	GILGFVFTL
2716	IVTDFSVIK
34628	KLGGALQAK
31268	GILGFVFTL
5094	GILGFVFTL
35242	KLGGALQAK
2527	KLGGALQAK
35345	KLGGALQAK
22993	KLGGALQAK
31880	GILGFVFTL
23825	RAKFKQLL
36147	KLGGALQAK
2567	GILGFVFTL
25084	GILGFVFTL
5516	ELAGIGILTV
17891	GILGFVFTL
34166	KLGGALQAK
28705	KLGGALQAK
34440	KLGGALQAK
35307	KLGGALQAK
25806	RAKFKQLL
35627	KLGGALQAK
23213	KLGGALQAK
4985	KLGGALQAK
35460	KLGGALQAK
3780	IVTDFSVIK
23345	RAKFKQLL
25802	KLGGALQAK
34693	KLGGALQAK
15289	RAKFKQLL
29963	KLGGALQAK
34909	KLGGALQAK
25762	GILGFVFTL
24297	RAKFKQLL
33499	GILGFVFTL
14240	RAKFKQLL
32831	GILGFVFTL
35784	KLGGALQAK
7326	RAKFKQLL
26240	KLGGALQAK
35551	KLGGALQAK
35293	KLGGALQAK
30401	KLGGALQAK
23372	KLGGALQAK
6239	GILGFVFTL
17179	RAKFKQLL
5473	KLGGALQAK
36320	KLGGALQAK
5486	KLGGALQAK
35324	KLGGALQAK
5024	KLGGALQAK
25767	GILGFVFTL
31491	GILGFVFTL
269	GILGFVFTL
35444	KLGGALQAK
5469	ELAGIGILTV
15311	KLGGALQAK
147	RAKFKQLL
28886	GILGFVFTL
113	RAKFKQLL
11294	RAKFKQLL
35887	RAKFKQLL
2446	RAKFKQLL
2395	RAKFKQLL
14681	RAKFKQLL
31068	GILGFVFTL
2290	KLGGALQAK
35984	KLGGALQAK
28	RAKFKQLL
704	KLGGALQAK
35966	KLGGALQAK
6252	GILGFVFTL
5498	ELAGIGILTV
2422	KLGGALQAK
27722	RAKFKQLL
35479	KLGGALQAK
34821	KLGGALQAK
2291	KLGGALQAK
34222	KLGGALQAK
2385	IVTDFSVIK
31476	GILGFVFTL
35676	KLGGALQAK
18087	KLGGALQAK
4940	KLGGALQAK
14058	RAKFKQLL
6098	GILGFVFTL
35186	KLGGALQAK
22309	RAKFKQLL
35645	KLGGALQAK
35443	KLGGALQAK
7214	KLGGALQAK
5238	GILGFVFTL
35816	KLGGALQAK
28373	IVTDFSVIK
7325	GILGFVFTL
28301	KLGGALQAK
14676	GILGFVFTL
25716	RAKFKQLL
35958	KLGGALQAK
36137	KLGGALQAK
34177	KLGGALQAK
25907	KLGGALQAK
35651	KLGGALQAK
679	KLGGALQAK
2333	ELAGIGILTV
35847	KLGGALQAK
35565	KLGGALQAK
15315	GLCTLVAML
30435	GILGFVFTL
16765	RAKFKQLL
14844	RAKFKQLL
36120	KLGGALQAK
2308	AVFDRKSDAK
36020	KLGGALQAK
34494	KLGGALQAK
15307	KLGGALQAK
26243	KLGGALQAK
2530	KLGGALQAK
6092	GILGFVFTL
34482	KLGGALQAK
17002	KLGGALQAK
34591	KLGGALQAK
2371	KLGGALQAK
34460	KLGGALQAK
141	AVFDRKSDAK
191	KLGGALQAK
6	GILGFVFTL
35687	KLGGALQAK
33502	GILGFVFTL
35597	KLGGALQAK
11360	RAKFKQLL
15569	KLGGALQAK
34043	KLGGALQAK
6231	GILGFVFTL
16944	ELAGIGILTV
30412	GILGFVFTL
36068	IVTDFSVIK
2861	IVTDFSVIK
25448	KLGGALQAK
23478	RAKFKQLL
7979	RAKFKQLL
27755	RAKFKQLL
16939	GLCTLVAML
31340	GILGFVFTL
34037	KLGGALQAK
25006	IVTDFSVIK
34736	KLGGALQAK
15322	RAKFKQLL
2404	KLGGALQAK
35606	KLGGALQAK
36176	KLGGALQAK
25273	RAKFKQLL
24591	RAKFKQLL
5402	ELAGIGILTV
631	IVTDFSVIK
32396	GILGFVFTL
5404	RAKFKQLL
31618	GILGFVFTL
34	IVTDFSVIK
95	KLGGALQAK
28713	KLGGALQAK
26	KLGGALQAK
35586	KLGGALQAK
2438	IVTDFSVIK
93	KLGGALQAK
28710	RAKFKQLL
15991	RAKFKQLL
34240	KLGGALQAK
2382	KLGGALQAK
25014	GILGFVFTL
35365	KLGGALQAK
35662	KLGGALQAK
4046	IVTDFSVIK
36079	AVFDRKSDAK
14621	KLGGALQAK
35424	KLGGALQAK
34055	KLGGALQAK
4983	KLGGALQAK
2304	KLGGALQAK
34098	KLGGALQAK
11	KLGGALQAK
37225	IVTDFSVIK
28827	KLGGALQAK
14644	KLGGALQAK
35400	KLGGALQAK
17998	KLGGALQAK
5021	KLGGALQAK
35702	KLGGALQAK
35366	KLGGALQAK
5253	ELAGIGILTV
35276	KLGGALQAK
18333	RAKFKQLL
17888	KLGGALQAK
15034	RAKFKQLL
7062	GILGFVFTL
5076	KLGGALQAK
5518	GILGFVFTL
6661	GILGFVFTL
15304	RAKFKQLL
31666	GILGFVFTL
35163	KLGGALQAK
97	KLGGALQAK
2515	KLGGALQAK
5608	GILGFVFTL
21476	RAKFKQLL
34247	KLGGALQAK
31402	KLGGALQAK
28449	KLGGALQAK
35553	KLGGALQAK
26665	RAKFKQLL
22312	AVFDRKSDAK
2343	KLGGALQAK
25709	RAKFKQLL
34110	KLGGALQAK
2342	ELAGIGILTV
16981	KLGGALQAK
77	ELAGIGILTV
18230	RAKFKQLL
24496	RAKFKQLL
25045	RAKFKQLL
2526	KLGGALQAK
34452	KLGGALQAK
35271	KLGGALQAK
28598	KLGGALQAK
4953	KLGGALQAK
35104	KLGGALQAK
28594	KLGGALQAK
6706	GILGFVFTL
5287	KLGGALQAK
35805	KLGGALQAK
59	RAKFKQLL
32402	GILGFVFTL
26036	KLGGALQAK
2282	RAKFKQLL
23121	KLGGALQAK
35864	KLGGALQAK
35096	KLGGALQAK
27964	GLCTLVAML
26418	GLCTLVAML
34399	KLGGALQAK
27050	RAKFKQLL
18061	RAKFKQLL
26038	KLGGALQAK
35937	KLGGALQAK
7216	GILGFVFTL
35190	KLGGALQAK
25719	KLGGALQAK
6367	GILGFVFTL
31973	GILGFVFTL
36217	IVTDFSVIK
2472	AVFDRKSDAK
35332	KLGGALQAK
36186	KLGGALQAK
6608	GILGFVFTL
7675	RAKFKQLL
6007	GILGFVFTL
6036	GILGFVFTL
5290	KLGGALQAK
34076	KLGGALQAK
2271	KLGGALQAK
18702	RAKFKQLL
33989	KLGGALQAK
157	KLGGALQAK
34796	KLGGALQAK
2253	IVTDFSVIK
34125	KLGGALQAK
34206	KLGGALQAK
35406	KLGGALQAK
2326	KLGGALQAK
25028	GILGFVFTL
35605	KLGGALQAK
14641	KLGGALQAK
587	ELAGIGILTV
5959	GILGFVFTL
27091	KLGGALQAK
5019	KLGGALQAK
5418	ELAGIGILTV
4976	RAKFKQLL
35582	KLGGALQAK
247	IVTDFSVIK
34221	KLGGALQAK
5055	KLGGALQAK
5151	KLGGALQAK
5419	ELAGIGILTV
4956	GILGFVFTL
18062	KLGGALQAK
34633	KLGGALQAK
6099	GLCTLVAML
23021	KLGGALQAK
25694	RAKFKQLL
16948	KLGGALQAK
34563	KLGGALQAK
218	KLGGALQAK
34347	KLGGALQAK
35212	KLGGALQAK
35350	KLGGALQAK
34570	KLGGALQAK
35907	KLGGALQAK
34124	KLGGALQAK
30496	GILGFVFTL
35831	KLGGALQAK
62	AVFDRKSDAK
33891	GILGFVFTL
2477	AVFDRKSDAK
6094	GILGFVFTL
36192	KLGGALQAK
26213	GLCTLVAML
34518	KLGGALQAK
19486	RAKFKQLL
35936	KLGGALQAK
36128	IVTDFSVIK
25263	RAKFKQLL
14148	RAKFKQLL
31444	GILGFVFTL
36309	IVTDFSVIK
35509	AVFDRKSDAK
5389	ELAGIGILTV
14842	GILGFVFTL
36232	KLGGALQAK
2366	KLGGALQAK
35904	KLGGALQAK
34422	KLGGALQAK
34002	KLGGALQAK
38432	KLGGALQAK
24634	GILGFVFTL
35454	KLGGALQAK
17044	KLGGALQAK
34342	KLGGALQAK
25438	RAKFKQLL
23828	KLGGALQAK
34351	KLGGALQAK
34772	KLGGALQAK
18108	GILGFVFTL
21422	RAKFKQLL
33484	GILGFVFTL
25019	KLGGALQAK
35672	KLGGALQAK
28721	RAKFKQLL
35862	KLGGALQAK
32856	GILGFVFTL
16425	RAKFKQLL
14322	RAKFKQLL
6548	KLGGALQAK
36103	IVTDFSVIK
25002	RAKFKQLL
14850	RAKFKQLL
13976	RAKFKQLL
26524	IVTDFSVIK
5416	KLGGALQAK
2296	KLGGALQAK
36293	IVTDFSVIK
26702	RAKFKQLL
115	KLGGALQAK
31932	GILGFVFTL
273	RAKFKQLL
4130	IVTDFSVIK
35101	KLGGALQAK
35596	KLGGALQAK
34268	KLGGALQAK
34702	KLGGALQAK
21942	RAKFKQLL
239	KLGGALQAK
6227	GILGFVFTL
36107	KLGGALQAK
28703	RAKFKQLL
2305	KLGGALQAK
25090	GLCTLVAML
26147	RAKFKQLL
6356	GILGFVFTL
15300	RAKFKQLL
244	KLGGALQAK
75	KLGGALQAK
34202	KLGGALQAK
5415	IVTDFSVIK
33503	GILGFVFTL
5777	GILGFVFTL
35751	KLGGALQAK
29950	RAKFKQLL
34488	KLGGALQAK
34208	KLGGALQAK
5105	KLGGALQAK
35734	KLGGALQAK
11795	RAKFKQLL
6012	GILGFVFTL
34223	KLGGALQAK
34930	KLGGALQAK
35319	KLGGALQAK
7668	RAKFKQLL
35128	KLGGALQAK
25111	GILGFVFTL
15997	RAKFKQLL
34062	KLGGALQAK
34388	KLGGALQAK
25086	GLCTLVAML
34607	KLGGALQAK
28683	KLGGALQAK
5149	RAKFKQLL
35300	KLGGALQAK
23903	RAKFKQLL
34296	KLGGALQAK
110	KLGGALQAK
5540	KLGGALQAK
35945	KLGGALQAK
35690	KLGGALQAK
35756	KLGGALQAK
25392	RAKFKQLL
8178	RAKFKQLL
18072	RAKFKQLL
33591	GILGFVFTL
258	KLGGALQAK
26263	KLGGALQAK
81	ELAGIGILTV
36081	IVTDFSVIK
22320	RAKFKQLL
5564	GILGFVFTL
35022	KLGGALQAK
29698	GILGFVFTL
34571	KLGGALQAK
25008	IVTDFSVIK
13327	RAKFKQLL
35060	KLGGALQAK
27721	RAKFKQLL
34832	KLGGALQAK
276	RAKFKQLL
144	KLGGALQAK
2435	IVTDFSVIK
35179	KLGGALQAK
28724	GILGFVFTL
35856	KLGGALQAK
23025	KLGGALQAK
25249	GLCTLVAML
35844	KLGGALQAK
26135	GILGFVFTL
34252	KLGGALQAK
35584	KLGGALQAK
4930	IVTDFSVIK
34425	KLGGALQAK
7091	GILGFVFTL
24683	RAKFKQLL
34171	ELAGIGILTV
34822	KLGGALQAK
35003	KLGGALQAK
34997	KLGGALQAK
35648	KLGGALQAK
32775	GILGFVFTL
5315	KLGGALQAK
35973	KLGGALQAK
666	KLGGALQAK
26484	GLCTLVAML
670	ELAGIGILTV
34759	KLGGALQAK
34762	KLGGALQAK
5654	GILGFVFTL
28600	KLGGALQAK
5651	KLGGALQAK
5097	KLGGALQAK
2557	RAKFKQLL
34211	KLGGALQAK
5066	KLGGALQAK
32279	GILGFVFTL
28305	KLGGALQAK
21590	RAKFKQLL
7306	GILGFVFTL
21072	RAKFKQLL
35861	KLGGALQAK
8103	RAKFKQLL
35689	KLGGALQAK
35053	KLGGALQAK
7377	GILGFVFTL
23847	KLGGALQAK
4984	KLGGALQAK
2387	KLGGALQAK
16960	RAKFKQLL
2495	IVTDFSVIK
34582	KLGGALQAK
36075	KLGGALQAK
7178	GILGFVFTL
26128	RAKFKQLL
34613	KLGGALQAK
30648	GILGFVFTL
17952	RAKFKQLL
5549	GILGFVFTL
4948	KLGGALQAK
5591	GILGFVFTL
5122	KLGGALQAK
32921	GILGFVFTL
7330	KLGGALQAK
2461	ELAGIGILTV
35643	KLGGALQAK
2284	KLGGALQAK
166	ELAGIGILTV
695	KLGGALQAK
6328	GILGFVFTL
5112	KLGGALQAK
34497	KLGGALQAK
5221	KLGGALQAK
35001	KLGGALQAK
5464	IVTDFSVIK
24840	GLCTLVAML
5657	GILGFVFTL
31635	GILGFVFTL
35773	AVFDRKSDAK
36323	KLGGALQAK
2295	KLGGALQAK
28583	KLGGALQAK
35727	KLGGALQAK
36145	KLGGALQAK
36077	ELAGIGILTV
31663	GILGFVFTL
28826	GILGFVFTL
64	KLGGALQAK
28446	KLGGALQAK
36133	IVTDFSVIK
5219	KLGGALQAK
6381	GILGFVFTL
35785	KLGGALQAK
36124	KLGGALQAK
5443	KLGGALQAK
25400	AVFDRKSDAK
20507	RAKFKQLL
5237	GILGFVFTL
21	ELAGIGILTV
34625	KLGGALQAK
33611	GILGFVFTL
33988	KLGGALQAK
5497	KLGGALQAK
1699	AVFDRKSDAK
2269	KLGGALQAK
30494	GILGFVFTL
2347	ELAGIGILTV
15331	KLGGALQAK
17150	RAKFKQLL
33537	GILGFVFTL
35733	KLGGALQAK
24633	GILGFVFTL
694	KLGGALQAK
7233	ELAGIGILTV
34160	KLGGALQAK
33394	GILGFVFTL
35968	KLGGALQAK
35620	KLGGALQAK
2228	ELAGIGILTV
644	KLGGALQAK
35951	KLGGALQAK
34433	KLGGALQAK
6479	AVFDRKSDAK
31367	GILGFVFTL
30087	KLGGALQAK
26551	KLGGALQAK
24334	IVTDFSVIK
34612	KLGGALQAK
24995	KLGGALQAK
34859	KLGGALQAK
35574	KLGGALQAK
35749	KLGGALQAK
5421	KLGGALQAK
5164	IVTDFSVIK
28956	ELAGIGILTV
35579	KLGGALQAK
23127	ELAGIGILTV
34864	KLGGALQAK
35921	KLGGALQAK
2293	KLGGALQAK
24341	KLGGALQAK
22327	IVTDFSVIK
18001	KLGGALQAK
25851	GLCTLVAML
24682	KLGGALQAK
35793	KLGGALQAK
34802	KLGGALQAK
5646	GILGFVFTL
31372	GILGFVFTL
34578	KLGGALQAK
109	ELAGIGILTV
35440	KLGGALQAK
35615	KLGGALQAK
6334	KLGGALQAK
2241	ELAGIGILTV
5100	AVFDRKSDAK
10449	RAKFKQLL
14620	RAKFKQLL
5276	IVTDFSVIK
34096	ELAGIGILTV
32854	GILGFVFTL
36063	IVTDFSVIK
32884	GILGFVFTL
34636	KLGGALQAK
35189	KLGGALQAK
34058	KLGGALQAK
26019	GILGFVFTL
4648	IVTDFSVIK
35944	KLGGALQAK
2577	KLGGALQAK
6355	GILGFVFTL
33480	KLGGALQAK
7085	GILGFVFTL
23851	KLGGALQAK
662	RAKFKQLL
27097	RAKFKQLL
34554	KLGGALQAK
17957	RAKFKQLL
34947	KLGGALQAK
17965	AVFDRKSDAK
34818	KLGGALQAK
25924	GILGFVFTL
33116	GILGFVFTL
35168	KLGGALQAK
117	IVTDFSVIK
21712	RAKFKQLL
7224	GILGFVFTL
6091	GILGFVFTL
34340	KLGGALQAK
35843	KLGGALQAK
139	GILGFVFTL
15756	RAKFKQLL
29951	GILGFVFTL
5414	RAKFKQLL
25102	GLCTLVAML
165	RAKFKQLL
23347	RAKFKQLL
6691	GILGFVFTL
28885	GILGFVFTL
27	IVTDFSVIK
34173	KLGGALQAK
13059	RAKFKQLL
2493	KLGGALQAK
34141	KLGGALQAK
40	GILGFVFTL
35455	KLGGALQAK
16952	KLGGALQAK
15086	RAKFKQLL
28829	KLGGALQAK
6245	GILGFVFTL
32270	GILGFVFTL
33497	GILGFVFTL
586	KLGGALQAK
36024	KLGGALQAK
34086	KLGGALQAK
34668	KLGGALQAK
8170	RAKFKQLL
2312	KLGGALQAK
26033	KLGGALQAK
35144	KLGGALQAK
34793	KLGGALQAK
5118	KLGGALQAK
28372	KLGGALQAK
34393	KLGGALQAK
5434	ELAGIGILTV
34074	KLGGALQAK
31551	GILGFVFTL
24711	GILGFVFTL
35339	KLGGALQAK
25395	RAKFKQLL
17879	RAKFKQLL
35310	KLGGALQAK
35328	KLGGALQAK
6262	GILGFVFTL
22730	RAKFKQLL
35797	KLGGALQAK
33490	GILGFVFTL
36280	KLGGALQAK
11815	AVFDRKSDAK
36051	IVTDFSVIK
4933	ELAGIGILTV
669	KLGGALQAK
5092	KLGGALQAK
16063	RAKFKQLL
28935	GILGFVFTL
33597	RAKFKQLL
13825	RAKFKQLL
193	IVTDFSVIK
5656	GILGFVFTL
7160	GILGFVFTL
34284	KLGGALQAK
284	KLGGALQAK
35131	KLGGALQAK
2476	AVFDRKSDAK
34548	KLGGALQAK
24041	RAKFKQLL
34298	KLGGALQAK
23889	GILGFVFTL
34389	KLGGALQAK
7339	GILGFVFTL
34764	KLGGALQAK
34662	KLGGALQAK
11413	RAKFKQLL
25272	KLGGALQAK
5428	KLGGALQAK
35034	KLGGALQAK
24349	IVTDFSVIK
7286	GILGFVFTL
28168	RAKFKQLL
29964	GILGFVFTL
36196	KLGGALQAK
31066	GILGFVFTL
35781	KLGGALQAK
5557	KLGGALQAK
19413	RAKFKQLL
24361	RAKFKQLL
35557	KLGGALQAK
26241	KLGGALQAK
34489	KLGGALQAK
6683	GILGFVFTL
5522	ELAGIGILTV
34403	KLGGALQAK
23002	KLGGALQAK
31938	GILGFVFTL
34824	KLGGALQAK
33	GILGFVFTL
2538	KLGGALQAK
34028	KLGGALQAK
36058	GLCTLVAML
33386	GILGFVFTL
35832	KLGGALQAK
25446	GILGFVFTL
21061	RAKFKQLL
34677	KLGGALQAK
5461	KLGGALQAK
35091	KLGGALQAK
27951	GLCTLVAML
628	GILGFVFTL
35209	KLGGALQAK
34714	KLGGALQAK
29968	KLGGALQAK
25069	KLGGALQAK
34023	KLGGALQAK
23816	GILGFVFTL
5799	GILGFVFTL
2398	KLGGALQAK
34378	KLGGALQAK
34920	KLGGALQAK
34964	KLGGALQAK
5429	ELAGIGILTV
34676	KLGGALQAK
30415	GILGFVFTL
22999	RAKFKQLL
34746	KLGGALQAK
23845	KLGGALQAK
34369	KLGGALQAK
34958	KLGGALQAK
32911	GILGFVFTL
25404	RAKFKQLL
36053	KLGGALQAK
15321	RAKFKQLL
5561	GILGFVFTL
34328	KLGGALQAK
31623	GILGFVFTL
35184	KLGGALQAK
35893	KLGGALQAK
35903	KLGGALQAK
5648	GILGFVFTL
28470	KLGGALQAK
34026	KLGGALQAK
11336	RAKFKQLL
34908	KLGGALQAK
5250	RAKFKQLL
34067	KLGGALQAK
24401	RAKFKQLL
35874	KLGGALQAK
34447	KLGGALQAK
34036	KLGGALQAK
2334	GILGFVFTL
5062	GILGFVFTL
36131	AVFDRKSDAK
5703	GILGFVFTL
34577	KLGGALQAK
32391	GILGFVFTL
35717	KLGGALQAK
5074	KLGGALQAK
34087	KLGGALQAK
2579	GILGFVFTL
19220	RAKFKQLL
34427	KLGGALQAK
26258	KLGGALQAK
34811	KLGGALQAK
34900	KLGGALQAK
705	RAKFKQLL
34929	KLGGALQAK
4932	KLGGALQAK
29774	GILGFVFTL
25442	RAKFKQLL
5230	KLGGALQAK
7689	RAKFKQLL
36076	KLGGALQAK
35656	KLGGALQAK
32609	GILGFVFTL
20245	RAKFKQLL
15329	RAKFKQLL
29357	GILGFVFTL
35949	KLGGALQAK
36212	IVTDFSVIK
26151	KLGGALQAK
35451	KLGGALQAK
5278	GILGFVFTL
14832	KLGGALQAK
6807	GILGFVFTL
2234	ELAGIGILTV
16001	ELAGIGILTV
35724	KLGGALQAK
24592	RAKFKQLL
5155	KLGGALQAK
18047	RAKFKQLL
35411	KLGGALQAK
35469	KLGGALQAK
31926	GILGFVFTL
34687	KLGGALQAK
35164	KLGGALQAK
35562	KLGGALQAK
35247	KLGGALQAK
24347	GILGFVFTL
25397	RAKFKQLL
31786	GILGFVFTL
132	GILGFVFTL
4786	IVTDFSVIK
16430	RAKFKQLL
2318	KLGGALQAK
28615	GLCTLVAML
5028	KLGGALQAK
23103	GILGFVFTL
35955	KLGGALQAK
35010	KLGGALQAK
31081	GILGFVFTL
33453	GILGFVFTL
5439	KLGGALQAK
87	RAKFKQLL
6347	GILGFVFTL
35650	KLGGALQAK
26016	KLGGALQAK
36123	KLGGALQAK
26055	KLGGALQAK
170	ELAGIGILTV
34465	KLGGALQAK
35099	KLGGALQAK
35296	KLGGALQAK
689	AVFDRKSDAK
35555	KLGGALQAK
26837	RAKFKQLL
26472	RAKFKQLL
34602	KLGGALQAK
35787	KLGGALQAK
32360	GILGFVFTL
6635	GILGFVFTL
14673	KLGGALQAK
34078	KLGGALQAK
25283	RAKFKQLL
31651	GILGFVFTL
12620	RAKFKQLL
2520	KLGGALQAK
36092	KLGGALQAK
33571	GILGFVFTL
36925	IVTDFSVIK
36083	IVTDFSVIK
23240	RAKFKQLL
7243	IVTDFSVIK
33577	GILGFVFTL
25771	RAKFKQLL
28706	KLGGALQAK
34363	KLGGALQAK
6802	GILGFVFTL
5556	KLGGALQAK
38428	IVTDFSVIK
5804	GILGFVFTL
6247	GILGFVFTL
201	RAKFKQLL
27082	RAKFKQLL
38425	KLGGALQAK
7212	GILGFVFTL
30498	GILGFVFTL
34387	KLGGALQAK
28684	KLGGALQAK
10407	RAKFKQLL
28864	KLGGALQAK
25023	KLGGALQAK
33846	GILGFVFTL
35667	KLGGALQAK
30385	GILGFVFTL
26136	KLGGALQAK
17047	RAKFKQLL
36327	KLGGALQAK
7318	GILGFVFTL
34461	KLGGALQAK
35761	KLGGALQAK
26210	KLGGALQAK
5566	GILGFVFTL
34986	KLGGALQAK
27947	GLCTLVAML
7060	GILGFVFTL
6709	GILGFVFTL
34131	KLGGALQAK
7316	GILGFVFTL
34669	KLGGALQAK
27953	GLCTLVAML
5226	RAKFKQLL
30706	GILGFVFTL
35962	KLGGALQAK
14837	RAKFKQLL
34226	KLGGALQAK
28472	RAKFKQLL
36238	IVTDFSVIK
34259	KLGGALQAK
16965	KLGGALQAK
18055	GLCTLVAML
30503	GILGFVFTL
35026	KLGGALQAK
34645	KLGGALQAK
5503	KLGGALQAK
35314	KLGGALQAK
35850	KLGGALQAK
171	ELAGIGILTV
205	KLGGALQAK
5264	GILGFVFTL
35916	KLGGALQAK
31658	GILGFVFTL
35730	ELAGIGILTV
35753	KLGGALQAK
5065	KLGGALQAK
17004	GLCTLVAML
36066	KLGGALQAK
4974	RAKFKQLL
28571	KLGGALQAK
14955	RAKFKQLL
4284	IVTDFSVIK
26492	GLCTLVAML
23890	KLGGALQAK
25798	RAKFKQLL
34350	KLGGALQAK
36319	IVTDFSVIK
8106	RAKFKQLL
17953	RAKFKQLL
2370	RAKFKQLL
35453	KLGGALQAK
140	KLGGALQAK
5187	KLGGALQAK
32772	GILGFVFTL
34934	KLGGALQAK
25705	RAKFKQLL
2377	KLGGALQAK
28875	GILGFVFTL
34708	KLGGALQAK
34075	KLGGALQAK
24652	RAKFKQLL
2405	KLGGALQAK
7230	RAKFKQLL
34263	KLGGALQAK
24986	KLGGALQAK
34313	KLGGALQAK
18665	RAKFKQLL
35947	KLGGALQAK
3952	IVTDFSVIK
34574	AVFDRKSDAK
34196	KLGGALQAK
6939	GILGFVFTL
13925	GILGFVFTL
26494	KLGGALQAK
27927	RAKFKQLL
23373	KLGGALQAK
25409	RAKFKQLL
25753	KLGGALQAK
34218	KLGGALQAK
18088	RAKFKQLL
34647	AVFDRKSDAK
35923	KLGGALQAK
34360	KLGGALQAK
14347	RAKFKQLL
27746	RAKFKQLL
36251	KLGGALQAK
18064	GLCTLVAML
32133	GILGFVFTL
31899	GILGFVFTL
25720	KLGGALQAK
34163	KLGGALQAK
31492	GILGFVFTL
25068	KLGGALQAK
6050	GILGFVFTL
25439	RAKFKQLL
25443	RAKFKQLL
35371	KLGGALQAK
36219	KLGGALQAK
28857	AVFDRKSDAK
4924	IVTDFSVIK
35834	KLGGALQAK
25184	GILGFVFTL
25294	KLGGALQAK
36082	KLGGALQAK
34600	KLGGALQAK
35234	KLGGALQAK
5218	GILGFVFTL
17967	KLGGALQAK
5620	GILGFVFTL
28439	GILGFVFTL
5111	KLGGALQAK
34381	KLGGALQAK
5042	IVTDFSVIK
32181	GILGFVFTL
35758	KLGGALQAK
5828	GILGFVFTL
35439	KLGGALQAK
10554	RAKFKQLL
34881	KLGGALQAK
26690	RAKFKQLL
5162	RAKFKQLL
35693	KLGGALQAK
35377	KLGGALQAK
88	KLGGALQAK
35067	KLGGALQAK
32000	RAKFKQLL
35182	KLGGALQAK
4926	KLGGALQAK
26140	KLGGALQAK
24305	RAKFKQLL
33997	KLGGALQAK
35929	KLGGALQAK
185	ELAGIGILTV
34060	KLGGALQAK
13269	RAKFKQLL
25699	GILGFVFTL
25852	KLGGALQAK
16980	KLGGALQAK
34910	KLGGALQAK
26556	RAKFKQLL
23896	RAKFKQLL
7076	GILGFVFTL
36160	KLGGALQAK
34526	KLGGALQAK
25221	KLGGALQAK
36156	KLGGALQAK
8131	RAKFKQLL
34988	KLGGALQAK
30515	GILGFVFTL
34773	KLGGALQAK
26537	GLCTLVAML
5502	KLGGALQAK
22365	RAKFKQLL
34364	KLGGALQAK
34410	KLGGALQAK
35986	KLGGALQAK
23891	KLGGALQAK
213	KLGGALQAK
35156	KLGGALQAK
2289	IVTDFSVIK
34149	KLGGALQAK
35394	KLGGALQAK
34017	KLGGALQAK
7174	GILGFVFTL
31406	GILGFVFTL
658	AVFDRKSDAK
14272	RAKFKQLL
5647	GILGFVFTL
34753	KLGGALQAK
35812	KLGGALQAK
35232	KLGGALQAK
7238	KLGGALQAK
22985	KLGGALQAK
4079	IVTDFSVIK
33899	KLGGALQAK
23907	RAKFKQLL
28369	RAKFKQLL
6848	GILGFVFTL
34593	KLGGALQAK
2403	KLGGALQAK
31343	GILGFVFTL
7328	KLGGALQAK
35008	KLGGALQAK
5508	ELAGIGILTV
34565	KLGGALQAK
22991	KLGGALQAK
26018	KLGGALQAK
24697	KLGGALQAK
22582	RAKFKQLL
5123	RAKFKQLL
33588	GILGFVFTL
34337	KLGGALQAK
5240	GLCTLVAML
26044	KLGGALQAK
34860	KLGGALQAK
17894	KLGGALQAK
31852	GILGFVFTL
1447	AVFDRKSDAK
28828	RAKFKQLL
168	AVFDRKSDAK
8	KLGGALQAK
33224	GILGFVFTL
35326	KLGGALQAK
31384	GILGFVFTL
5245	KLGGALQAK
377	KLGGALQAK
17010	RAKFKQLL
35600	KLGGALQAK
15333	ELAGIGILTV
31924	GILGFVFTL
5511	KLGGALQAK
34282	KLGGALQAK
38430	KLGGALQAK
34290	KLGGALQAK
35992	KLGGALQAK
36091	IVTDFSVIK
14239	RAKFKQLL
5533	ELAGIGILTV
15992	KLGGALQAK
7204	GILGFVFTL
5879	GILGFVFTL
34122	KLGGALQAK
23833	KLGGALQAK
35796	KLGGALQAK
35666	AVFDRKSDAK
5448	KLGGALQAK
34451	KLGGALQAK
31854	GILGFVFTL
23852	KLGGALQAK
36240	IVTDFSVIK
30406	GILGFVFTL
34640	KLGGALQAK
18220	RAKFKQLL
34343	KLGGALQAK
18532	RAKFKQLL
2266	ELAGIGILTV
5432	KLGGALQAK
242	KLGGALQAK
24990	KLGGALQAK
4943	IVTDFSVIK
36185	KLGGALQAK
21756	RAKFKQLL
2348	GILGFVFTL
35956	KLGGALQAK
374	KLGGALQAK
7663	GILGFVFTL
35437	KLGGALQAK
17003	GLCTLVAML
14606	RAKFKQLL
664	ELAGIGILTV
650	ELAGIGILTV
34985	KLGGALQAK
35521	KLGGALQAK
217	KLGGALQAK
34420	KLGGALQAK
28723	KLGGALQAK
34511	KLGGALQAK
34248	KLGGALQAK
15794	RAKFKQLL
19628	RAKFKQLL
8091	RAKFKQLL
35759	KLGGALQAK
24820	RAKFKQLL
5603	GILGFVFTL
5034	KLGGALQAK
34813	KLGGALQAK
35407	KLGGALQAK
25809	KLGGALQAK
15990	KLGGALQAK
17090	RAKFKQLL
35399	KLGGALQAK
35634	KLGGALQAK
2346	AVFDRKSDAK
5031	GILGFVFTL
11940	RAKFKQLL
34914	KLGGALQAK
7215	GILGFVFTL
2285	KLGGALQAK
35892	KLGGALQAK
26214	GLCTLVAML
9392	RAKFKQLL
24088	RAKFKQLL
6797	GILGFVFTL
35355	KLGGALQAK
38418	KLGGALQAK
34905	KLGGALQAK
5183	GILGFVFTL
255	KLGGALQAK
35125	KLGGALQAK
2424	GILGFVFTL
36214	KLGGALQAK
35308	KLGGALQAK
25241	GLCTLVAML
263	KLGGALQAK
34827	KLGGALQAK
25005	IVTDFSVIK
7173	GILGFVFTL
16938	RAKFKQLL
34756	KLGGALQAK
33366	GILGFVFTL
31857	GILGFVFTL
22538	RAKFKQLL
34911	KLGGALQAK
18058	KLGGALQAK
7672	RAKFKQLL
7257	ELAGIGILTV
27723	RAKFKQLL
28625	GLCTLVAML
5267	RAKFKQLL
27061	KLGGALQAK
7691	RAKFKQLL
34745	KLGGALQAK
35258	KLGGALQAK
14796	RAKFKQLL
35882	KLGGALQAK
34803	KLGGALQAK
24713	KLGGALQAK
2423	ELAGIGILTV
31937	GILGFVFTL
98	KLGGALQAK
31745	GILGFVFTL
5254	ELAGIGILTV
8727	RAKFKQLL
31901	RAKFKQLL
2341	ELAGIGILTV
25264	RAKFKQLL
34867	KLGGALQAK
5658	GILGFVFTL
5270	KLGGALQAK
3258	IVTDFSVIK
35970	KLGGALQAK
38424	ELAGIGILTV
36179	KLGGALQAK
2576	AVFDRKSDAK
28722	KLGGALQAK
26065	GILGFVFTL
34344	KLGGALQAK
34228	KLGGALQAK
15572	RAKFKQLL
36153	KLGGALQAK
18643	GILGFVFTL
34588	KLGGALQAK
34672	KLGGALQAK
14142	RAKFKQLL
26032	KLGGALQAK
35372	KLGGALQAK
5247	ELAGIGILTV
5501	ELAGIGILTV
13890	KLGGALQAK
28613	KLGGALQAK
34204	KLGGALQAK
13930	KLGGALQAK
34168	KLGGALQAK
34038	KLGGALQAK
957	AVFDRKSDAK
35239	KLGGALQAK
5816	GILGFVFTL
5129	ELAGIGILTV
33980	GILGFVFTL
4949	IVTDFSVIK
5855	GILGFVFTL
2582	GILGFVFTL
28610	KLGGALQAK
16932	RAKFKQLL
583	ELAGIGILTV
28877	GILGFVFTL
2465	KLGGALQAK
5280	GILGFVFTL
23221	KLGGALQAK
19439	RAKFKQLL
6234	GILGFVFTL
36023	KLGGALQAK
5595	GILGFVFTL
210	RAKFKQLL
6946	GILGFVFTL
35664	AVFDRKSDAK
5441	KLGGALQAK
594	KLGGALQAK
17048	RAKFKQLL
35716	KLGGALQAK
34996	KLGGALQAK
34140	KLGGALQAK
28408	RAKFKQLL
5400	ELAGIGILTV
4257	GILGFVFTL
35337	KLGGALQAK
35740	KLGGALQAK
35080	KLGGALQAK
7035	GILGFVFTL
35173	KLGGALQAK
17882	GILGFVFTL
25905	KLGGALQAK
14642	KLGGALQAK
35320	KLGGALQAK
35700	KLGGALQAK
35118	KLGGALQAK
13910	RAKFKQLL
5514	ELAGIGILTV
2372	ELAGIGILTV
34120	KLGGALQAK
28368	GILGFVFTL
4934	KLGGALQAK
31407	GILGFVFTL
14255	KLGGALQAK
34108	KLGGALQAK
34458	KLGGALQAK
5026	GILGFVFTL
23853	KLGGALQAK
5425	ELAGIGILTV
34918	KLGGALQAK
4959	KLGGALQAK
472	IVTDFSVIK
11154	RAKFKQLL
34780	KLGGALQAK
34457	KLGGALQAK
33500	GILGFVFTL
34726	KLGGALQAK
15190	GILGFVFTL
34984	KLGGALQAK
6598	GILGFVFTL
34950	KLGGALQAK
34198	KLGGALQAK
2237	ELAGIGILTV
34721	KLGGALQAK
9790	RAKFKQLL
34836	KLGGALQAK
35428	KLGGALQAK
35902	KLGGALQAK
7666	RAKFKQLL
5284	KLGGALQAK
33946	KLGGALQAK
6241	GILGFVFTL
35105	KLGGALQAK
6551	GILGFVFTL
35639	KLGGALQAK
35989	KLGGALQAK
34992	KLGGALQAK
14630	RAKFKQLL
36008	KLGGALQAK
31376	GILGFVFTL
26521	KLGGALQAK
35846	KLGGALQAK
34238	KLGGALQAK
5531	KLGGALQAK
34993	KLGGALQAK
5263	KLGGALQAK
6333	GILGFVFTL
34971	KLGGALQAK
14060	RAKFKQLL
17001	IVTDFSVIK
34674	KLGGALQAK
253	IVTDFSVIK
14623	RAKFKQLL
23900	KLGGALQAK
2450	KLGGALQAK
35024	KLGGALQAK
36207	IVTDFSVIK
36271	KLGGALQAK
25302	RAKFKQLL
35362	KLGGALQAK
31628	GILGFVFTL
10357	RAKFKQLL
35799	KLGGALQAK
35614	KLGGALQAK
671	KLGGALQAK
34912	KLGGALQAK
34723	KLGGALQAK
35811	KLGGALQAK
14334	GILGFVFTL
34722	KLGGALQAK
35059	KLGGALQAK
11437	RAKFKQLL
34135	KLGGALQAK
15277	RAKFKQLL
35041	KLGGALQAK
35865	KLGGALQAK
16982	RAKFKQLL
34841	KLGGALQAK
25070	KLGGALQAK
35866	KLGGALQAK
33898	KLGGALQAK
35663	KLGGALQAK
35267	KLGGALQAK
34529	KLGGALQAK
35187	KLGGALQAK
30427	GILGFVFTL
25704	RAKFKQLL
2336	KLGGALQAK
28607	KLGGALQAK
25390	RAKFKQLL
5041	KLGGALQAK
22707	RAKFKQLL
25007	IVTDFSVIK
2440	IVTDFSVIK
35998	AVFDRKSDAK
31368	GILGFVFTL
24307	GILGFVFTL
35726	KLGGALQAK
34472	KLGGALQAK
15317	KLGGALQAK
35810	KLGGALQAK
181	ELAGIGILTV
8581	RAKFKQLL
35652	KLGGALQAK
31504	GILGFVFTL
33112	RAKFKQLL
34394	KLGGALQAK
13986	RAKFKQLL
35235	KLGGALQAK
24642	KLGGALQAK
5527	ELAGIGILTV
22988	KLGGALQAK
34042	KLGGALQAK
35704	KLGGALQAK
17997	KLGGALQAK
35288	KLGGALQAK
26139	RAKFKQLL
36065	IVTDFSVIK
7315	GILGFVFTL
35661	KLGGALQAK
3646	IVTDFSVIK
18109	RAKFKQLL
35486	ELAGIGILTV
35659	KLGGALQAK
654	KLGGALQAK
34406	KLGGALQAK
26518	ELAGIGILTV
2302	KLGGALQAK
25408	GILGFVFTL
34555	IVTDFSVIK
5470	KLGGALQAK
34806	KLGGALQAK
26137	KLGGALQAK
32416	GILGFVFTL
32260	GILGFVFTL
24504	RAKFKQLL
367	KLGGALQAK
7256	KLGGALQAK
34065	KLGGALQAK
35765	KLGGALQAK
7366	KLGGALQAK
34356	KLGGALQAK
257	KLGGALQAK
33552	GILGFVFTL
35873	AVFDRKSDAK
134	KLGGALQAK
25723	IVTDFSVIK
209	RAKFKQLL
34419	KLGGALQAK
35477	KLGGALQAK
28466	KLGGALQAK
34524	KLGGALQAK
18100	RAKFKQLL
35159	KLGGALQAK
35135	IVTDFSVIK
35262	KLGGALQAK
25437	RAKFKQLL
34359	KLGGALQAK
14075	RAKFKQLL
9486	RAKFKQLL
36135	KLGGALQAK
5411	KLGGALQAK
28376	KLGGALQAK
33923	KLGGALQAK
6237	GILGFVFTL
35881	KLGGALQAK
24348	GILGFVFTL
8647	RAKFKQLL
5182	ELAGIGILTV
33858	GILGFVFTL
31143	GILGFVFTL
31077	GILGFVFTL
28604	KLGGALQAK
6243	GILGFVFTL
25701	KLGGALQAK
5170	GLCTLVAML
34264	KLGGALQAK
2580	IVTDFSVIK
35061	KLGGALQAK
35305	KLGGALQAK
35752	KLGGALQAK
14897	RAKFKQLL
7687	RAKFKQLL
31930	GILGFVFTL
36002	KLGGALQAK
60	IVTDFSVIK
30882	GILGFVFTL
30388	GILGFVFTL
25394	GILGFVFTL
6687	GILGFVFTL
5229	KLGGALQAK
36007	KLGGALQAK
35273	KLGGALQAK
25353	RAKFKQLL
35023	KLGGALQAK
5407	KLGGALQAK
33072	GILGFVFTL
35043	KLGGALQAK
34354	KLGGALQAK
15723	GILGFVFTL
34493	KLGGALQAK
15302	AVFDRKSDAK
14683	RAKFKQLL
26473	GILGFVFTL
2025	AVFDRKSDAK
35808	KLGGALQAK
10574	RAKFKQLL
23824	KLGGALQAK
35601	KLGGALQAK
2573	IVTDFSVIK
4938	KLGGALQAK
29940	GILGFVFTL
197	KLGGALQAK
6078	GILGFVFTL
30437	GILGFVFTL
35170	KLGGALQAK
2528	AVFDRKSDAK
28412	KLGGALQAK
23203	KLGGALQAK
34740	KLGGALQAK
36286	KLGGALQAK
5622	GILGFVFTL
31371	GILGFVFTL
7163	ELAGIGILTV
73	RAKFKQLL
30546	RAKFKQLL
5117	KLGGALQAK
25692	RAKFKQLL
683	KLGGALQAK
7360	RAKFKQLL
35058	KLGGALQAK
35698	KLGGALQAK
25920	GILGFVFTL
20756	RAKFKQLL
5465	GILGFVFTL
34216	KLGGALQAK
12507	RAKFKQLL
219	KLGGALQAK
31840	GILGFVFTL
26039	KLGGALQAK
13895	GILGFVFTL
23356	RAKFKQLL
36084	AVFDRKSDAK
28593	KLGGALQAK
33505	GILGFVFTL
275	IVTDFSVIK
36324	KLGGALQAK
26845	RAKFKQLL
7346	KLGGALQAK
36080	AVFDRKSDAK
223	AVFDRKSDAK
34566	KLGGALQAK
29781	GILGFVFTL
35490	KLGGALQAK
33900	GILGFVFTL
15184	RAKFKQLL
14624	RAKFKQLL
35109	KLGGALQAK
34071	KLGGALQAK
34010	KLGGALQAK
2406	KLGGALQAK
28302	KLGGALQAK
26046	KLGGALQAK
89	AVFDRKSDAK
14250	KLGGALQAK
22324	KLGGALQAK
34585	KLGGALQAK
34516	AVFDRKSDAK
153	KLGGALQAK
35075	KLGGALQAK
2287	KLGGALQAK
34663	KLGGALQAK
34269	KLGGALQAK
16175	RAKFKQLL
32332	GILGFVFTL
35924	KLGGALQAK
30386	GILGFVFTL
27758	RAKFKQLL
28740	KLGGALQAK
34490	KLGGALQAK
35077	KLGGALQAK
27521	RAKFKQLL
4945	KLGGALQAK
35642	KLGGALQAK
34785	KLGGALQAK
18210	RAKFKQLL
14258	GLCTLVAML
2775	IVTDFSVIK
23014	KLGGALQAK
116	KLGGALQAK
34533	KLGGALQAK
629	KLGGALQAK
34941	KLGGALQAK
585	RAKFKQLL
34539	KLGGALQAK
5544	GILGFVFTL
35468	KLGGALQAK
25899	RAKFKQLL
36257	KLGGALQAK
35590	KLGGALQAK
34429	KLGGALQAK
32635	GILGFVFTL
811	AVFDRKSDAK
34810	AVFDRKSDAK
26395	GLCTLVAML
7210	GILGFVFTL
35878	KLGGALQAK
99	KLGGALQAK
17983	KLGGALQAK
2504	KLGGALQAK
637	KLGGALQAK
7692	KLGGALQAK
14263	KLGGALQAK
25085	RAKFKQLL
34979	KLGGALQAK
5554	AVFDRKSDAK
35990	KLGGALQAK
5241	ELAGIGILTV
26486	KLGGALQAK
35978	KLGGALQAK
17865	KLGGALQAK
34236	KLGGALQAK
703	IVTDFSVIK
6949	GILGFVFTL
23829	KLGGALQAK
35203	KLGGALQAK
25725	RAKFKQLL
2359	ELAGIGILTV
28873	RAKFKQLL
24242	RAKFKQLL
29954	GILGFVFTL
35174	ELAGIGILTV
5045	AVFDRKSDAK
31858	GILGFVFTL
74	RAKFKQLL
23001	KLGGALQAK
25100	KLGGALQAK
34794	KLGGALQAK
25082	KLGGALQAK
35282	KLGGALQAK
26511	RAKFKQLL
35119	KLGGALQAK
5030	IVTDFSVIK
7074	GILGFVFTL
34104	KLGGALQAK
34180	KLGGALQAK
27726	RAKFKQLL
180	GILGFVFTL
2667	IVTDFSVIK
9154	RAKFKQLL
23233	ELAGIGILTV
34009	KLGGALQAK
34258	KLGGALQAK
265	GILGFVFTL
34828	KLGGALQAK
26739	RAKFKQLL
17155	RAKFKQLL
35569	KLGGALQAK
35718	KLGGALQAK
36226	KLGGALQAK
30982	GILGFVFTL
35074	KLGGALQAK
21873	RAKFKQLL
15319	GILGFVFTL
15314	KLGGALQAK
23162	RAKFKQLL
25801	KLGGALQAK
21046	RAKFKQLL
34234	KLGGALQAK
31892	GILGFVFTL
37043	IVTDFSVIK
26501	GLCTLVAML
10306	RAKFKQLL
33954	RAKFKQLL
35361	KLGGALQAK
30554	GILGFVFTL
11482	RAKFKQLL
30423	GILGFVFTL
10497	GILGFVFTL
9609	RAKFKQLL
35931	KLGGALQAK
5223	GILGFVFTL
18008	KLGGALQAK
33908	KLGGALQAK
5426	KLGGALQAK
25291	RAKFKQLL
18086	KLGGALQAK
21860	RAKFKQLL
588	GILGFVFTL
36247	KLGGALQAK
35709	KLGGALQAK
35912	KLGGALQAK
35463	KLGGALQAK
3316	IVTDFSVIK
7685	RAKFKQLL
36158	KLGGALQAK
4107	IVTDFSVIK
28599	RAKFKQLL
13929	RAKFKQLL
2506	KLGGALQAK
5077	KLGGALQAK
6358	GILGFVFTL
22310	RAKFKQLL
36005	KLGGALQAK
13823	RAKFKQLL
6606	GILGFVFTL
34257	KLGGALQAK
190	KLGGALQAK
33587	GILGFVFTL
2967	IVTDFSVIK
224	KLGGALQAK
35911	KLGGALQAK
30409	GILGFVFTL
2521	RAKFKQLL
28589	KLGGALQAK
34523	KLGGALQAK
35356	KLGGALQAK
34743	KLGGALQAK
15288	KLGGALQAK
28840	GILGFVFTL
5064	RAKFKQLL
7996	RAKFKQLL
17046	RAKFKQLL
4946	KLGGALQAK
35139	KLGGALQAK
13801	RAKFKQLL
372	KLGGALQAK
32247	KLGGALQAK
33952	RAKFKQLL
17877	RAKFKQLL
84	KLGGALQAK
35095	KLGGALQAK
24351	KLGGALQAK
31998	GILGFVFTL
5273	KLGGALQAK
29934	GILGFVFTL
32607	GILGFVFTL
7059	GILGFVFTL
5128	KLGGALQAK
35329	KLGGALQAK
14166	RAKFKQLL
7158	GILGFVFTL
28958	KLGGALQAK
35062	KLGGALQAK
200	KLGGALQAK
28588	RAKFKQLL
23859	KLGGALQAK
5379	KLGGALQAK
35165	KLGGALQAK
3877	IVTDFSVIK
34839	KLGGALQAK
8151	RAKFKQLL
34321	KLGGALQAK
36243	KLGGALQAK
34057	KLGGALQAK
7071	GILGFVFTL
35653	ELAGIGILTV
34137	KLGGALQAK
18039	AVFDRKSDAK
51	GILGFVFTL
5492	KLGGALQAK
2349	KLGGALQAK
35618	KLGGALQAK
34667	KLGGALQAK
24988	KLGGALQAK
15472	RAKFKQLL
65	KLGGALQAK
4980	GILGFVFTL
34865	KLGGALQAK
34386	KLGGALQAK
35775	KLGGALQAK
31971	GILGFVFTL
28680	KLGGALQAK
35711	KLGGALQAK
2468	KLGGALQAK
31375	GILGFVFTL
11463	RAKFKQLL
35762	KLGGALQAK
18000	KLGGALQAK
5242	KLGGALQAK
22311	RAKFKQLL
33956	KLGGALQAK
5495	KLGGALQAK
34068	KLGGALQAK
27968	RAKFKQLL
15942	RAKFKQLL
4296	IVTDFSVIK
30475	GILGFVFTL
31622	GILGFVFTL
5188	KLGGALQAK
16713	RAKFKQLL
16936	RAKFKQLL
21357	RAKFKQLL
35088	KLGGALQAK
34946	KLGGALQAK
2365	KLGGALQAK
10	ELAGIGILTV
34155	KLGGALQAK
34944	KLGGALQAK
29911	GILGFVFTL
34276	KLGGALQAK
4970	KLGGALQAK
590	KLGGALQAK
31624	GILGFVFTL
28363	KLGGALQAK
26138	KLGGALQAK
36050	AVFDRKSDAK
35196	KLGGALQAK
24333	KLGGALQAK
7659	GILGFVFTL
22346	KLGGALQAK
34064	KLGGALQAK
34189	KLGGALQAK
23231	KLGGALQAK
31018	GILGFVFTL
35975	KLGGALQAK
1588	AVFDRKSDAK
15	ELAGIGILTV
34400	KLGGALQAK
3101	IVTDFSVIK
36322	IVTDFSVIK
35220	KLGGALQAK
32998	GILGFVFTL
27119	RAKFKQLL
6240	GILGFVFTL
2294	KLGGALQAK
34022	KLGGALQAK
32520	GILGFVFTL
28355	RAKFKQLL
36231	KLGGALQAK
33471	GILGFVFTL
35392	KLGGALQAK
35969	KLGGALQAK
34783	KLGGALQAK
34751	KLGGALQAK
2317	GLCTLVAML
2362	KLGGALQAK
36157	KLGGALQAK
592	ELAGIGILTV
23548	RAKFKQLL
29708	GILGFVFTL
36294	KLGGALQAK
4166	IVTDFSVIK
25917	RAKFKQLL
35290	KLGGALQAK
25107	RAKFKQLL
16935	KLGGALQAK
34917	KLGGALQAK
17863	KLGGALQAK
13887	RAKFKQLL
6321	IVTDFSVIK
5061	KLGGALQAK
5457	ELAGIGILTV
35285	KLGGALQAK
35413	KLGGALQAK
32420	GILGFVFTL
240	RAKFKQLL
35855	AVFDRKSDAK
30545	GILGFVFTL
5802	GILGFVFTL
15296	ELAGIGILTV
8896	RAKFKQLL
35100	KLGGALQAK
2274	KLGGALQAK
34016	KLGGALQAK
34462	KLGGALQAK
34278	GILGFVFTL
128	KLGGALQAK
2426	IVTDFSVIK
34509	KLGGALQAK
7313	GILGFVFTL
31290	GILGFVFTL
7327	KLGGALQAK
27291	RAKFKQLL
35434	KLGGALQAK
35697	KLGGALQAK
35610	KLGGALQAK
25079	KLGGALQAK
35447	KLGGALQAK
29922	GILGFVFTL
5114	AVFDRKSDAK
5523	KLGGALQAK
25074	RAKFKQLL
35403	KLGGALQAK
6259	GILGFVFTL
6596	GILGFVFTL
25992	KLGGALQAK
26510	KLGGALQAK
35431	KLGGALQAK
21464	RAKFKQLL
34851	KLGGALQAK
35890	KLGGALQAK
35803	KLGGALQAK
36115	KLGGALQAK
26011	RAKFKQLL
4164	IVTDFSVIK
30923	GILGFVFTL
33390	GILGFVFTL
26703	RAKFKQLL
5057	ELAGIGILTV
103	ELAGIGILTV
24018	RAKFKQLL
28474	ELAGIGILTV
34616	KLGGALQAK
36274	KLGGALQAK
17861	KLGGALQAK
31283	GILGFVFTL
14648	GLCTLVAML
18095	RAKFKQLL
26125	RAKFKQLL
33999	KLGGALQAK
36216	KLGGALQAK
5121	GILGFVFTL
35252	KLGGALQAK
26040	GILGFVFTL
2455	RAKFKQLL
5266	GILGFVFTL
34634	KLGGALQAK
34893	KLGGALQAK
35820	KLGGALQAK
13987	KLGGALQAK
5157	KLGGALQAK
526	IVTDFSVIK
79	RAKFKQLL
34825	KLGGALQAK
28602	KLGGALQAK
34053	KLGGALQAK
23804	RAKFKQLL
36824	IVTDFSVIK
34973	KLGGALQAK
125	RAKFKQLL
25286	RAKFKQLL
35391	KLGGALQAK
5960	GILGFVFTL
36112	KLGGALQAK
5265	KLGGALQAK
27096	AVFDRKSDAK
5652	GILGFVFTL
32336	GILGFVFTL
19210	RAKFKQLL
28417	KLGGALQAK
119	ELAGIGILTV
34006	KLGGALQAK
35230	KLGGALQAK
24036	RAKFKQLL
7202	GILGFVFTL
2267	RAKFKQLL
35068	KLGGALQAK
35142	AVFDRKSDAK
34862	KLGGALQAK
129	GILGFVFTL
18063	RAKFKQLL
38404	IVTDFSVIK
23210	KLGGALQAK
34295	KLGGALQAK
6319	GILGFVFTL
31192	GILGFVFTL
145	RAKFKQLL
36195	KLGGALQAK
44	KLGGALQAK
34095	KLGGALQAK
149	KLGGALQAK
35980	KLGGALQAK
35322	KLGGALQAK
5256	KLGGALQAK
25016	IVTDFSVIK
35876	KLGGALQAK
34455	ELAGIGILTV
34123	KLGGALQAK
6599	GILGFVFTL
5413	KLGGALQAK
22001	RAKFKQLL
34559	KLGGALQAK
7080	GILGFVFTL
6238	GILGFVFTL
35729	KLGGALQAK
34129	KLGGALQAK
27068	RAKFKQLL
34779	KLGGALQAK
34630	ELAGIGILTV
35790	KLGGALQAK
34348	KLGGALQAK
35409	KLGGALQAK
26499	KLGGALQAK
27060	KLGGALQAK
35488	KLGGALQAK
34684	KLGGALQAK
2473	RAKFKQLL
24292	KLGGALQAK
138	GILGFVFTL
34266	KLGGALQAK
16302	RAKFKQLL
34341	AVFDRKSDAK
2315	IVTDFSVIK
34345	KLGGALQAK
34744	KLGGALQAK
34366	KLGGALQAK
16526	RAKFKQLL
7254	KLGGALQAK
16975	RAKFKQLL
24638	RAKFKQLL
34624	KLGGALQAK
7236	AVFDRKSDAK
35027	AVFDRKSDAK
36252	KLGGALQAK
20130	RAKFKQLL
35588	KLGGALQAK
35552	KLGGALQAK
36155	IVTDFSVIK
35985	KLGGALQAK
31553	GILGFVFTL
22315	KLGGALQAK
17892	GILGFVFTL
4390	IVTDFSVIK
35	GILGFVFTL
5817	GILGFVFTL
35638	KLGGALQAK
6555	GILGFVFTL
17889	KLGGALQAK
34045	KLGGALQAK
35018	KLGGALQAK
36044	KLGGALQAK
34292	KLGGALQAK
7671	RAKFKQLL
25887	KLGGALQAK
34681	KLGGALQAK
30425	GILGFVFTL
23899	RAKFKQLL
31358	KLGGALQAK
5054	KLGGALQAK
34089	KLGGALQAK
36202	KLGGALQAK
35736	KLGGALQAK
94	KLGGALQAK
33392	KLGGALQAK
33903	KLGGALQAK
4964	GILGFVFTL
2279	KLGGALQAK
6771	GILGFVFTL
28450	KLGGALQAK
34412	KLGGALQAK
34819	KLGGALQAK
26549	KLGGALQAK
35304	KLGGALQAK
226	GILGFVFTL
35840	GILGFVFTL
34237	KLGGALQAK
20043	RAKFKQLL
35284	KLGGALQAK
6858	GILGFVFTL
6351	GILGFVFTL
28719	RAKFKQLL
24716	RAKFKQLL
36200	KLGGALQAK
6361	GILGFVFTL
15298	RAKFKQLL
25410	RAKFKQLL
24310	KLGGALQAK
34032	KLGGALQAK
24706	GLCTLVAML
24692	KLGGALQAK
623	KLGGALQAK
33598	GILGFVFTL
31435	GILGFVFTL
33470	GILGFVFTL
7969	RAKFKQLL
34800	KLGGALQAK
34421	AVFDRKSDAK
35295	KLGGALQAK
23888	RAKFKQLL
34797	KLGGALQAK
5391	KLGGALQAK
14645	KLGGALQAK
7253	KLGGALQAK
27093	IVTDFSVIK
12455	RAKFKQLL
35368	KLGGALQAK
14646	KLGGALQAK
34890	KLGGALQAK
204	ELAGIGILTV
3371	IVTDFSVIK
26034	GILGFVFTL
34464	KLGGALQAK
34568	KLGGALQAK
27094	KLGGALQAK
23206	RAKFKQLL
5733	GILGFVFTL
28731	RAKFKQLL
15230	RAKFKQLL
36230	KLGGALQAK
5521	ELAGIGILTV
31064	GILGFVFTL
33847	GILGFVFTL
34190	KLGGALQAK
24337	GLCTLVAML
34597	KLGGALQAK
5463	KLGGALQAK
25926	GILGFVFTL
35274	KLGGALQAK
37236	IVTDFSVIK
5563	GILGFVFTL
6365	GILGFVFTL
35325	KLGGALQAK
33755	GILGFVFTL
31677	GILGFVFTL
34056	KLGGALQAK
25072	KLGGALQAK
25750	GILGFVFTL
36317	KLGGALQAK
34898	KLGGALQAK
11838	RAKFKQLL
7882	RAKFKQLL
7231	KLGGALQAK
25451	RAKFKQLL
22351	RAKFKQLL
23019	KLGGALQAK
2534	IVTDFSVIK
31363	GILGFVFTL
33514	GILGFVFTL
16542	RAKFKQLL
7665	RAKFKQLL
23244	ELAGIGILTV
24913	GLCTLVAML
33595	GILGFVFTL
23241	GILGFVFTL
24590	RAKFKQLL
25441	RAKFKQLL
35265	KLGGALQAK
24694	RAKFKQLL
35826	KLGGALQAK
34626	KLGGALQAK
28865	KLGGALQAK
34164	KLGGALQAK
34150	KLGGALQAK
23023	KLGGALQAK
35215	KLGGALQAK
17977	KLGGALQAK
34154	KLGGALQAK
33953	KLGGALQAK
2316	KLGGALQAK
34073	KLGGALQAK
32523	GILGFVFTL
5191	KLGGALQAK
34641	KLGGALQAK
35972	KLGGALQAK
5018	KLGGALQAK
34233	KLGGALQAK
35370	KLGGALQAK
34649	KLGGALQAK
1	GILGFVFTL
34777	KLGGALQAK
36237	AVFDRKSDAK
2454	GILGFVFTL
34631	KLGGALQAK
7370	GILGFVFTL
250	GILGFVFTL
32600	GILGFVFTL
35219	KLGGALQAK
34560	KLGGALQAK
5593	GILGFVFTL
6605	GILGFVFTL
35747	KLGGALQAK
26615	RAKFKQLL
23229	RAKFKQLL
14254	KLGGALQAK
36201	KLGGALQAK
4947	KLGGALQAK
6235	GILGFVFTL
161	KLGGALQAK
30429	GILGFVFTL
30719	GILGFVFTL
34586	KLGGALQAK
35593	KLGGALQAK
14628	KLGGALQAK
29929	GILGFVFTL
35149	KLGGALQAK
35452	KLGGALQAK
26468	KLGGALQAK
26474	KLGGALQAK
2574	KLGGALQAK
6670	ELAGIGILTV
35660	KLGGALQAK
24311	KLGGALQAK
5132	KLGGALQAK
32883	GILGFVFTL
17970	RAKFKQLL
2402	KLGGALQAK
35780	KLGGALQAK
6600	GILGFVFTL
150	ELAGIGILTV
7662	KLGGALQAK
28711	KLGGALQAK
34113	KLGGALQAK
15702	RAKFKQLL
35382	KLGGALQAK
5096	KLGGALQAK
34213	KLGGALQAK
31890	GILGFVFTL
35658	KLGGALQAK
32502	GILGFVFTL
2474	KLGGALQAK
25220	GILGFVFTL
35839	KLGGALQAK
34408	KLGGALQAK
6748	GILGFVFTL
29955	GILGFVFTL
34789	KLGGALQAK
25075	GLCTLVAML
26150	RAKFKQLL
25805	GILGFVFTL
24985	KLGGALQAK
5599	GILGFVFTL
35032	KLGGALQAK
34758	KLGGALQAK
14746	RAKFKQLL
7263	RAKFKQLL
33573	GILGFVFTL
34193	KLGGALQAK
33535	GILGFVFTL
38434	KLGGALQAK
158	KLGGALQAK
33554	GILGFVFTL
25813	RAKFKQLL
29472	GILGFVFTL
34357	KLGGALQAK
14	KLGGALQAK
23128	KLGGALQAK
2328	GILGFVFTL
25763	GILGFVFTL
25384	KLGGALQAK
36130	KLGGALQAK
13926	RAKFKQLL
29962	GILGFVFTL
25383	RAKFKQLL
35092	KLGGALQAK
36094	IVTDFSVIK
2462	KLGGALQAK
27079	KLGGALQAK
34727	KLGGALQAK
24569	GILGFVFTL
11019	RAKFKQLL
63	KLGGALQAK
5154	AVFDRKSDAK
15145	RAKFKQLL
35982	KLGGALQAK
2374	KLGGALQAK
11041	RAKFKQLL
5460	IVTDFSVIK
36250	KLGGALQAK
23848	KLGGALQAK
33474	GILGFVFTL
34757	KLGGALQAK
25298	RAKFKQLL
35254	AVFDRKSDAK
35913	KLGGALQAK
34922	KLGGALQAK
36991	IVTDFSVIK
16699	RAKFKQLL
5453	KLGGALQAK
24944	GLCTLVAML
34902	KLGGALQAK
4029	IVTDFSVIK
5677	GILGFVFTL
35147	KLGGALQAK
17050	KLGGALQAK
29930	GILGFVFTL
30130	GILGFVFTL
33469	KLGGALQAK
32002	GILGFVFTL
35335	KLGGALQAK
35093	KLGGALQAK
7711	RAKFKQLL
34496	KLGGALQAK
34715	KLGGALQAK
25012	RAKFKQLL
33473	GILGFVFTL
28754	RAKFKQLL
34680	ELAGIGILTV
35692	KLGGALQAK
28611	GILGFVFTL
35359	KLGGALQAK
2447	KLGGALQAK
5048	KLGGALQAK
222	RAKFKQLL
5281	GLCTLVAML
17966	KLGGALQAK
34463	KLGGALQAK
13931	GILGFVFTL
2564	RAKFKQLL
32364	GILGFVFTL
5378	KLGGALQAK
35953	KLGGALQAK
14262	KLGGALQAK
19	KLGGALQAK
2360	ELAGIGILTV
8008	RAKFKQLL
29924	GILGFVFTL
35467	KLGGALQAK
34152	KLGGALQAK
35176	KLGGALQAK
34334	KLGGALQAK
18818	RAKFKQLL
24382	RAKFKQLL
7699	RAKFKQLL
35815	IVTDFSVIK
24671	RAKFKQLL
23119	KLGGALQAK
5472	KLGGALQAK
22114	RAKFKQLL
35619	AVFDRKSDAK
6664	GILGFVFTL
30095	GILGFVFTL
34047	KLGGALQAK
2301	ELAGIGILTV
35818	KLGGALQAK
26148	GILGFVFTL
28973	GILGFVFTL
28884	KLGGALQAK
34308	KLGGALQAK
28574	KLGGALQAK
2532	KLGGALQAK
6568	KLGGALQAK
2408	ELAGIGILTV
32601	GILGFVFTL
2232	ELAGIGILTV
25453	RAKFKQLL
2513	KLGGALQAK
17866	KLGGALQAK
34965	KLGGALQAK
29946	GILGFVFTL
5243	AVFDRKSDAK
24977	KLGGALQAK
19401	RAKFKQLL
28841	RAKFKQLL
26493	GILGFVFTL
6251	GILGFVFTL
5624	GILGFVFTL
5259	ELAGIGILTV
35833	KLGGALQAK
34782	KLGGALQAK
4931	ELAGIGILTV
5449	KLGGALQAK
5181	KLGGALQAK
28246	RAKFKQLL
34840	KLGGALQAK
15980	RAKFKQLL
28707	GILGFVFTL
35941	KLGGALQAK
36136	KLGGALQAK
35183	KLGGALQAK
26535	GLCTLVAML
2837	IVTDFSVIK
7239	ELAGIGILTV
32522	GILGFVFTL
16943	GILGFVFTL
2368	KLGGALQAK
23902	KLGGALQAK
35647	KLGGALQAK
5491	KLGGALQAK
28825	GILGFVFTL
36233	IVTDFSVIK
28862	KLGGALQAK
29649	GILGFVFTL
18003	KLGGALQAK
35735	ELAGIGILTV
34191	KLGGALQAK
28730	KLGGALQAK
7255	KLGGALQAK
35445	KLGGALQAK
5126	RAKFKQLL
32675	GILGFVFTL
34044	KLGGALQAK
67	GILGFVFTL
2384	ELAGIGILTV
35741	KLGGALQAK
2309	KLGGALQAK
35306	KLGGALQAK
35613	KLGGALQAK
26512	AVFDRKSDAK
34527	KLGGALQAK
11726	RAKFKQLL
640	AVFDRKSDAK
35401	KLGGALQAK
6668	GILGFVFTL
34916	KLGGALQAK
31856	GILGFVFTL
6253	AVFDRKSDAK
18113	KLGGALQAK
38421	KLGGALQAK
35801	KLGGALQAK
2999	IVTDFSVIK
8104	RAKFKQLL
5490	AVFDRKSDAK
28939	GILGFVFTL
34685	KLGGALQAK
33547	GILGFVFTL
36010	KLGGALQAK
36208	KLGGALQAK
34183	KLGGALQAK
34576	KLGGALQAK
36056	KLGGALQAK
32249	GILGFVFTL
174	ELAGIGILTV
212	RAKFKQLL
23893	KLGGALQAK
173	ELAGIGILTV
24238	KLGGALQAK
35002	KLGGALQAK
33482	RAKFKQLL
34101	KLGGALQAK
2276	KLGGALQAK
36060	KLGGALQAK
35683	KLGGALQAK
23125	KLGGALQAK
24309	KLGGALQAK
34109	KLGGALQAK
13927	RAKFKQLL
7087	RAKFKQLL
35315	KLGGALQAK
27733	RAKFKQLL
29776	GILGFVFTL
35166	KLGGALQAK
32349	GILGFVFTL
35743	KLGGALQAK
14675	GILGFVFTL
33841	GILGFVFTL
34754	KLGGALQAK
4192	IVTDFSVIK
22358	RAKFKQLL
34679	ELAGIGILTV
14333	RAKFKQLL
36265	KLGGALQAK
35679	KLGGALQAK
34651	KLGGALQAK
14847	RAKFKQLL
11138	RAKFKQLL
6301	GILGFVFTL
34315	KLGGALQAK
33522	RAKFKQLL
24126	RAKFKQLL
34380	KLGGALQAK
25696	RAKFKQLL
34812	KLGGALQAK
35964	AVFDRKSDAK
2244	KLGGALQAK
34214	KLGGALQAK
35860	KLGGALQAK
30540	GILGFVFTL
24708	RAKFKQLL
162	KLGGALQAK
33393	GILGFVFTL
34271	KLGGALQAK
11304	RAKFKQLL
35858	KLGGALQAK
5562	GILGFVFTL
20662	RAKFKQLL
15276	RAKFKQLL
35622	KLGGALQAK
34724	KLGGALQAK
26152	KLGGALQAK
10423	RAKFKQLL
36253	KLGGALQAK
34604	ELAGIGILTV
35701	KLGGALQAK
26481	RAKFKQLL
35851	KLGGALQAK
32699	GILGFVFTL
2480	KLGGALQAK
34735	KLGGALQAK
4951	KLGGALQAK
34906	KLGGALQAK
8079	RAKFKQLL
28419	KLGGALQAK
28933	GILGFVFTL
35216	KLGGALQAK
4957	RAKFKQLL
34857	KLGGALQAK
27070	RAKFKQLL
34469	KLGGALQAK
25698	KLGGALQAK
2245	KLGGALQAK
6362	GILGFVFTL
24353	RAKFKQLL
23013	KLGGALQAK
7287	GILGFVFTL
34654	KLGGALQAK
2421	KLGGALQAK
5972	GILGFVFTL
28955	KLGGALQAK
6558	GILGFVFTL
26126	KLGGALQAK
2281	GILGFVFTL
25004	IVTDFSVIK
5806	GILGFVFTL
31460	GILGFVFTL
28300	RAKFKQLL
32392	GILGFVFTL
17009	GLCTLVAML
4944	KLGGALQAK
34450	KLGGALQAK
13988	RAKFKQLL
634	IVTDFSVIK
16942	RAKFKQLL
25886	RAKFKQLL
26471	GILGFVFTL
6305	GILGFVFTL
35038	KLGGALQAK
5228	GILGFVFTL
36134	IVTDFSVIK
27083	KLGGALQAK
34459	KLGGALQAK
23813	RAKFKQLL
36101	KLGGALQAK
34552	KLGGALQAK
6364	GILGFVFTL
21337	RAKFKQLL
23234	KLGGALQAK
28709	KLGGALQAK
6626	GILGFVFTL
25223	GLCTLVAML
34081	KLGGALQAK
17036	KLGGALQAK
30436	GILGFVFTL
34395	KLGGALQAK
6601	GILGFVFTL
112	KLGGALQAK
34739	KLGGALQAK
31382	GILGFVFTL
6983	GILGFVFTL
36097	KLGGALQAK
2533	RAKFKQLL
35828	KLGGALQAK
27875	RAKFKQLL
14945	KLGGALQAK
24803	GILGFVFTL
15048	RAKFKQLL
35069	KLGGALQAK
285	IVTDFSVIK
35668	KLGGALQAK
28452	KLGGALQAK
34368	KLGGALQAK
28870	KLGGALQAK
2254	RAKFKQLL
24715	RAKFKQLL
35849	KLGGALQAK
56	RAKFKQLL
32413	RAKFKQLL
31458	GILGFVFTL
2809	IVTDFSVIK
23371	KLGGALQAK
35395	KLGGALQAK
14677	GILGFVFTL
20673	RAKFKQLL
2340	KLGGALQAK
32593	GILGFVFTL
36006	KLGGALQAK
33862	GILGFVFTL
36125	KLGGALQAK
36059	KLGGALQAK
17042	RAKFKQLL
34156	KLGGALQAK
34927	KLGGALQAK
34250	KLGGALQAK
28415	KLGGALQAK
35869	KLGGALQAK
36049	KLGGALQAK
19907	RAKFKQLL
29971	GILGFVFTL
24696	KLGGALQAK
33548	GILGFVFTL
31681	GILGFVFTL
33528	GILGFVFTL
7329	GILGFVFTL
36289	KLGGALQAK
36174	KLGGALQAK
26049	KLGGALQAK
15871	RAKFKQLL
34029	KLGGALQAK
34858	KLGGALQAK
5116	IVTDFSVIK
35827	KLGGALQAK
34970	KLGGALQAK
29600	GILGFVFTL
35369	KLGGALQAK
32297	GILGFVFTL
35390	KLGGALQAK
34375	KLGGALQAK
2445	RAKFKQLL
36099	KLGGALQAK
26064	RAKFKQLL
31630	GILGFVFTL
34730	KLGGALQAK
35637	KLGGALQAK
28283	RAKFKQLL
34807	KLGGALQAK
7077	KLGGALQAK
10119	RAKFKQLL
130	RAKFKQLL
6609	GILGFVFTL
34418	KLGGALQAK
31364	GILGFVFTL
33901	KLGGALQAK
34178	KLGGALQAK
6569	KLGGALQAK
35255	KLGGALQAK
35783	KLGGALQAK
36229	KLGGALQAK
35852	KLGGALQAK
17035	KLGGALQAK
31403	GILGFVFTL
35829	KLGGALQAK
15383	RAKFKQLL
28444	KLGGALQAK
16697	RAKFKQLL
9203	RAKFKQLL
24714	KLGGALQAK
28712	RAKFKQLL
2410	KLGGALQAK
33530	GILGFVFTL
34534	KLGGALQAK
7070	KLGGALQAK
23817	KLGGALQAK
5093	KLGGALQAK
34260	KLGGALQAK
18105	RAKFKQLL
34969	KLGGALQAK
24963	GLCTLVAML
35120	KLGGALQAK
35979	KLGGALQAK
27814	RAKFKQLL
36326	KLGGALQAK
35776	KLGGALQAK
34561	KLGGALQAK
18067	KLGGALQAK
34675	KLGGALQAK
156	GILGFVFTL
34035	KLGGALQAK
17976	KLGGALQAK
30502	GILGFVFTL
35484	KLGGALQAK
34823	KLGGALQAK
5222	KLGGALQAK
34014	KLGGALQAK
18091	RAKFKQLL
22998	RAKFKQLL
29932	GILGFVFTL
32595	GILGFVFTL
35607	KLGGALQAK
30398	GILGFVFTL
36210	KLGGALQAK
2327	KLGGALQAK
34383	KLGGALQAK
33996	KLGGALQAK
23305	RAKFKQLL
36223	KLGGALQAK
2931	IVTDFSVIK
35719	KLGGALQAK
34686	KLGGALQAK
31	KLGGALQAK
31970	GILGFVFTL
5059	ELAGIGILTV
2470	GILGFVFTL
34531	KLGGALQAK
34705	KLGGALQAK
31459	GILGFVFTL
368	ELAGIGILTV
5075	KLGGALQAK
18341	RAKFKQLL
15318	RAKFKQLL
27843	RAKFKQLL
30778	GILGFVFTL
35253	KLGGALQAK
32547	GILGFVFTL
183	ELAGIGILTV
34432	KLGGALQAK
32538	GILGFVFTL
23010	KLGGALQAK
14126	GILGFVFTL
382	IVTDFSVIK
34817	KLGGALQAK
2457	KLGGALQAK
2262	GILGFVFTL
3608	IVTDFSVIK
34683	KLGGALQAK
25275	KLGGALQAK
5288	KLGGALQAK
2397	KLGGALQAK
10000	RAKFKQLL
34589	KLGGALQAK
17034	RAKFKQLL
28876	RAKFKQLL
3712	IVTDFSVIK
24290	GLCTLVAML
5488	KLGGALQAK
34913	KLGGALQAK
6327	GILGFVFTL
34520	KLGGALQAK
34487	KLGGALQAK
23227	GILGFVFTL
15571	KLGGALQAK
35378	KLGGALQAK
14317	KLGGALQAK
34431	KLGGALQAK
220	ELAGIGILTV
35644	KLGGALQAK
2391	KLGGALQAK
7673	RAKFKQLL
57	RAKFKQLL
10950	RAKFKQLL
17890	KLGGALQAK
4962	GILGFVFTL
24993	KLGGALQAK
35950	KLGGALQAK
6944	GILGFVFTL
32525	GILGFVFTL
3099	IVTDFSVIK
31399	GILGFVFTL
2306	KLGGALQAK
2250	KLGGALQAK
34346	KLGGALQAK
2448	ELAGIGILTV
34741	KLGGALQAK
35344	KLGGALQAK
5056	KLGGALQAK
23974	RAKFKQLL
14860	RAKFKQLL
36078	IVTDFSVIK
199	KLGGALQAK
24359	KLGGALQAK
5127	KLGGALQAK
29933	GILGFVFTL
13207	RAKFKQLL
6758	GILGFVFTL
33468	GILGFVFTL
30697	GILGFVFTL
35763	KLGGALQAK
35991	KLGGALQAK
5451	RAKFKQLL
34478	KLGGALQAK
25919	RAKFKQLL
282	KLGGALQAK
35710	KLGGALQAK
34713	KLGGALQAK
28475	KLGGALQAK
31503	IVTDFSVIK
35441	KLGGALQAK
85	KLGGALQAK
639	GILGFVFTL
35731	KLGGALQAK
14188	RAKFKQLL
31235	GILGFVFTL
2358	KLGGALQAK
25271	RAKFKQLL
34241	IVTDFSVIK
35935	KLGGALQAK
27063	RAKFKQLL
17978	KLGGALQAK
28388	GILGFVFTL
581	GILGFVFTL
28714	KLGGALQAK
28834	KLGGALQAK
36096	KLGGALQAK
36267	KLGGALQAK
2409	GILGFVFTL
24362	KLGGALQAK
4966	KLGGALQAK
7	GILGFVFTL
34112	KLGGALQAK
66	GILGFVFTL
379	IVTDFSVIK
14671	GILGFVFTL
14838	KLGGALQAK
14315	RAKFKQLL
34761	KLGGALQAK
25289	KLGGALQAK
5320	KLGGALQAK
24374	RAKFKQLL
24428	RAKFKQLL
24302	GILGFVFTL
35040	KLGGALQAK
5079	KLGGALQAK
42	AVFDRKSDAK
31943	GILGFVFTL
2487	KLGGALQAK
532	IVTDFSVIK
36113	KLGGALQAK
24336	KLGGALQAK
28455	KLGGALQAK
25326	RAKFKQLL
35072	KLGGALQAK
2396	KLGGALQAK
35379	KLGGALQAK
29893	GILGFVFTL
23405	RAKFKQLL
5060	KLGGALQAK
23901	KLGGALQAK
34637	KLGGALQAK
35836	KLGGALQAK
34627	KLGGALQAK
5177	KLGGALQAK
23994	RAKFKQLL
35283	KLGGALQAK
35462	KLGGALQAK
17867	KLGGALQAK
23011	KLGGALQAK
18069	RAKFKQLL
30573	GILGFVFTL
24685	GLCTLVAML
28595	KLGGALQAK
35260	KLGGALQAK
5543	ELAGIGILTV
19789	RAKFKQLL
8654	RAKFKQLL
14193	RAKFKQLL
35770	KLGGALQAK
5467	KLGGALQAK
35822	KLGGALQAK
26504	KLGGALQAK
34544	KLGGALQAK
27078	RAKFKQLL
34034	KLGGALQAK
35558	KLGGALQAK
34696	KLGGALQAK
24303	GILGFVFTL
34339	KLGGALQAK
35802	KLGGALQAK
35272	KLGGALQAK
5071	RAKFKQLL
35594	KLGGALQAK
34481	KLGGALQAK
35489	KLGGALQAK
30890	GILGFVFTL
35977	KLGGALQAK
26490	RAKFKQLL
35410	KLGGALQAK
16809	RAKFKQLL
35578	KLGGALQAK
26550	RAKFKQLL
2095	AVFDRKSDAK
6360	IVTDFSVIK
7624	GILGFVFTL
26555	RAKFKQLL
133	GILGFVFTL
14946	RAKFKQLL
15320	KLGGALQAK
26569	RAKFKQLL
35338	KLGGALQAK
23849	RAKFKQLL
33472	GILGFVFTL
2466	AVFDRKSDAK
2249	GILGFVFTL
28614	KLGGALQAK
34144	KLGGALQAK
2229	ELAGIGILTV
71	AVFDRKSDAK
34661	KLGGALQAK
14323	RAKFKQLL
120	IVTDFSVIK
34635	ELAGIGILTV
35342	KLGGALQAK
25281	KLGGALQAK
7348	RAKFKQLL
18092	ELAGIGILTV
246	ELAGIGILTV
4960	KLGGALQAK
28679	KLGGALQAK
14979	RAKFKQLL
35076	KLGGALQAK
28845	GILGFVFTL
24989	KLGGALQAK
35745	KLGGALQAK
4968	KLGGALQAK
32195	GILGFVFTL
25890	GILGFVFTL
35782	KLGGALQAK
30395	GILGFVFTL
25910	RAKFKQLL
34480	KLGGALQAK
5660	GILGFVFTL
16650	RAKFKQLL
4942	KLGGALQAK
31952	GILGFVFTL
34220	KLGGALQAK
35178	KLGGALQAK
31612	GILGFVFTL
2497	RAKFKQLL
35298	KLGGALQAK
24909	GLCTLVAML
35225	KLGGALQAK
26261	GILGFVFTL
26502	ELAGIGILTV
33590	GILGFVFTL
34176	KLGGALQAK
11196	RAKFKQLL
35181	KLGGALQAK
29782	GILGFVFTL
23663	RAKFKQLL
2531	KLGGALQAK
34656	KLGGALQAK
26801	RAKFKQLL
34486	KLGGALQAK
34192	KLGGALQAK
5231	GILGFVFTL
25292	RAKFKQLL
34174	KLGGALQAK
25455	KLGGALQAK
34286	KLGGALQAK
2562	KLGGALQAK
36331	KLGGALQAK
25730	RAKFKQLL
34059	KLGGALQAK
643	KLGGALQAK
16067	RAKFKQLL
21419	RAKFKQLL
28584	AVFDRKSDAK
36310	ELAGIGILTV
124	ELAGIGILTV
625	GILGFVFTL
869	AVFDRKSDAK
34224	KLGGALQAK
2494	KLGGALQAK
35706	KLGGALQAK
14320	KLGGALQAK
7167	GILGFVFTL
18053	KLGGALQAK
35511	KLGGALQAK
7323	GILGFVFTL
4155	IVTDFSVIK
7368	GILGFVFTL
6765	GILGFVFTL
34623	KLGGALQAK
34119	KLGGALQAK
35655	KLGGALQAK
36140	KLGGALQAK
2565	KLGGALQAK
5124	KLGGALQAK
22321	KLGGALQAK
35870	KLGGALQAK
7226	KLGGALQAK
2479	KLGGALQAK
36087	KLGGALQAK
189	ELAGIGILTV
5403	ELAGIGILTV
3038	IVTDFSVIK
15667	RAKFKQLL
33230	GILGFVFTL
28457	GILGFVFTL
29018	KLGGALQAK
17043	RAKFKQLL
35631	KLGGALQAK
5215	KLGGALQAK
36086	ELAGIGILTV
18350	RAKFKQLL
26407	GLCTLVAML
23993	RAKFKQLL
22995	RAKFKQLL
23177	RAKFKQLL
31333	GILGFVFTL
32631	GILGFVFTL
6254	GILGFVFTL
2555	IVTDFSVIK
34842	KLGGALQAK
28874	KLGGALQAK
34815	KLGGALQAK
7164	GILGFVFTL
34975	KLGGALQAK
31378	GILGFVFTL
5775	GILGFVFTL
33479	GILGFVFTL
16933	GILGFVFTL
25800	KLGGALQAK
36205	KLGGALQAK
28959	GILGFVFTL
34041	KLGGALQAK
35732	KLGGALQAK
35608	KLGGALQAK
34514	KLGGALQAK
34932	KLGGALQAK
14264	RAKFKQLL
24998	RAKFKQLL
6357	GILGFVFTL
32605	GILGFVFTL
33515	GILGFVFTL
23965	RAKFKQLL
25447	RAKFKQLL
23204	KLGGALQAK
35646	KLGGALQAK
6607	GILGFVFTL
5232	KLGGALQAK
35611	KLGGALQAK
34720	KLGGALQAK
15303	RAKFKQLL
29624	GILGFVFTL
35180	KLGGALQAK
25916	RAKFKQLL
33995	KLGGALQAK
35082	KLGGALQAK
35837	KLGGALQAK
28356	RAKFKQLL
32304	GILGFVFTL
7061	GILGFVFTL
32606	GILGFVFTL
25219	KLGGALQAK
34114	KLGGALQAK
5444	KLGGALQAK
137	KLGGALQAK
24688	RAKFKQLL
7234	KLGGALQAK
34090	KLGGALQAK
35213	KLGGALQAK
25218	KLGGALQAK
32252	GILGFVFTL
17038	KLGGALQAK
2451	KLGGALQAK
5650	GILGFVFTL
25402	GILGFVFTL
2335	GILGFVFTL
25717	RAKFKQLL
2414	KLGGALQAK
55	IVTDFSVIK
2236	KLGGALQAK
35302	KLGGALQAK
15335	RAKFKQLL
5047	KLGGALQAK
25386	KLGGALQAK
33869	GILGFVFTL
17037	KLGGALQAK
36188	KLGGALQAK
18070	RAKFKQLL
34261	KLGGALQAK
34664	KLGGALQAK
6685	GILGFVFTL
35925	KLGGALQAK
34498	KLGGALQAK
35211	KLGGALQAK
26260	KLGGALQAK
7227	ELAGIGILTV
35926	GILGFVFTL
35720	KLGGALQAK
127	KLGGALQAK
25721	GILGFVFTL
15367	RAKFKQLL
5326	IVTDFSVIK
33526	GILGFVFTL
34701	KLGGALQAK
5275	RAKFKQLL
18231	AVFDRKSDAK
17956	KLGGALQAK
281	KLGGALQAK
34307	KLGGALQAK
2566	KLGGALQAK
5189	KLGGALQAK
36074	KLGGALQAK
6684	GILGFVFTL
35381	KLGGALQAK
34961	KLGGALQAK
25282	KLGGALQAK
24295	KLGGALQAK
23217	KLGGALQAK
25270	RAKFKQLL
31933	GILGFVFTL
34453	KLGGALQAK
27092	KLGGALQAK
35360	KLGGALQAK
12304	RAKFKQLL
14674	KLGGALQAK
35318	KLGGALQAK
34919	KLGGALQAK
167	ELAGIGILTV
34169	KLGGALQAK
28414	RAKFKQLL
2233	RAKFKQLL
3	GILGFVFTL
17063	RAKFKQLL
34550	KLGGALQAK
9228	RAKFKQLL
26229	GLCTLVAML
34367	KLGGALQAK
26483	KLGGALQAK
35397	KLGGALQAK
30410	GILGFVFTL
34207	KLGGALQAK
34251	KLGGALQAK
23126	IVTDFSVIK
34792	KLGGALQAK
33860	GILGFVFTL
33520	GILGFVFTL
29877	GILGFVFTL
31902	GILGFVFTL
27069	KLGGALQAK
36220	IVTDFSVIK
29771	RAKFKQLL
9820	RAKFKQLL
28371	RAKFKQLL
2587	IVTDFSVIK
33917	RAKFKQLL
28360	KLGGALQAK
35974	KLGGALQAK
6162	GILGFVFTL
34079	KLGGALQAK
23850	KLGGALQAK
34831	KLGGALQAK
24684	GILGFVFTL
15324	KLGGALQAK
35191	KLGGALQAK
31903	GILGFVFTL
34923	KLGGALQAK
5321	IVTDFSVIK
18102	KLGGALQAK
4950	AVFDRKSDAK
35541	KLGGALQAK
1324	AVFDRKSDAK
5384	KLGGALQAK
2004	AVFDRKSDAK
5512	KLGGALQAK
177	KLGGALQAK
34139	KLGGALQAK
35327	KLGGALQAK
31776	GILGFVFTL
25080	KLGGALQAK
2239	KLGGALQAK
7693	KLGGALQAK
18116	RAKFKQLL
24509	RAKFKQLL
30991	GILGFVFTL
7353	KLGGALQAK
35875	KLGGALQAK
22347	RAKFKQLL
25742	KLGGALQAK
7261	KLGGALQAK
25697	KLGGALQAK
2559	IVTDFSVIK
2413	IVTDFSVIK
30493	GILGFVFTL
25815	RAKFKQLL
15996	KLGGALQAK
36315	IVTDFSVIK
10548	RAKFKQLL
5180	KLGGALQAK
35739	KLGGALQAK
17040	KLGGALQAK
34924	KLGGALQAK
34933	KLGGALQAK
18065	KLGGALQAK
25452	KLGGALQAK
22323	RAKFKQLL
23005	RAKFKQLL
24235	RAKFKQLL
6545	GILGFVFTL
657	KLGGALQAK
5261	IVTDFSVIK
26681	RAKFKQLL
25995	GILGFVFTL
15382	RAKFKQLL
5279	RAKFKQLL
35585	KLGGALQAK
35577	KLGGALQAK
34474	KLGGALQAK
36300	KLGGALQAK
7670	RAKFKQLL
29927	GILGFVFTL
23820	RAKFKQLL
34594	KLGGALQAK
7159	GILGFVFTL
25276	KLGGALQAK
23208	GILGFVFTL
28879	RAKFKQLL
33422	GILGFVFTL
33993	KLGGALQAK
25268	KLGGALQAK
214	KLGGALQAK
33529	GILGFVFTL
35402	KLGGALQAK
2363	KLGGALQAK
35674	KLGGALQAK
5084	RAKFKQLL
16148	RAKFKQLL
35960	KLGGALQAK
34437	KLGGALQAK
23012	KLGGALQAK
6672	GILGFVFTL
32592	GILGFVFTL
27286	RAKFKQLL
4937	KLGGALQAK
36108	KLGGALQAK
24123	RAKFKQLL
34253	KLGGALQAK
35121	KLGGALQAK
22990	KLGGALQAK
35592	KLGGALQAK
35713	KLGGALQAK
2578	IVTDFSVIK
34826	KLGGALQAK
35376	KLGGALQAK
35236	KLGGALQAK
34303	KLGGALQAK
7240	RAKFKQLL
34217	KLGGALQAK
33509	GILGFVFTL
668	ELAGIGILTV
10987	RAKFKQLL
34484	KLGGALQAK
34874	KLGGALQAK
8614	RAKFKQLL
18701	RAKFKQLL
5029	GILGFVFTL
34281	KLGGALQAK
36291	IVTDFSVIK
35071	KLGGALQAK
23228	KLGGALQAK
34899	KLGGALQAK
235	KLGGALQAK
35853	KLGGALQAK
35905	KLGGALQAK
7332	KLGGALQAK
36249	KLGGALQAK
33930	KLGGALQAK
35657	KLGGALQAK
7694	RAKFKQLL
34262	KLGGALQAK
636	KLGGALQAK
23214	KLGGALQAK
684	AVFDRKSDAK
26314	GLCTLVAML
29947	GILGFVFTL
28447	KLGGALQAK
4973	KLGGALQAK
14249	KLGGALQAK
2509	KLGGALQAK
35141	KLGGALQAK
28717	GILGFVFTL
34711	KLGGALQAK
35967	GILGFVFTL
14647	RAKFKQLL
35089	KLGGALQAK
7073	GILGFVFTL
38420	IVTDFSVIK
122	AVFDRKSDAK
35275	KLGGALQAK
34974	KLGGALQAK
35036	KLGGALQAK
32610	GILGFVFTL
25029	RAKFKQLL
24712	KLGGALQAK
36266	ELAGIGILTV
1233	AVFDRKSDAK
36126	KLGGALQAK
2459	RAKFKQLL
18262	RAKFKQLL
34995	KLGGALQAK
36118	KLGGALQAK
5755	GILGFVFTL
7669	RAKFKQLL
35056	KLGGALQAK
35459	KLGGALQAK
5387	KLGGALQAK
2	GILGFVFTL
47	GILGFVFTL
36022	KLGGALQAK
25814	GILGFVFTL
23832	KLGGALQAK
35857	KLGGALQAK
5377	ELAGIGILTV
34510	AVFDRKSDAK
28883	RAKFKQLL
34872	KLGGALQAK
7265	GLCTLVAML
14190	RAKFKQLL
24358	KLGGALQAK
3897	IVTDFSVIK
34470	KLGGALQAK
34928	KLGGALQAK
7684	RAKFKQLL
5081	KLGGALQAK
28715	KLGGALQAK
35277	KLGGALQAK
15606	RAKFKQLL
34558	KLGGALQAK
2558	KLGGALQAK
25993	KLGGALQAK
46	IVTDFSVIK
11402	RAKFKQLL
35774	KLGGALQAK
5949	GILGFVFTL
28375	RAKFKQLL
35838	KLGGALQAK
28453	KLGGALQAK
34229	KLGGALQAK
35006	KLGGALQAK
5499	RAKFKQLL
34027	KLGGALQAK
5184	GLCTLVAML
34798	KLGGALQAK
23220	KLGGALQAK
18103	GILGFVFTL
35311	KLGGALQAK
8188	GILGFVFTL
5462	ELAGIGILTV
35343	KLGGALQAK
38423	KLGGALQAK
34603	KLGGALQAK
27084	KLGGALQAK
35669	KLGGALQAK
28866	KLGGALQAK
36111	KLGGALQAK
25076	KLGGALQAK
16963	KLGGALQAK
34609	KLGGALQAK
16004	KLGGALQAK
35571	KLGGALQAK
7838	GILGFVFTL
24790	KLGGALQAK
4982	KLGGALQAK
4977	IVTDFSVIK
35568	KLGGALQAK
35625	KLGGALQAK
13821	RAKFKQLL
2464	KLGGALQAK
34142	KLGGALQAK
28822	GLCTLVAML
34019	KLGGALQAK
34145	KLGGALQAK
6304	GILGFVFTL
5033	KLGGALQAK
13152	RAKFKQLL
34709	KLGGALQAK
34246	KLGGALQAK
6552	GILGFVFTL
593	KLGGALQAK
34312	KLGGALQAK
34138	KLGGALQAK
254	KLGGALQAK
33368	GILGFVFTL
6792	GILGFVFTL
32290	GILGFVFTL
28835	KLGGALQAK
31475	GILGFVFTL
34583	KLGGALQAK
6544	ELAGIGILTV
34080	KLGGALQAK
5606	GILGFVFTL
175	ELAGIGILTV
35150	KLGGALQAK
29944	GILGFVFTL
5644	GILGFVFTL
35073	KLGGALQAK
5494	KLGGALQAK
36197	KLGGALQAK
26514	RAKFKQLL
25274	KLGGALQAK
36093	KLGGALQAK
5040	KLGGALQAK
7211	GILGFVFTL
14426	RAKFKQLL
34682	KLGGALQAK
34617	KLGGALQAK
25222	RAKFKQLL
34638	KLGGALQAK
31493	GILGFVFTL
35952	KLGGALQAK
34287	KLGGALQAK
34752	KLGGALQAK
5515	ELAGIGILTV
6762	GILGFVFTL
5319	AVFDRKSDAK
25277	RAKFKQLL
2475	GILGFVFTL
28606	ELAGIGILTV
34299	KLGGALQAK
5115	RAKFKQLL
34871	KLGGALQAK
33016	GILGFVFTL
25108	RAKFKQLL
22972	RAKFKQLL
14849	RAKFKQLL
35117	KLGGALQAK
26560	RAKFKQLL
16949	KLGGALQAK
5542	KLGGALQAK
29313	GILGFVFTL
35458	KLGGALQAK
35841	GILGFVFTL
35108	KLGGALQAK
34760	KLGGALQAK
35124	KLGGALQAK
32616	GILGFVFTL
16222	RAKFKQLL
32285	GILGFVFTL
5504	ELAGIGILTV
25053	RAKFKQLL
7072	KLGGALQAK
35094	KLGGALQAK
35910	KLGGALQAK
28418	KLGGALQAK
33894	GILGFVFTL
14191	KLGGALQAK
35675	KLGGALQAK
34966	KLGGALQAK
25454	KLGGALQAK
34553	KLGGALQAK
34132	KLGGALQAK
34695	KLGGALQAK
702	ELAGIGILTV
14633	KLGGALQAK
8107	RAKFKQLL
35591	KLGGALQAK
18093	RAKFKQLL
2195	AVFDRKSDAK
6359	IVTDFSVIK
25722	GILGFVFTL
6349	GILGFVFTL
36263	IVTDFSVIK
35160	KLGGALQAK
34670	KLGGALQAK
18246	RAKFKQLL
35084	KLGGALQAK
649	KLGGALQAK
35148	KLGGALQAK
36090	KLGGALQAK
34666	KLGGALQAK
16058	RAKFKQLL
2277	ELAGIGILTV
30984	GILGFVFTL
5089	KLGGALQAK
5507	ELAGIGILTV
655	KLGGALQAK
5051	KLGGALQAK
36308	KLGGALQAK
24312	KLGGALQAK
33823	GILGFVFTL
35754	KLGGALQAK
14292	RAKFKQLL
35331	KLGGALQAK
29	KLGGALQAK
31636	GILGFVFTL
34763	KLGGALQAK
2369	KLGGALQAK
34301	KLGGALQAK
19532	RAKFKQLL
23028	KLGGALQAK
50	RAKFKQLL
13978	RAKFKQLL
17178	KLGGALQAK
26253	KLGGALQAK
35383	KLGGALQAK
34374	KLGGALQAK
5437	ELAGIGILTV
15332	KLGGALQAK
2273	KLGGALQAK
34697	KLGGALQAK
14247	KLGGALQAK
