19756	QQS QSQ SQW QWY WYP YPI PIT	ARS RSY SYS YST STK TKL KLA LAM AMD MDY	0
715	QQA QAN ANS NSF SFF FFT	AAD ADP DPW PWE WEL ELN LNA NAF AFN FNV	1
19727	QSY SYD YDR DRR RRL RLS LSG SGS GSW SWV	ARA RAA AAY AYY YYD YDT DTS TSG SGY GYG YGD GDY	0
28402	QNY NYN YNS NSA SAP APL PLT	VRS RSD SDR DRG RGV GVA VAG AGL GLF LFD FDS	0
8746	EAW AWD WDG DGG GGL GLR LRG RGG GGV	ARL RLG LGG GGQ GQL QLW LWN WNS NSY SYY YYY YYY YYY YYY YYM YMD MDV	0
8695	STW TWD WDS DSS SSL SLS LSA SAV AVV	ARS RSP SPS PSY SYI YIC ICS CSG SGG GGT GTC TCV CVF VFD FDH	0
19772	QQY QYF YFF FFL FLY LYS	ARI RIR IRQ RQV QVS VSK SKY KYL YLQ LQW QWY WYP YPG PGV GVF VFE FEM	1
926	KSL SLT LTS TST STR TRR RRR RRV	VRE REA EAG AGG GGP GPD PDY DYR YRN RNG NGY GYN YNX NXX XXD XDF DFY FYD YDG DGY GYY YYN YNY NYH YHY HYM YMD MDV	1
28880	QAW AWD WDS DSG SGI GIW IWV	TVW VWY WYL YLE LET ETP TPD PDD DDG DGF GFD FDI	0
26782	SSY SYA YAG AGS GSV SVV	AKD KDL DLT LTL TLM LMY MYV YVF VFD FDS DSG SGW GWA WAR ARG RGA GAH AHD HDY DYY YYG YGM GMD MDV	0
28836	QQS QSY SYS YST STP TPL PLT	ARD RDR DRG RGI GIG IGA GAR ARR RRG RGP GPY PYY YYM YMD MDV	0
19636	QES ESY SYS YSS SST STP TPT PTH THI	TMD MDE DEG EGT GTP TPV PVT VTR TRF RFL FLE LEW EWG WGY GYF YFY FYY YYY YYM YMA MAV	1
776	QQY QYN YNT NTY TYW YWT	AYR YRR RRI RIG IGV GVP VPR PRR RRD RDE DEF EFD FDI	0
558	QQY QYE YEF	ARG RGK GKY KYC YCT CTA TAR ARD RDY DYY YYN YNW NWD WDF DFQ FQH	1
1605	QQF QFE FEF	VRK RKG KGP GPS PSC SCP CPH PHC HCG CGD GDF DFH FHW HWQ WQH	1
36475	QQS QSY SYS YST STP TPR PRT	AYS YSN SNT NTW TWT WTG TGG	0
908	QEY EYS YSS SST STP TPY PYN	ARD RDG DGL GLG LGE GEV EVA VAP APA PAY AYL YLY LYG YGI GID IDA	1
1551	QQY QYN YNN NNW NWW WWT	VRN RNV NVG VGT GTA TAG AGS GSL SLL LLH LHY HYD YDH	1
1565	QQG QGA GAS ASW SWP WPF PFT	ARV RVG VGR GRF RFA FAS ASH SHQ HQL QLD LDY	0
544	QQY QYD YDN DNL NLP LPI PIT	ARG RGI GIS ISG SGS GSY SYG YGW GWF WFD FDP	0
491	STW TWD WDD DDT DTL TLK LKG KGW GWV	ARR RRQ RQL QLL LLD LDD DDG DGT GTG TGY GYQ YQW QWA WAA AAF AFD FDV	0
201246	AAW AWD WDD DDS DSL SLN LNG NGW GWV	AKD KDV DVT VTY TYL YLY LYD YDS DSS SSG SGY GYY YYY YYG YGG GGA GAD ADR DRD RDY DYY YYF YFD FDY	0
19709	QQR QRD RDN DNW NWP WPP PPD PDA DAT	AKE KEG EGG GGD GDN DNK NKF KFS FSF SFD FDY	0
1411	QSA SAD ADS DSS SSG SGD GDY DYV	ARE REW EWA WAE AED EDG DGD GDF DFG FGN GNA NAF AFH FHV	1
556	QVY VYE YEF	ARQ RQR QRS RSD SDY DYW YWD WDF DFD FDV	1
19634	QEA EAY AYS YSS SST STP TPT PTL TLT	TAD ADL DLG LGE GEP EPV PVV VVS VSR SRF RFF FFE FEW EWG WGS GSY SYY YYY YYY YYM YMD MDL	1
392	AAW AWD WDD DDS DSL SLS LSG SGP GPY PYV	TRD RDR DRS RSR SRV RVR VRY RYF YFD FDR DRE RES ESG SGW GWF WFD FDP	1
311	QQF QFY FYT YTT TTP TPS PST	ARG RGS GSG SGF GFR FRW RWV WVM VMD MDY	0
19747	SSR SRD RDK DKS KSG SGS GSR SRL RLS LSV	ART RTG TGK GKY KYY YYD YDF DFW FWF WFG FGY GYP YPP PPG PGE GEE EEY EYF YFQ FQD	1
1306	AAW AWD WDD DDS DSL SLI LIG IGY GYV	AKD KDA DAR ARD RDC DCL CLL LLC LCA CAD ADW DWH WHF HFD FDL	0
19687	GTF TFA FAG AGG GGS GSY SYY YYG YGV	ARG RGG GGW GWF WFD FDY	0
977	QQY QYG YGQ GQS QSL SLS LST	ARE REG EGT GTT TTG TGS GSG SGG GGK GKP KPI PIG IGA GAF AFA FAH	1
708	QQW QWA WAV AVH VHS HSL SLI LIT	ARY RYV YVY VYH YHA HAL ALD LDY	0
927	QQF QFS FSV SVS VSP SPW PWT	ARD RDK DKV KVQ VQG QGR GRV RVE VEV EVG VGS GSG SGG GGR GRH RHD HDY	0
919	QQF QFK FKR KRQ RQK QKE KEP EPI PIT	ART RTW TWY WYY YYG YGF GFD FDY	0
303	QQY QYN YNN NNW NWP WPP PPR PRY RYT	AGV GVY VYE YEG EGE GEA EAD ADE DEG EGE GEY EYR YRN RNN NNG NGF GFL FLK LKH	1
1396	GTW TWD WDS DSS SSL SLS LSV SVW VWV	ARD RDH DHL HLG LGW GWS WSS SSI SIW IWS WSA SAP APE PES ESF SFL FLD LDY	0
854	CSY SYA YAG AGG GGK GKS KSL SLV	ARD RDG DGV GVR VRY RYY YYY YYD YDS DST STG TGY GYY YYP YPD PDN DNF NFF FFQ FQY QYG YGL GLD LDV	0
8750	SSY SYT YTL TLT LTS TSI SIV IVV	ARD RDR DRL RLR LRN RNW NWN WND NDD DDA DAF AFD FDI	0
50	QQG QGL GLL LLS LSP SPL PLT	ARF RFV FVF VFF FFL FLP LPY PYA YAM AMD MDY	0
907	QEY EYS YSS SST STP TPY PYN	ARD RDG DGL GLG LGE GEV EVA VAP APD PDY DYR YRY RYG YGI GID IDV	1
395	QAW AWD WDA DAS AST STG TGV	TRL RLY LYL YLF LFE FEG EGA GAQ AQS QSS SSN SNA NAF AFD FDL	1
136	QQR QRS RSM SMW MWP WPP PPV PVT	ARD RDG DGK GKC KCG CGG GGG GGR GRC RCY CYS YSG SGL GLL LLD LDY	0
161	ATW TWD WDD DDS DSL SLS LSA SAV AVI	ARL RLG LGP GPD PDD DDY DYT YTL TLD LDG DGM GMD MDV	0
1465	QQS QSY SYT YTT TTP TPP PPT	ARG RGS GSG SGH GHV HVN VNA NAV AVK VKN KNY NYG YGY GYV YVM VMD MDY	0
203	QQS QSV SVM VMI MIP IPM PMT	ARG RGR GRF RFF FFD FDY	0
1549	QQS QSR SRT	ARS RSG SGH GHI HIT ITV TVF VFG FGV GVN VNV NVD VDA DAF AFD FDM	0
1563	QQA QAY AYK YKT KTP TPY PYT	ARD RDD DDY DYS YST STY TYA YAF AFA FAY	0
19558	SSW SWD WDS DST STG TGL GLV	ARG RGF GFG FGT GTD TDF	0
49	QQS QSY SYT YTT TTP TPP PPT	ARF RFV FVF VFF FFL FLP LPY PYA YAM AMD MDY	0
1602	SSY SYT YTS TSS SSS SST STL TLV	ARE REG EGD GDG DGA GAF AFD FDY	0
872	NSY SYT YTT TTL TLS LST STW TWL	ARV RVS VSR SRG RGG GGS GSY SYS YSD	0
201197	QQY QYG YGS GSS SSP SPR PRT	ARD RDW DWG WGD GDY DYY YYF YFD FDY	0
19761	QQA QAS ASL SLT LTA TAL ALL LLT	ARE REY EYH YHS HSY SYW YWS WSY SYS YSW SWW WWP WPR PRV RVG VGL GLD LDY	0
1282	AAW AWD WDD DDS DSL SLS LSE SEF EFL	ARA RAS ASI SIA IAA AAA AAR ARV RVL VLD LDY	0
19708	QQY QYG YGT GTS TSP SPL PLT	ASR SRQ RQH QHH HHE HEY EYF YFQ FQE	1
19807	WAY AYE YEA	VRD RDR DRS RSN SNG NGS GSG SGK GKR KRF RFE FES ESS SSN SNW NWF WFL FLD LDL	1
22513	ATW TWD WDD DDS DSL SLS LSG SGP GPW PWV	ARG RGR GRT RTG TGG GGQ GQP QPY PYW YWF WFD FDP	0
19684	QQY QYG YGS GSS SSP SPP PPY PYT	AKE KES ESF SFG FGI GIP IPH PHF	0
390	QQL QLH LHF HFY FYP YPH PHT	AHR HRR RRG RGP GPT PTT TTL TLF LFG FGV GVP VPI PIA IAR ARG RGP GPV PVN VNA NAM AMD MDV	1
813	QQY QYE YEF	TRG RGK GKY KYC YCT CTA TAR ARD RDY DYY YYN YNW NWD WDF DFE FEH	1
862	SAF AFT FTH THN HNS NSD SDV	ARH RHP HPY PYW YWY WYG YGG GGQ GQL QLD LDL	0
972	QSY SYD YDS DSN SNL NLS LSG SGS GSA SAV	ARE REG EGG GGA GAR ARG RGF GFD FDY	0
8701	ATW TWD WDN DNS NSL SLN LND NDR DRV	ARE REI EIP IPG PGA GAT ATS TSG SGP GPD PDH DHF HFF FFF FFY FYG YGM GMD MDV	0
548	QQY QYE YEF	ARG RGK GKN KNS NSD SDY DYN YNW NWD WDF DFQ FQH	1
27	QQY QYG YGQ GQS QSL SLS LST	ARE REG EGT GTT TTG TGW GWG WGW GWL WLG LGK GKP KPI PIG IGA GAF AFA FAH	1
1400	QQY QYD YDG DGS GSQ SQY QYT	ARG RGS GSA SAM AMI MIF IFG FGI GIV IVI VII IIL ILE LES	0
746	QKY KYG YGT GTS TSA SAI AIT	AVP VPD PDP DPD PDA DAF AFD FDI	0
19631	KSL SLT LTS TST STR TRR RRR RRV	VRE REA EAG AGG GGP GPD PDY DYR YRN RNG NGY GYN YNX NXX XXD XDF DFY FYD YDG DGY GYY YYN YNY NYH YHY HYM YMD MDV	1
19559	SAW AWG WGD GDK DKG KGM GMV	ARG RGF GFG FGT GTD TDF	0
1435	QQY QYE YET	ARG RGV GVR VRR RRD RDA DAS ASW SWW WWL WLQ LQF	1
1340	QQY QYN YNH NHW HWL WLR LRT	AKD KDE DES ESP SPP PPI PIY IYN YNL NLM LMP MPG PGY GYY YYS YST STY TYY YYY YYM YMD MDV	0
890	QQY QYE YEF	VRG RGK GKS KSC SCC CCG CGG GGR GRR RRY RYC YCN CNG NGA GAD ADC DCF CFN FNW NWD WDF DFE FEH	1
19728	QHY HYN YNS NSY SYF YFV FVT	ARD RDG DGY GYS YSS SSS SSF SFF FFD FDF	0
1259	QQC QCG CGN GNS NSP SPW PWT	ARV RVV VVA VAD ADR DRE REG EGF GFG FGY GYY YYY YYG YGM GMD MDV	0
586	AAW AWD WDD DDS DSL SLN LNG NGV GVV	AQG QGP GPI PIV IVG VGA GAP APT PTD TDY	0
1021	QVW VWD WDD DDS DSI SIN INA NAY AYV	ARN RNF NFV FVR VRG RGF GFG FGW GWH WHF HFD FDL	0
1582	QVY VYE YEF	ARR RRH RHS HSD SDY DYC YCD CDF DFD FDI	1
19844	NAY AYE YEF	ARM RMG MGA GAA AAR ARE REW EWD WDF DFQ FQY	1
8675	QQS QSS SSS SSS SSL SLI LIT	ARG RGY GYY YYY YYT YTG TGL GLW LWY WYP YPY PYA YAM AMY MYE YEF EFG FGM GMD MDY	0
316	QQY QYS YSS SSY SYS YSS SSL SLF LFT	ARE REY EYY YYR YRW RWY WYT YTA TAI AID IDY	0
954	QQL QLN LNS NSY SYP YPL PLT	ARV RVG VGY GYC YCS CSS SST STS TSC SCN CNR NRG RGA GAF AFD FDI	0
289	HQY QYG YGS GST STP TPL PLT	ARV RVS VSI SIF IFG FGV GVG VGT GTF TFD FDY	0
1383	QQY QYE YEF	TRG RGK GKY KYC YCT CTA TAR ARD RDY DYY YYN YNW NWD WDF DFE FEH	1
302	QQS QSY SYN YNS NSP SPW PWT	ARD RDN DNG NGD GDY DYV YVG VGE GEK EKG KGF GFD FDI	0
28872	HQY QYG YGN GNA NAP APY PYI	ARG RGP GPN PND NDY DYR YRN RNR NRK RKY KYY YYY YYY YYM YMD MDV	0
1356	QVL VLQ LQF	ARD RDR DRS RSY SYG YGD GDS DSS SSW SWA WAL ALD LDA	1
1560	QIL ILE LEF	ARG RGF GFA FAG AGY GYE YEW EWS WSF SFI	1
935	HQY QYS YSS SSH SHP HPP PPT	ARA RAD ADG DGL GLT LTY TYF YFS FSE SEL ELL LLQ LQY QYI YIF IFD FDL	1
164	GTW TWD WDM DMV MVT VTN TNN NNV	ARG RGL GLG LGA GAF AFH FHW HWD WDM DMQ MQP QPD PDY	0
1385	MQA QAT ATH THW HWP WPY PYT	ARD RDG DGR GRG RGA GAL ALQ LQY	0
19655	QQY QYN YNN NNW NWP WPP PPY PYT	ARL RLK LKR KRR RRG RGF GFS FSG SGE GEG EGY GYF YFD FDY	0
19785	QQS QSY SYS YST STL TLT LTW TWT	ARS RSG SGF GFC FCS CSD SDD DDA DAC ACY CYR YRR RRG RGS GSW SWF WFD FDP	0
19773	QSS SSD SDT DTS TSD SDS DSY SYK YKM	ARN RNA NAI AIR IRI RIY IYG YGV GVV VVA VAL ALG LGE GEW EWF WFH FHY HYG YGM GMD MDV	1
19561	SAW AWG WGD GDK DKG KGM GMV	ARG RGF GFG FGT GTD TDF	0
1561	QQY QYL YLQ LQY QYP YPM PMT	ARG RGS GSF SFW FWF WFG FGY	0
19784	QST STD TDS DSS SSG SGT GTS TSW SWV	ARD RDP DPI PIV IVG VGH GHT HTR TRD RDG DGL GLD LDV	0
477	QQS QSF SFY FYF YFP FPN PNT	ARG RGL GLG LGK GKG KGS GSK SKR KRG RGA GAM AMD MDY	0
764	MQA QAL ALQ LQI QIP IPR PRT	ARD RDR DRS RSY SYY YYA YAF AFS FSS SSG SGS GSL SLS LSD SDY DYY YYY YYG YGL GLD LDV	0
19823	QNS NSG SGG GGG GGT GTP TPL PLI	SRD RDN DNF NFG FGT GTR TRP RPV PVP VPG PGR GRG RGY GYY YYY YYG YGM GMD MDV	1
591	QQS QSY SYS YST STP TPL PLT	ARD RDM DMR MRA RAA AAT ATP TPY PYS YSF SFD FDY	0
928	MQA QAL ALQ LQT QTP TPL PLT	ARH RHA HAS ASC SCS CSA SAR ARS RSC SCY CYW YWG WGP GPV PVD VDY	0
1349	QSR SRD RDI DIS ISQ SQY QYV	ART RTF TFH FHI HIR IRR RRY RYR YRS RSG SGY GYY YYD YDK DKM KMD MDH	0
393	ASW SWD WDS DSM SMT MTV TVD VDG DGV	ARY RYF YFD FDT DTY TYN YNN NNY NYG YGF GFA FAN	1
1263	QQY QYD YDN DNL NLG LGD GDL DLS	ARD RDR DRY RYY YYE YET ETS TSG SGS GSN SNA NAF AFD FDV	1
483	QQG QGN GNT NTL TLS LSY SYT	ARE REL ELY LYQ YQG QGY GYM YMD MDT DTF TFD FDS	0
19639	QQY QYL YLY LYH YHP HPA PAT	ARR RRH RHW HWP WPG PGG GGF GFD FDY	0
921	SSY SYT YTS TSS SSS SST STW TWV	ARV RVP VPR PRL RLR LRG RGG GGN GNY NYF YFD FDS	1
19755	QQS QSQ SQW QWY WYP YPI PIT	ARS RSY SYS YST STK TKL KLA LAM AMD MDY	0
19556	CSY SYT YTH THN HNS NSG SGC GCV	AKG KGL GLL LLR LRD RDG DGS GSS SST STW TWL WLP LPY PYL	1
19849	QQY QYY YYN YNS NSP SPY PYT	ARV RVG VGR GRP RPS PSK SKG KGG GGW GWF WFD FDP	0
749	QQA QAN ANS NSF SFP FPL PLT	ARD RDL DLG LGG GGY GYF YFI FIR IRG RGI GIM IMD MDV	0
1555	QQS QSY SYS YSY SYP YPY PYT	ARY RYY YYS YSS SSG SGG GGS GSY SYY YYR YRY RYS YSR SRG RGF GFD FDY	0
748	QQR QRS RSN SNW NWP WPM PMY MYT	ATE TEG EGD GDN DND NDA DAF AFD FDI	0
574	SSL SLT LTD TDR DRS RSH SHR HRI	ARE REA EAG AGG GGP GPI PIW IWH WHD HDD DDV DVK VKY KYX YXD XDF DFN FND NDG DGY GYY YYN YNY NYH YHY HYM YMD MDV	1
1401	SSH SHT HTS TSR SRG RGT GTW TWV	ARD RDK DKV KVD VDD DDY DYG YGD GDY DYW YWF WFP FPT PTL TLW LWY WYF YFD FDY	0
1299	SSH SHT HTS TSR SRG RGT GTW TWV	ARD RDK DKV KVD VDD DDY DYG YGD GDY DYW YWF WFP FPT PTL TLW LWY WYF YFD FDY	0
291	QQS QSY SYA YAT ATL TLP LPT	ARN RNA NAL ALY LYG YGS GSG SGG GGY GYY YYA YAM AMD MDY	0
636	QQY QYE YET	ARA RAQ AQK QKR KRG RGR GRS RSE SEW EWA WAY AYA YAH	1
527	SSR SRD RDK DKS KSG SGS GSR SRL RLS LSV	ART RTG TGK GKY KYY YYD YDF DFW FWS WSG SGY GYP YPP PPG PGE GEE EEY EYF YFQ FQD	1
691	AAW AWD WDD DDS DSL SLI LIG IGV GVV	ARD RDK DKN KNP NPG PGT GTK TKP KPY PYY YYH YHY HYG YGM GMD MDV	0
909	QQS QSF SFQ FQT QTV TVG VGS	VRV RVT VTF TFY FYH YHE HEG EGS GSG SGY GYY YYY YYR YRA RAG AGN GNY NYF YFD FDS	1
674	QQY QYY YYR YRS RSP SPL PLT	VRS RSV SVT VTP TPR PRY RYC YCG CGG GGG GGF GFC FCY CYG YGE GEF EFD FDY	0
28870	MQA QAV AVQ VQT QTP TPL PLT	ARN RNV NVL VLD LDS DSS SSG SGY GYP YPT PTY TYF YFD FDY	0
575	QQY QYD YDN DNL NLP LPL PLT	ATE TET ETA TAL ALV LVV VVS VST STT TTY TYL YLP LPH PHY HYF YFD FDN	0
358	QQY QYD YDN DNS NSV SVC VCT	ARG RGP GPV PVP VPA PAV AVF VFY FYG YGD GDY DYR YRL RLD LDP	1
523	AAW AWD WDD DDS DSL SLS LSA SAH AHV HVV	ARE REL ELL LLM LMD MDY DYY YYD YDH DHI HIG IGY GYS YSP SPG PGP GPT	0
467	QQS QSN SNR NRA RAP APA PAT	AKW KWA WAW AWP WPA PAF AFD FDY	0
1358	YSY SYA YAD ADG DGV GVA	ARE REM EMF MFD FDS DSS SSA SAD ADW DWS WSP SPW PWR WRG RGM GMV MVA	1
989	AAW AWD WDD DDS DSL SLN LNG NGW GWV	ARV RVQ VQY QYS YSG SGY GYY YYD YDW DWF WFD FDP	0
822	QQY QYG YGS GSS SSP SPS PST	ARE REG EGT GTT TTG TGW GWG WGW GWL WLG LGK GKP KPI PIG IGA GAF AFQ FQH	1
1347	QHY HYY YYT YTT TTH THR HRT	ARD RDD DDG DGY GYY YYD YDR DRS RSG SGY GYY YYG YGV GVF VFD FDL	1
1245	QES ESL SLS LSA SAS ASY SYT	ARL RLD LDG DGY GYT YTL TLD LDI	0
357	SSY SYT YTS TSS SST STP TPY PYV YVL	ARE REF EFS FSS SSY SYT YTD TDH DHL HLE LEY EYY YYY YYD YDY DYY YYY YYM YMD MDV	1
738	QSY SYD YDS DSS SSL SLS LSG SGS GSV	ARV RVE VEG EGV GVR VRG RGV GVM VMG MGF GFH FHY HYY YYP YPM PMD MDV	0
37271	ASW SWD WDD DDS DSL SLS LSG SGH GHW HWV	ARV RVR VRS RSG SGT GTN TNY NYG YGS GSY SYY YYY YYY YYY YYY YYG YGM GMD MDV	0
1591	QQR QRR RRS RSW SWP WPP PPL PLT	TTG TGD GDF DFS FSE SEF EFE FEP EPF PFS FSM SMD MDY DYF YFH FHF	0
31	MQA QAL ALQ LQP QPP PPY PYT	AIL ILL LLS LSA SAG AGA GAA AAN ANL NLD LDN DNN NNY NYG YGM GMD MDV	0
590	QQY QYG YGS GSS SSP SPY PYT	ARE REM EME MEV EVS VSG SGR GRW RWR WRP RPT PTE TEA EAF AFE FEI	0
19669	QQA QAY AYP YPA PAL ALH LHT	ARW RWI WIG IGS GSR SRE REL ELY LYI YIM IMD MDY	0
19814	HMW MWD WDS DSR SRS RSG SGF GFS FSW SWS	ATA TAR ARR RRG RGQ GQR QRI RIY IYG YGV GVV VVS VSF SFG FGE GEF EFF FFY FYY YYY YYS YSM SMD MDV	1
1390	LHY HYG YGT GTS TSP SPM PMY MYT	IAS ASS SST STT TTG TGW GWY WYV YVR VRE RED EDF DFD FDY	0
923	ATW TWD WDD DDS DSL SLS LSG SGL GLV	ARR RRP RPQ PQS QSI SIF IFD FDW DWN WNF NFD FDL	0
1587	QCF CFE FEG	VRG RGK GKS KSC SCC CCN CNG NGR GRR RRY RYC YCN CNG NGA GAD ADC DCF CFN FNW NWD WDF DFE FEY	1
19609	MEA EAR ARQ RQT QTP TPR PRL RLT	VRG RGP GPE PES ESG SGW GWF WFY FYH YHY HYY YYW YWG WGL GLG LGV	1
478	QQY QYW YWS WSE SEP EPV PVT	ARG RGG GGP GPD PDY DYA YAM AMD MDV	0
365	QHY HYD YDD DDL DLP LPR PRI RIT	ARA RAS ASY SYS YSS SSS SSS SSP SPY PYA YAF AFD FDI	1
960	QSY SYD YDS DSP SPT PTL TLT LTS TSP	ATV TVM VMG MGK GKW KWI WIK IKG KGG GGY GYD YDY	0
892	QCL CLE LEA	VRG RGR GRS RSC SCC CCG CGG GGR GRR RRH RHC HCN CNG NGA GAD ADC DCF CFN FNW NWD WDF DFQ FQH	1
19803	SSR SRD RDS DSS SSG SGN GNH NHW HWV	ARS RSR SRD RDL DLL LLL LLF LFP FPH PHH HHA HAL ALS LSP	0
934	QAW AWD WDS DSS SSS SSF SFV	ARV RVA VAL ALF LFD FDI DIL ILT LTG TGG GGW GWF WFD FDP	0
8741	MQA QAL ALQ LQT QTP TPW PWT	ATR TRN RNY NYR YRL RLY LYF YFD FDF	0
36472	QLY LYG YGS GSS SSP SPW PWT	AKV KVG VGE GEY EYY YYD YDF DFW FWS WSG SGY GYS YSP SPF PFE FEY	0
19779	QQR QRN RNN NNW NWY WYT	AIM IMV MVA VAT ATT TTK TKN KND NDF DFH FHY HYY YYK YKD KDV	0
936	AAW AWD WDD DDG DGL GLN LNG NGW GWV	ARD RDR DRG RGF GFD FDL DLL LLT LTG TGH GHY HYL YLG LGL GLD LDP	0
814	QQY QYE YEF	TRG RGK GKY KYC YCT CTA TAR ARD RDY DYY YYN YNW NWD WDF DFE FEH	1
26784	QHR HRT	ATD TDK DKT KTY TYV YVS VSG SGY GYT YTS TST STW TWY WYY YYF YFN FNY	0
363	QHY HYA YAG AGY GYS YSA SAT	ARK RKG KGS GSD SDR DRL RLS LSD SDN DND NDP DPF PFD FDA	0
19750	CSY SYA YAG AGS GSV SVV	ARD RDL DLT LTL TLM LMY MYV YVH VHS HSS SSG SGW GWE WER ERG RGV GVY VYY YYY YYY YYG YGM GMD MDV	0
559	QQY QYE YEF	ARG RGK GKY KYC YCT CTA TAR ARD RDY DYY YYN YNW NWD WDF DFQ FQH	1
36464	MQA QAT ATQ TQF QFP FPL PLT	ARG RGS GST STG TGG GGY	0
534	QQH QHG HGP GPF PFY FYW YWL WLF LFT	ART RTV TVR VRG RGS GSK SKK KKP KPY PYF YFS FSG SGW GWA WAM AMD MDY	0
1417	QAW AWD WDS DSN SNT NTG TGV	ARG RGP GPL PLS LSR SRG RGY GYY YYD YDY	0
8692	LQH QHW HWS WSY SYP YPY PYT	ARY RYG YGH GHW HWS WSW SWG WGR GRW RWW WWN WNY NYW YWV WVA VAL ALD LDY	0
196	QQY QYA YAD ADS DSP SPI PIT	AST STL TLG LGL GLV LVL VLD LDA DAM AMD MDY	0
201248	AAW AWD WDD DDS DSL SLT LTV TVS	ARD RDL DLQ LQP QPP PPH PHS HSP SPY PYG YGM GMD MDV	0
19591	NSY SYS YSI SIH IHS HSP SPW PWV	ARD RDR DRR RRS RSG SGT GTS TSP SPL PLP LPL PLD LDV	0
1031	QQY QYN YNN NNW NWW WWT	ARN RNV NVA VAT ATE TEG EGS GSL SLL LLH LHY HYD YDY	1
387	QQS QSS SSY SYI YIP IPV PVT	ART RTP TPW PWW WWY WYW YWS WSG SGL GLD LDY	0
1344	QQS QSS SSS SSR SRP RPV PVT	ARG RGI GIW IWS WSY SYW YWY WYM YMV MVY VYP YPH PHD HDN DNY NYG YGM GMD MDY	0
1355	QQY QYN YNT NTY TYS YSW SWW WWT	ASR SRL RLG LGV GVR VRA RAT ATT TTG TGD GDL DLD LDY	0
202466	QQR QRD RDN DNW NWP WPP PPD PDA DAT	AKE KEG EGG GGD GDN DNK NKF KFS FSF SFD FDY	0
870	AAW AWD WDD DDS DSL SLN LND NDW DWV	VKD KDR DRV RVA VAV AVA VAG AGK GKG KGS GSY SYY YYF YFD FDS	0
19767	QSY SYD YDS DSS SSL SLS LSG SGF GFY FYV	ARL RLG LGY GYC YCS CSG SGG GGS GSC SCH CHF HFD FDY	0
8705	QTW TWG WGA GAG AGI GIL ILV	AKF KFS FSG SGK GKD KDC DCS CSG SGT GTS TSC SCR CRD RDY	0
36473	QQY QYG YGR GRS RSP SPF PFT	AKV KVG VGE GEY EYY YYD YDF DFW FWS WSG SGY GYS YSP SPF PFD FDS	0
1022	QVW VWD WDD DDS DSI SIN INA NAY AYV	ARE REF EFH FHS HSG SGL GLG LGW GWH WHF HFD FDL	0
969	GSL SLV LVG VGN GNW NWD WDV DVI	ARF RFG FGG GGE GEV EVL VLR LRY RYT YTD TDW DWP WPK PKP KPA PAW AWV WVD VDL	1
806	SSY SYA YAG AGS GST STT TTF TFR FRV	AKD KDL DLR LRL RLG LGG GGG GGS GSD SDY	1
825	CSY SYT YTH THN HNS NSG SGC GCV	AKG KGL GLL LLR LRD RDG DGS GSS SST STW TWL WLP LPY PYL	1
1275	QQY QYR YRY RYS YSP SPR PRT	ARG RGG GGV GVG VGS GSF SFD FDT	0
912	ATY TYD YDS DSD SDG DGS GSI SIR IRL	ARA RAE AEA EAA AAS ASD SDS DSH SHS HSR SRP RPI PIM IMF MFD FDH	1
19637	QES ESY SYS YSS SSV SVP VPM PMY MYI	TAD ADE DEG EGA GAP API PIL ILR LRF RFF FFE FEW EWG WGY GYY YYN YNY NYY YYM YMD MDV	1
36469	QQY QYD YDS DSS SSP SPI PIT	ARS RSF SFG FGF GFL FLY LYG YGF GFD FDV	0
201247	QQY QYS YSN SNW NWP WPR PRT	ARA RAP APD PDD DDY DYY YYD YDS DSV SVG VGY GYY YYY YYG YGC GCP CPY PYF YFD FDS	0
9231	QQS QSY SYT YTT TTP TPP PPT	ARR RRL RLA LAL ALV LVR VRM RMW MWM WMD MDY	0
28868	MQG QGT GTH THW HWW WWT	AKV KVG VGD GDG DGT GTV TVA VAG AGT GTI TID IDY	0
36468	QQY QYG YGS GSS SSP SPL PLT	ARA RAA AAF AFG FGS GSH SHY HYF YFD FDY	0
811	QQY QYE YEF	TRG RGK GKY KYC YCT CTA TAR ARD RDY DYY YYN YNW NWD WDF DFE FEH	1
312	QQH QHN HNE NEY EYP YPY PYT	ARM RMG MGS GSD SDY DYD YDV DVW VWF WFD FDY	0
19847	QHY HYF YFN FNI NIP IPH PHN	ARL RLD LDA DAR ARV RVD VDA DAG AGW GWQ WQL QLD LDS	0
667	HIW IWD WDS DSR SRR RRP RPT PTN TNW NWV	ATT TTK TKH KHG HGR GRR RRI RIY IYG YGV GVV VVA VAF AFK FKE KEW EWF WFT FTY TYF YFY FYM YMD MDV	1
19642	MQG QGT GTH THW HWP WPP PPM PMC MCS	ARG RGT GTS TST STG TGL GLR LRE REA EAF AFH FHI	0
528	SSR SRD RDK DKS KSG SGS GSR SRL RLS LSV	ART RTG TGK GKY KYY YYD YDF DFW FWS WSG SGY GYP YPP PPG PGE GEE EEY EYF YFQ FQD	1
19560	SSW SWD WDS DST STG TGL GLV	ARG RGF GFG FGT GTD TDF	0
19573	QQS QSS SSD SDD DDP DPI PIT	ARS RSR SRG RGQ GQA QAS ASW SWD WDY DYW YWW WWA WAM AMD MDY	0
1402	SSY SYA YAG AGS GSN SNN NNF NFA FAV	ARV RVS VSR SRG RGG GGS GSF SFS FSD	0
313	QQH QHD HDY DYP YPY PYT	ARL RLG LGS GSD SDY DYD YDV DVW VWF WFD FDY	0
415	QVW VWD WDS DSS SSS SSD SDH DHV HVI	ARG RGG GGL GLE LEP EPR PRS RSV SVD VDY DYY YYY YYY YYG YGM GMD MDV	0
1388	QQL QLN LNT NTY TYP YPF PFT	AKP KPK PKS KSR SRD RDR DRG RGG GGP GPG PGD GDD DDY DYF YFG FGM GMD MDV	0
1320	AAW AWD WDD DDS DSL SLS LSA SAH AHV HVV	ARE REL ELL LLM LMD MDY DYY YYD YDH DHI HIG IGY GYS YSP SPG PGP GPT	0
19574	MQN QNK NKQ KQT QTP TPL PLT	VIR IRG RGD GDV DVY VYN YNR NRQ	0
199390	QET ETY TYS YSR SRT	ARD RDF DFF FFE FEK EKL KLI LIA IAD ADD DDL DLN LNA NAF AFD FDI	0
1005	QTW TWD WDS DSS SST STD TDV DVV	ARA RAV AVV VVF VFT FTD TDS DSS SSA SAY AYY YYY YYS YSK SKY KYF YFD FDY	0
519	QVW VWD WDS DSD SDS DSD SDH DHV HVV	ARA RAG AGL GLE LEP EPR PRS RSV SVD VDY DYY YYF YFY FYG YGL GLD LDV	0
601	QQY QYE YEF	TRG RGK GKY KYC YCT CTA TAR ARD RDY DYY YYN YNW NWD WDF DFE FEH	1
19563	MQG QGL GLH LHS HSP SPW PWT	LTG TGS GSK SKH KHR HRL RLR LRD RDY DYF YFL FLY LYN YNE NEY EYG YGP GPN PNY NYE YEE EEW EWG WGD GDY DYL YLA LAT ATL TLD LDV	1
1436	QQY QYE YEF	TRG RGK GKY KYC YCT CTA TAR ARD RDY DYY YYN YNW NWD WDF DFE FEH	1
19706	QQY QYY YYN YNY NYP YPL PLT	ARF RFV FVN VNW NWD WDG DGD GDY DYM YMD MDY	0
28884	QQY QYN YNN NNY NYW YWT	ARV RVR VRD RDS DSS SSD SDY DYY YYG YGD GDA DAF AFD FDI	0
525	SSR SRD RDK DKS KSG SGS GSR SRL RLS LSV	ART RTG TGK GKY KYY YYD YDF DFW FWS WSG SGY GYP YPP PPG PGE GEE EEY EYF YFQ FQD	1
502	AAW AWD WDD DDS DSL SLK LKG KGA GAV	ARH RHG HGN GNY NYY YYY YYY YYS YSG SGM GMD MDV	0
26786	QQY QYY YYS YSS SSP SPP PPT	AKD KDL DLS LSP SPP PPY PYS YSY SYA YAW AWD WDI DIF IFQ FQY	0
1036	QQY QYY YYS YST STP TPG PGL GLT	RLL LLW LWF WFG FGE GEL ELF LFF FFD FDY	0
208	QQA QAW AWA WAY AYL YLP LPT	ARE RED EDF DFR FRN RNR NRR RRR RRL RLW LWY WYV YVM VMD MDY	0
19628	QQS QSG SGT GTF TFP FPP PPT PTT	ARQ RQW QWG WGS GSY SYA YAF AFD FDS	0
26787	QQY QYY YYT YTT TTP TPL PLT	ARE REP EPL PLG LGY GYC YCS CSG SGG GGS GSC SCY CYP YPL PLH LHN HNG NGM GMD MDV	0
1254	QQY QYF YFY FYW YWP WPI PIT	ARS RSY SYS YSW SWS WSY SYA YAI AID IDY	0
931	QHY HYN YNS NSY SYS YSP SPG PGY GYT	ARP RPH PHY HYY YYD YDS DSL SLD LDA DAF AFD FDI	0
19692	QQY QYG YGR GRS RSR SRW RWT	AKS KSG SGT GTQ TQY QYY YYD YDT DTT TTG TGY GYE YEY EYR YRG RGL GLE LEY EYF YFG FGY	0
19587	QQY QYD YDN DNL NLP LPL PLT	ATE TET ETA TAL ALV LVV VVS VSE SET ETY TYL YLP LPH PHY HYF YFD FDN	0
1397	QVW VWD WDT DTG TGS GSD SDP DPV PVV	ARD RDS DSS SSS SSS SSW SWA WAR ARW RWF WFF FFD FDL	0
1044	SSR SRD RDK DKS KSG SGS GSR SRL RLS LSV	ART RTG TGK GKY KYY YYD YDF DFW FWS WSG SGY GYP YPP PPG PGE GEE EEY EYF YFQ FQD	1
500	ATW TWD WDD DDS DSL SLN LNG NGW GWV	ARD RDV DVQ VQY QYS YSG SGS GSY SYL YLG LGA GAY AYY YYF YFD FDY	0
1043	SSR SRD RDK DKS KSG SGS GSR SRL RLS LSV	ART RTG TGK GKY KYY YYD YDF DFW FWS WSG SGY GYP YPP PPG PGE GEE EEY EYF YFQ FQD	1
19794	QQS QSY SYF YFN FNP NPI PIT	ARH RHY HYS YSA SAV AVA VAG AGL GLD LDY	0
200539	LQD QDY DYN YNY NYL YLL LLT	ARE REI EIT ITM TMI MIA IAW AWF WFD FDP	0
213	QQS QSR SRI RIT ITP TPP PPT	ARR RRV RVC VCY CYN YNR NRL RLG LGV GVC VCA CAG AGG GGM GMD MDY	0
918	QQS QSS SSS SSS SSL SLI LIT	ARG RGY GYY YYG YGA GAA AAM AMD MDY	0
1392	QQL QLN LNT NTY TYP YPY PYT	ARG RGR GRY RYD YDY DYW YWS WSG SGY GYL YLS LSP	0
976	QSY SYD YDS DSS SSS SSW SWV	ARL RLG LGG GGR GRY RYY YYY YYD YDS DSS SSG SGY GYY YYY YYF YFD FDY	1
202257	QRR RRS RSN SNW NWP WPP PPF PFT	ARS RSC SCG CGD GDC DCY CYS YSA SAD ADL DLD LDF	0
999	QQY QYG YGG GGS GSP SPY PYT	ARG RGT GTD TDY DYT YTI TID IDD DDQ DQG QGI GIF IFY FYK YKG KGS GSG SGT GTF TFW FWY WYF YFD FDL	1
1398	QQS QSN SNS NSW SWP WPY PYT	ANW NWD WDG DGD GDY	0
19641	QQY QYN YND NDW DWP WPP PPW PWT	AKD KDW DWA WAL ALF LFR FRW RWL WLR LRT RTF TFD FDH	0
853	CSY SYA YAT ATS TSR SRT RTL TLV	VRD RDG DGV GVR VRF RFY FYY YYD YDS DST STG TGY GYY YYP YPD PDS DSF SFF FFK FKY KYG YGM GMD MDV	0
978	QQY QYG YGQ GQS QSL SLS LST	ARE REG EGT GTT TTG TGD GDG DGD GDL DLG LGK GKP KPI PIG IGA GAF AFA FAH	1
362	QQY QYE YEF	TRG RGK GKN KNC NCD CDY DYN YNW NWD WDF DFE FEH	1
1339	QQY QYY YYS YSI SIP IPR PRT	ASN SNR NRA RAN ANR NRA RAD ADD DDY DYD YDY DYY YYF YFD FDY	0
19588	QQY QYS YST STF TFW FWT	VRD RDR DRS RSN SNG NGW GWS WSS SSI SIN INL	0
201043	QQR QRS RSM SMW MWP WPP PPV PVT	ARD RDG DGK GKC KCG CGG GGG GGR GRC RCY CYS YSG SGL GLL LLD LDY	0
19786	LQH QHD HDI DIY IYA YAS AST	ARL RLA LAS ASG SGF GFR FRD RDY	0
36471	QSF SFD FDS DSS SSL SLR LRD RDS DSW SWV	TTV TVY VYR YRY RYN YNY NYD YDS DSV	0
19795	QQS QSY SYF YFN FNP NPI PIT	ARH RHY HYS YSA SAV AVA VAG AGL GLD LDY	0
28879	QQQ QQR QRI	TKR KRG RGG GGW GWG WGD GDG DGS GSD SDI	0
201044	QQR QRS RSS SSW SWP WPP PPI PIT	ARE REG EGL GLS LSR SRE REK EKN KNG NGY GYS YSG SGL GLI LID IDY	0
538	QSY SYD YDN DNS NSS SSW SWV	ARL RLG LGG GGR GRY RYY YYH YHD HDS DSS SSG SGY GYY YYY YYL YLD LDY	1
826	GTP TPD PDR DRS RSL SLS LSV SVV	ARD RDG DGA GAK AKT KTV TVS VSN SNS NSG SGL GLS LSL SLL LLY LYY YYH YHN HNR NRL RLD LDA	0
19771	QSY SYD YDT DTS TSL SLS LSG SGP GPV PVV	ARQ RQR QRI RIV IVS VSG SGF GFV FVE VEW EWL WLS LSK SKF KFD FDY	0
397	QAW AWD WDA DAS AST STG TGV	TRL RLY LYL YLF LFE FEG EGA GAQ AQS QSS SSN SNA NAF AFD FDL	1
19754	QQD QDG DGW GWS WSL SLI LIT	ARG RGY GYG YGW GWA WAL ALD LDY	0
1033	QTW TWD WDS DST STV TVV	VRA RAS ASR SRS RSY SYY YYW YWG WGS GSY SYR YRP RPT PTA TAF AFD FDS	0
305	GTW TWD WDS DSS SSL SLS LST STG TGQ GQL	ATG TGG GGN GNY NYY YYN YNL NLW LWT WTG TGY GYY YYP YPL PLA LAY	1
642	QVW VWD WDI DIS IST STD TDQ DQA QAV	ARH RHV HVR VRS RSG SGY GYP YPD PDT DTA TAY AYY YYF YFD FDK	0
662	QQF QFE FEF	VRR RRG RGS GSC SCD CDY DYC YCG CGD GDF DFP FPW PWQ WQY	1
1035	MQS QSK SKD KDF DFP FPL PLT	ARM RMF MFQ FQE QES ESG SGP GPP PPR PRL RLD LDR DRW RWS WSG SGR GRN RNY NYY YYY YYY YYS YSG SGM GMD MDV	1
19710	QHR HRD RDS DSW SWP WPP PPG PGA GAT	AKE KES ESD SDS DSC SCG CGG GGD GDC DCS CSR SRF RFA FAF AFD FDV	0
1327	QQY QYD YDG DGL GLP LPF PFT	AKH KHM HMS MSM SMQ MQQ QQV QVV VVS VSA SAG AGW GWE WER ERA RAD ADL DLV LVG VGD GDA DAF AFD FDV	0
341	QQF QFD FDG DGD GDP DPT	ARH RHY HYE YEI EIQ IQI QIG IGR GRY RYG YGM GMN MNV NVY VYY YYL YLM LMY MYR YRF RFA FAS	0
1006	QAW AWD WDS DSS SST STD TDV DVV	ARA RAV AVV VVF VFT FTD TDS DSS SSA SAY AYY YYY YYS YSK SKY KYF YFD FDY	0
1571	KQY QYA YAD ADY DYW YWT	ARD RDR DRY RYS YSP SPT PTG TGH GHY HYY YYG YGM GMD MDV	0
19685	QSV SVD VDN DNS NSG SGT GTY TYE YEV	ATL TLN LNL NLE LEL ELA LAV AVD VDA DAI AIS ISE SEA EAL ALK	0
36474	MQA QAL ALQ LQT QTP TPS PSW SWT	ARV RVA VAS ASS SSA SAG AGT GTF TFY FYY YYG YGM GMD MDV	0
19820	CSY SYT YTH THN HNS NSG SGC GCV	AKG KGL GLL LLR LRD RDG DGS GSS SST STW TWL WLP LPY PYL	1
19808	MQS QSL SLQ LQT QTP TPR PRL RLT	TRG RGG GGT GTL TLF LFD FDY	0
19613	MQG QGT GTH THW HWP WPP PPY PYT	ARG RGY GYA YAD ADT DTP TPV PVF VFR FRR RRY RYY YYY YYY YYG YGM GMD MDV	0
202253	NSR SRD RDS DST STN TND NDP DPV PVL	ARW RWS WSG SGT GTY TYY YYD YDY	0
1374	QQG QGS GST STF TFP FPY PYT	VRN RNR NRV RVQ VQM QME MEV EVS VSP SPA PAT ATQ TQS QST STW TWY WYM YMD MDL	0
28882	QQY QYN YNS NSY SYW YWT	ARV RVQ VQT QTT TTT TTG TGG GGG GGS GSC SCC CCP CPF PFD FDY	0
19846	QHY HYF YFN FNT NTP TPH PHN	ARL RLD LDA DAR ARV RVD VDA DAG AGW GWQ WQL QLD LDS	0
1354	QQR QRS RSN SNW NWP WPP PPG PGY GYT	VKD KDL DLG LGI GIA IAA AAR ARR RRF RFV FVS VSG SGA GAF AFD FDI	0
199	QQH QHG HGN GNL NLP LPY PYT	ARP RPY PYL YLT LTY TYP YPQ PQR QRR RRG RGP GPQ PQN QNV NVS VSP SPF PFD FDN	0
315	QQY QYS YSS SSY SYS YSS SSL SLF LFT	ARE REY EYY YYR YRW RWY WYT YTA TAI AID IDY	0
8748	QQY QYY YYS YST STP TPL PLT	AKV KVG VGG GGS GSA SAY AYY YYE YED EDP DPY PYS YSL SLG LGY GYL YLD LDF	0
201008	QVW VWD WDS DSS SSS SSV SVV	ARG RGP GPL PLS LSR SRG RGY GYY YYD YDY	0
896	QQL QLN LNS NSY SYS YSL SLT	ARG RGG GGM GMT MTM TMV MVR VRG RGV GVM VMM MMD	0
19752	QSY SYD YDR DRY RYT YTH THP HPA PAL ALL	KTH THG HGS GSH SHD HDN	0
19788	MQA QAL ALQ LQT QTP TPA	ARE REG EGG GGH GHQ HQG QGY GYC YCS CSG SGG GGS GSC SCY CYD YDF DFD FDY	0
1544	QQS QSS SSS SSS SSL SLI LIT	ARL RLT LTW TWR WRS RSY SYR YRG RGV GVH VHA HAL ALD LDY	0
1000	QQY QYG YGR GRS RSP SPY PYT	ARG RGT GTD TDY DYT YTI TID IDD DDQ DQG QGI GIR IRY RYQ YQG QGS GSG SGT GTF TFW FWY WYF YFD FDV	1
900	QQS QSY SYS YSI SIP IPL PLT	ARR RRR RRS RSD SDF DFE FET ETV TVD VDF DFI FIY IYH YHY HYM YMD MDV	0
955	QQS QST STG TGH GHP HPQ PQT	ART RTY TYG YGI GIY IYD YDL DLY LYV YVD VDY DYT YTE TEY EYV YVM VMD MDY	0
466	QQS QSN SNR NRA RAP APA PAT	AKW KWW WWA WAW AWP WPA PAF AFD FDY	0
380	QQW QWW WWW WWW WWP WPS PST	ARW RWW WWS WSS SSA SAM AMD MDY	0
1343	QQY QYN YNN NNW NWP WPL PLT	VRD RDA DAY AYV YVS VSG SGS GSD SDY DYY YYY YYY YYG YGL GLD LDV	0
207	QQY QYL YLG LGS GSP SPP PPT	ARG RGE GEL ELP LPY PYY YYR YRM RMS MSK SKV KVM VMD MDV	0
536	QQL QLE LEF	ARQ RQK QKF KFY FYT YTG TGG GGQ GQG QGW GWY WYF YFD FDL	1
827	QQA QAN ANS NSF SFP FPY PYT	ARW RWN WNN NNW NWN WNH NHR HRG RGM GMV MVF VFA FAF AFD FDL	0
1365	SSY SYD YDD DDP DPN PNF NFQ FQV	ARY RYS YSY SYP YPF PFY FYS YSI SID IDY	0
501	AAW AWD WDD DDS DSL SLK LKG KGA GAV	ARH RHG HGN GNY NYY YYY YYY YYS YSG SGM GMD MDV	0
28869	MQG QGT GTH THW HWP WPD PDT	AAC ACS CSN SNV NVG VGC GCY CYV YVY	0
201007	QAW AWD WDS DSS SSA SAL ALV	ARG RGP GPL PLS LSR SRG RGY GYY YYD YDY	0
36818	NSR SRD RDT DTS TSG SGY GYH YHL HLV	ATG TGN GNA NAD ADC DCS CSG SGG GGS GSC SCY CYN YNW NWF WFD FDP	0
413	GTW TWD WDS DSR SRL RLG LGI GIA IAV	VGL GLD LDW DWN WNY NYN YNP NPL PLR LRY	0
1458	QQY QYG YGT GTS TSP SPY PYT	ARD RDF DFG FGP GPD PDW DWE WED EDG DGD GDS DSY SYD YDG DGS GSG SGR GRG RGF GFF FFD FDF	1
1307	QQY QYR YRY RYS YSP SPR PRT	ARG RGG GGF GFG FGS GSF SFD FDT	0
1574	QHM HMS MSS SSY SYP YPL PLT	ARD RDK DKY KYY YYG YGN GNE NEA EAV AVG VGM GMD MDV	1
807	QQY QYE YEF	TRG RGK GKY KYC YCT CTA TAR ARD RDY DYY YYN YNW NWD WDF DFE FEH	1
824	HMW MWD WDS DSR SRS RSG SGF GFS FSW SWS	ATA TAR ARR RRG RGQ GQR QRI RIY IYG YGV GVV VVS VSF SFG FGE GEF EFF FFY FYY YYY YYY YYM YMD MDV	1
19719	QSF SFD FDS DSI SIL ILS LSG SGD GDL DLV	ATS TSY SYV YVD VDN DNW NWH WHA HAG AGL GLH LHW HWF WFD FDS	0
8740	QSS SSD SDR DRF RFG FGS GSR SRY RYV	AAG AGF GFH FHY	0
202467	QHR HRG RGN GNW NWP WPP PPG PGA GAT	AKE KEG EGH GHG HGS GSD SDM DMT MTW TWR WRA RAD ADF DFD FDY	0
410	QQY QYG YGT GTS TSP SPR PRT	ARE REP EPP PPL PLF LFY FYS YSS SSW SWS WSL SLD LDN	0
1025	QQY QYY YYS YSA SAP APL PLT	VRE REG EGP GPR PRA RAT ATG TGY GYS YSM SMA MAD ADV DVF VFD FDI	0
646	QSY SYD YDR DRN RNL NLS LSG SGV	ARA RAR ARA RAT ATG TGY GYS YSS SSI SIT ITP TPY PYF YFD FDI	0
739	QQY QYS YSS SSF SFP FPT PTT	ARW RWG WGD GDE DEG EGF GFD FDI	0
46	QSS SSS SSS SSP SPY PYT	SRY RYS YSS SSY SYY YYS YSY SYY YYY YYS YSS SSS SSS SSY SYS YSY SYA YAM AMD MDY	0
28878	QQQ QQR QRI	TKR KRA RAG AGW GWG WGD GDA DAL ALD LDI	0
19790	QQY QYE YEF	TRG RGK GKY KYC YCT CTA TAR ARD RDY DYY YYN YNW NWD WDF DFE FEH	1
555	AVF VFQ FQW	ARD RDE DES ESG SGD GDD DDL DLK LKW KWH WHL HLH LHP	1
19819	QVW VWD WDS DSG SGR GRG RGH GHP HPL PLY LYV	ARA RAL ALE LEM EMG MGH GHR HRS RSG SGF GFP FPF PFD FDY	0
411	QQH QHY HYR YRT RTP TPP PPT	AKD KDS DSQ SQL QLR LRS RSL SLL LLY LYF YFE FEW EWL WLS LSQ SQG QGY GYF YFD FDP	0
535	QQS QSY SYT YTT TTP TPP PPT	ART RTW TWL WLL LLR LRW RWV WVM VMD MDL	0
562	QQF QFE FEF	VRR RRG RGS GSS SSC SCP CPH PHC HCG CGD GDF DFH FHF HFE FEH	1
19723	TSY SYH YHP HPT PTK TKT KTI TIL	ARD RDD DDD DDY DYE YEE EEW EWP WPW PWY WYY YYG YGM GMD MDV	0
416	QVW VWD WDS DSS SSS SSD SDH DHV HVI	ARG RGG GGL GLE LEP EPR PRS RSV SVD VDY DYY YYY YYY YYG YGM GMD MDV	0
19749	SSY SYA YAG AGS GSV SVV	AKD KDL DLT LTL TLM LMY MYV YVF VFD FDS DSG SGW GWA WAR ARG RGA GAH AHD HDY DYY YYG YGM GMD MDV	0
563	QQY QYE YET	ARG RGV GVR VRR RRD RDA DAS ASW SWW WWL WLQ LQF	1
300	TSW SWD WDD DDS DSL SLD LDS DSQ SQL	ARL RLE LEP EPG PGY GYS YSS SST STW TWS WSV SVN	0
1391	LHY HYG YGT GTS TSP SPM PMY MYF	IAS ASS SST STT TTG TGW GWY WYV YVR VRE RED EDF DFD FDY	0
844	QRY RYN YNR NRA RAP APY PYT	AKV KVS VSY SYL YLS LST STA TAS ASS SSL SLD LDY	0
359	QQH QHQ HQN QNV NVP VPL PLT LTT	ARD RDI DIG IGL GLK LKG KGE GEH EHY HYD YDI DIL ILT LTA TAY AYG YGP GPD PDY	1
1366	QQQ QQF QFD FDP DPP PPF PFT	ARE RER ERG RGM GMH MHY HYM YMD MDV	0
339	AAW AWD WDD DDS DSL SLN LNG NGP GPV	ARD RDW DWG WGS GSN SNY NYV YVW VWG WGS GSY SYP YPK PKY	0
1603	GTW TWD WDS DSS SSL SLN LNV NVV VVV	ARA RAV AVV VVS VSS SSD SDI DIT ITY TYT YTY TYW YWS WSK SKY KYF YFD FDY	0
19824	QQS QSY SYS YST STP TPL PLT	ARD RDR DRG RGI GIG IGA GAR ARR RRG RGP GPY PYY YYM YMD MDV	0
19721	GTF TFA FAG AGG GGS GSY SYY YYG YGV	ARG RGG GGW GWF WFD FDY	0
938	QQY QYD YDK DKL KLP LPT	VRD RDR DRD RDD DDF DFW FWS WSG SGY GYY YYK YKH	0
911	QQT QTR TRW RWT WTP TPP PPT	VKD KDQ DQT QTI TIF IFH FHK HKN KNG NGA GAV AVD VDF DFF FFS FSY SYF YFD FDL	1
8679	QSY SYD YDR DRS RSL SLS LSG SGV	ARA RAR ARA RAT ATG TGY GYN YNS NSI SIT ITP TPY PYF YFD FDI	0
352	QQY QYS YSN SNY NYP YPL PLT	ARD RDN DNP NPT PTL TLL LLG LGS GSD SDY	1
193	QVW VWD WDS DSS SSS SSD SDH DHA HAV	AKT KTR TRS RSY SYV YVV VVA VAA AAE AEY EYY YYF YFH FHY	0
355	ATW TWD WDS DSG SGL GLS LSA SAD ADW DWV	TTD TDG DGF GFI FIM IMI MIR IRG RGV GVS VSE SED EDY DYY YYY YYY YYY YYM YMD MDV	1
19848	QQY QYY YYN YNS NSP SPY PYT	ARV RVG VGR GRP RPS PSK SKG KGG GGW GWF WFD FDP	0
1225	QQY QYE YEF	ARG RGK GKY KYC YCT CTA TAS ASD SDY DYY YYN YNW NWD WDF DFE FEH	1
19734	QQY QYY YYS YST STP TPI PIT	AKD KDP DPG PGG GGD GDS DSS SSP SPA PAG AGR GRT RTW TWF WFD FDP	0
19801	CSY SYV YVG VGS GSD SDT DTW TWV	ARV RVY VYS YSY SYG YGV GVP VPF PFD FDY	0
1351	FST STD TDS DSS SSG SGQ GQT QTW TWV	ANA NAG AGG GGG GGK GKY KYD YDY DYL YLD LDV	1
1573	QQY QYY YYN YNP NPP PPW PWT	AKG KGG GGA GAA AAA AAA AAV AVM VMD MDV	0
637	QQY QYE YET	ARA RAQ AQK QKR KRG RGR GRS RSE SEW EWA WAY AYA YAH	1
1559	SSY SYT YTD TDI DIH IHN HNF NFV	ARG RGT GTR TRL RLR LRT RTL TLR LRN RNA NAF AFD FDI	1
19762	QQY QYY YYY YYG YGY GYP YPI PIT	ARY RYK YKY KYP YPY PYW YWS WSW SWY WYY YYY YYW YWG WGG GGM GMD MDY	0
19789	QQS QSY SYS YST STP TPY PYT	ARA RAT ATN TNY NYD YDS DSS SSG SGY GYY YYS YSL SLY LYF YFD FDY	0
19552	SSY SYT YTR TRR RRD RDT DTY TYV	ARE REP EPD PDY DYY YYD YDS DSS SSG SGY GYY YYP YPI PID IDA DAF AFD FDI	0
19800	HQY QYY YYS YSS SSP SPL PLT	ALL LLT LTV TVL VLT LTP TPD PDD DDA DAF AFD FDI	0
871	SSY SYA YAG AGS GSN SNN NNF NFA FAV	ARV RVS VSR SRG RGG GGS GSF SFS FSD	0
1362	QHL HLI LIG IGL GLR LRS	ARR RRS RSN SNW NWP WPY PYL YLP LPF PFD FDP	1
906	TSH SHP HPY PYA	ARE RER ERG RGR GRH RHF HFE FEP EPK PKN KNR NRD RDN DNL NLE LEG EGK GKF KFF FFD FDL	1
1357	LQH QHN HNS NSY SYP YPR PRT	ARD RDR DRD RDD DDL DLS LSP SPF PFD FDY	0
1539	QQA QAN ANS NSF SFF FFT	AAD ADP DPW PWE WEL ELN LNN NNV	1
188	QTY TYD YDP DPY PYS YSV SVV	ARD RDL DLI LIH IHG HGV GVT VTR TRN	0
19757	QQS QSQ SQW QWY WYP YPI PIT	ARS RSY SYS YST STK TKL KLA LAM AMD MDY	0
189	CSY SYA YAG AGS GSS SST STE TEV EVV	ARG RGP GPK PKE KEQ EQV QVV VVR VRW RWF WFD FDP	0
28871	MQS QSI SIQ IQL QLV LVT	TRG RGI GII IIV IVG VGD GDT DTW TWH WHF HFD FDP	0
201196	QQL QLD LDS DSY SYP YPP PPG PGT	ARD RDL DLG LGT GTG TGL GLF LFD FDY	0
19630	QQS QSH SHS HSP SPP PPV PVT	ARE REQ EQR QRN RNK NKD KDY DYR YRY RYG YGQ GQE QEG EGF GFG FGY GYS YSY SYG YGM GMD MDV	1
895	QQA QAN ANN NNF NFP FPL PLT	ARS RSR SRG RGN GNH NHY HYY YYY YYG YGM GMD MDV	0
19635	QEN ENY NYN YNT NTI TIP IPS PSL SLS	TMD MDE DEG EGT GTP TPV PVT VTR TRF RFL FLE LEW EWG WGY GYF YFY FYY YYY YYM YMA MAV	1
1298	QVW VWD WDS DSS SSS SSD SDY DYV	ARD RDT DTV TVM VMG MGG GGM GMD MDV	0
1373	QQS QSN SNN NNV NVP VPH PHT	ARD RDK DKK KKQ KQG QGE GEV EVV VVL VLP LPA PAA AAS ASF SFR FRW RWF WFA FAP	0
1219	QQH QHD HDS DSS SSP SPY PYT	ASP SPY PYP YPN PND NDY DYN YND NDY DYA YAP APE PEE EEG EGM GMS MSW SWY WYF YFD FDL	1
19683	QSY SYD YDS DSS SSL SLS LSG SGA GAL	ARH RHR HRR RRV RVL VLL LLW LWF WFG FGE GEF EFQ FQL	0
19557	QQY QYG YGQ GQS QSL SLS LST	ARE REG EGT GTT TTP TPP PPG PGW GWG WGW GWL WLG LGK GKP KPI PIG IGA GAF AFA FAH	1
169	CSY SYT YTT TTI TIN INT NTW TWV	ARG RGR GRR RRD RDV DVR VRG RGV GVL VLW LWR WRG RGR GRH RHD HDY DYF YFD FDF	0
202269	QQR QRT RTN TNW NWG	ASS SSK SKQ KQQ QQV QVS VSG SGG GGF GFY FYW YWY WYF YFD FDL	0
36466	QQY QYD YDT DTD TDS DSG SGW GWT	AKE KEG EGS GSP SPL PLS LSD SDV DVL VLL LLV LVA VAA AAP APF PFG FGW GWF WFD FDP	0
202270	QQR QRL RLN LNW NWP WPP PPL PLT	AKV KVL VLS LSP SPG PGG GGS GSN SNM NMV MVW VWD WDY	0
526	SSR SRD RDK DKS KSG SGS GSR SRL RLS LSV	ART RTG TGK GKY KYY YYD YDF DFW FWS WSG SGY GYP YPP PPG PGE GEE EEY EYF YFQ FQD	1
19760	QQS QSP SPQ PQG QGY GYL YLV LVT	ARE REY EYH YHS HSY SYV YVY VYE YEP EPP PPL PLY LYG YGM GMD MDY	0
1553	KSL SLT LTS TST STR TRR RRR RRV	VRE REA EAG AGG GGP GPD PDY DYR YRN RNG NGY GYN YNY NYY YYD YDF DFY FYD YDG DGY GYY YYN YNY NYH YHY HYM YMD MDV	1
205	QQS QSY SYT YTT TTP TPP PPT	ARS RSA SAR ARF RFS FSF SFD FDY	0
354	QVY VYG YGA GAS ASS SSY SYT	ARV RVG VGP GPY PYS YSW SWD WDD DDS DSP SPQ PQD QDN DNY NYY YYM YMD MDV	1
28883	QQY QYN YNS NSY SYW YWT	ARV RVR VRD RDS DSS SSD SDY DYY YYG YGD GDA DAF AFD FDI	0
546	QQY QYN YNN NNW NWP WPP PPW PWT	ARV RVG VGG GGE GEW EWG WGS GSG SGR GRY RYY YYL YLD LDH	0
28881	QQY QYG YGN GNS NSR SRR RRV RVT	ARG RGW GWG WGR GRE REQ EQL QLA LAP APH PHP HPS PSQ SQY QYY YYY YYY YYY YYY YYG YGM GMD MDV	0
810	QQY QYE YEF	TRG RGK GKY KYC YCT CTA TAR ARD RDY DYY YYN YNW NWD WDF DFE FEH	1
28877	QAW AWD WDS DSG SGI GIW IWV	AIW IWY WYL YLD LDS DSP SPD PDH DHG HGF GFD FDI	0
1026	TVW VWD WDS DSV SVP VPG PGA GAS ASV	ARD RDR DRG RGY GYY YYA YAF AFD FDI	0
36463	QQF QFG FGA GAS ASP SPP PPY PYS	AKK KKG KGW GWQ WQS QST STF TFL FLG LGM GMD MDY DYF YFY FYG YGM GMD MDV	0
325	WSF SFA FAG AGS GSY SYY YYV	AGE GEL ELL LLP LPY PYY YYG YGM GMD MDV	0
1040	QQY QYY YYS	AKI KIS ISG SGS GSY SYS YSF SFD FDY	1
1606	QCL CLE LEA	VRG RGR GRS RSC SCC CCG CGG GGR GRR RRH RHC HCN CNG NGA GAD ADC DCF CFN FNW NWD WDF DFQ FQH	1
19766	QET ETY TYS YSD SDL DLM LMY MYT	ARL RLS LSQ SQV QVS VSG SGW GWS WSP SPW PWV WVG VGP	0
9240	QQY QYG YGS GSS SSP SPS PST	ARE REG EGT GTT TTG TGW GWG WGW GWL WLG LGK GKP KPI PIG IGA GAF AFA FAY	1
889	QQY QYE YEF	VRK RKG KGP GPS PSC SCP CPH PHC HCG CGD GDF DFH FHW HWQ WQH	1
412	QQH QHY HYR YRT RTP TPP PPT	AKD KDS DSQ SQL QLR LRS RSL SLL LLY LYF YFE FEW EWL WLS LSQ SQG QGY GYF YFD FDY	0
19584	QQF QFS FSS SSY SYP YPY PYT	ARE REN ENY NYG YGS GSV SVY	0
651	QQY QYG YGS GSS SSP SPT	ARD RDL DLT LTT TTL TLT LTS TSY SYN YNW NWW WWD WDL	0
1274	QQY QYN YNN NNW NWP WPP PPR PRY RYT	AGV GVY VYE YEG EGE GEA EAD ADE DEG EGE GEY EYD YDN DNN NNG NGF GFL FLK LKH	1
26785	QHR HRT	ATD TDK DKT KTY TYV YVS VSG SGY GYT YTS TST STW TWY WYY YYF YFN FNY	0
971	QQY QYF YFS FSP SPP PPY PYT	ARG RGD GDG DGG GGL GLD LDD	0
1314	QQH QHN HNE NEY EYP YPY PYT	ARM RMG MGS GSD SDY DYD YDV DVW VWF WFD FDY	0
36465	QSS SSD SDS DSS SSG SGT GTY TYV YVV	ARH RHD HDS DSS SSG SGY GYD YDA DAF AFD FDI	0
202268	QQR QRS RSN SNW NWP WPP PPV PVT	ARD RDI DIY IYD YDV DVS VSS SSA SAY AYY YYG YGM GMD MDV	0
26783	CSY SYA YAG AGS GSV SVV	ARD RDL DLT LTL TLM LMY MYV YVH VHS HSS SSG SGW GWE WER ERG RGV GVY VYY YYY YYY YYG YGM GMD MDV	0
492	STW TWD WDD DDT DTL TLE LEG EGW GWV	ARR RRQ RQL QLL LLD LDD DDG DGT GTG TGY GYQ YQW QWA WAA AAF AFD FDV	0
179	QAW AWD WDS DSS SST STA TAV	ANN NNN NNG NGQ GQQ QQL QLV LVY VYS YSY SYM YMD MDV	0
