24985	KLGGALQAK
26537	GLCTLVAML
34475	KLGGALQAK
9820	RAKFKQLL
15303	RAKFKQLL
25750	GILGFVFTL
22358	RAKFKQLL
32359	GILGFVFTL
62	AVFDRKSDAK
36058	GLCTLVAML
5869	GILGFVFTL
5078	AVFDRKSDAK
23021	KLGGALQAK
1	GILGFVFTL
35661	KLGGALQAK
32610	GILGFVFTL
35971	KLGGALQAK
28465	KLGGALQAK
2235	ELAGIGILTV
4924	IVTDFSVIK
29776	GILGFVFTL
31435	GILGFVFTL
35891	ELAGIGILTV
31943	GILGFVFTL
39	GILGFVFTL
24846	GLCTLVAML
28823	GILGFVFTL
34941	KLGGALQAK
5522	ELAGIGILTV
15293	RAKFKQLL
2385	IVTDFSVIK
218	KLGGALQAK
6610	GILGFVFTL
5540	KLGGALQAK
25708	RAKFKQLL
14648	GLCTLVAML
24428	RAKFKQLL
7673	RAKFKQLL
4939	ELAGIGILTV
34773	KLGGALQAK
35357	KLGGALQAK
35605	KLGGALQAK
56	RAKFKQLL
34915	KLGGALQAK
34935	KLGGALQAK
35362	KLGGALQAK
23376	RAKFKQLL
6602	GILGFVFTL
35830	KLGGALQAK
24352	RAKFKQLL
31460	GILGFVFTL
7243	IVTDFSVIK
36120	KLGGALQAK
27088	RAKFKQLL
16957	RAKFKQLL
36181	KLGGALQAK
5284	KLGGALQAK
87	RAKFKQLL
16937	RAKFKQLL
38426	IVTDFSVIK
5094	GILGFVFTL
15871	RAKFKQLL
33588	GILGFVFTL
34102	ELAGIGILTV
36106	KLGGALQAK
10	ELAGIGILTV
7063	GILGFVFTL
35588	KLGGALQAK
34059	KLGGALQAK
33554	GILGFVFTL
34394	KLGGALQAK
35083	KLGGALQAK
36824	IVTDFSVIK
32385	GILGFVFTL
23214	KLGGALQAK
644	KLGGALQAK
5527	ELAGIGILTV
15407	RAKFKQLL
35795	KLGGALQAK
32413	RAKFKQLL
3038	IVTDFSVIK
23025	KLGGALQAK
182	KLGGALQAK
35881	KLGGALQAK
31932	GILGFVFTL
12586	RAKFKQLL
23245	RAKFKQLL
5176	AVFDRKSDAK
38419	ELAGIGILTV
27094	KLGGALQAK
5189	KLGGALQAK
34051	KLGGALQAK
35367	KLGGALQAK
15307	KLGGALQAK
33841	GILGFVFTL
5279	RAKFKQLL
282	KLGGALQAK
32416	GILGFVFTL
38423	KLGGALQAK
33840	GILGFVFTL
1699	AVFDRKSDAK
34918	KLGGALQAK
35667	KLGGALQAK
29939	GILGFVFTL
18062	KLGGALQAK
25806	RAKFKQLL
5592	GILGFVFTL
118	AVFDRKSDAK
24353	RAKFKQLL
36233	IVTDFSVIK
31651	GILGFVFTL
32341	GILGFVFTL
35190	KLGGALQAK
25090	GLCTLVAML
23224	KLGGALQAK
6305	GILGFVFTL
31373	GILGFVFTL
5149	RAKFKQLL
34865	KLGGALQAK
30095	GILGFVFTL
36195	KLGGALQAK
7078	KLGGALQAK
35458	KLGGALQAK
35308	KLGGALQAK
25264	RAKFKQLL
6686	GILGFVFTL
34907	KLGGALQAK
7318	GILGFVFTL
28822	GLCTLVAML
25100	KLGGALQAK
35397	KLGGALQAK
25382	GLCTLVAML
17865	KLGGALQAK
34611	KLGGALQAK
20783	RAKFKQLL
28415	KLGGALQAK
34261	KLGGALQAK
30984	GILGFVFTL
35337	KLGGALQAK
6335	GILGFVFTL
24364	RAKFKQLL
36263	IVTDFSVIK
23843	KLGGALQAK
34374	KLGGALQAK
36330	KLGGALQAK
2397	KLGGALQAK
34709	KLGGALQAK
34987	KLGGALQAK
3835	IVTDFSVIK
36208	KLGGALQAK
35962	KLGGALQAK
35065	KLGGALQAK
277	IVTDFSVIK
7973	RAKFKQLL
34884	KLGGALQAK
74	RAKFKQLL
26494	KLGGALQAK
22999	RAKFKQLL
34683	KLGGALQAK
3101	IVTDFSVIK
34362	KLGGALQAK
34677	KLGGALQAK
35323	KLGGALQAK
29963	KLGGALQAK
23905	RAKFKQLL
30406	GILGFVFTL
34880	KLGGALQAK
24682	KLGGALQAK
35302	KLGGALQAK
33502	GILGFVFTL
25273	RAKFKQLL
31002	GILGFVFTL
6949	GILGFVFTL
34817	KLGGALQAK
29924	GILGFVFTL
18104	KLGGALQAK
25070	KLGGALQAK
25223	GLCTLVAML
29020	GILGFVFTL
3646	IVTDFSVIK
36081	IVTDFSVIK
34173	KLGGALQAK
34397	KLGGALQAK
254	KLGGALQAK
16175	RAKFKQLL
35170	KLGGALQAK
35878	KLGGALQAK
34942	KLGGALQAK
24504	RAKFKQLL
33823	GILGFVFTL
34807	KLGGALQAK
5118	KLGGALQAK
15997	RAKFKQLL
18070	RAKFKQLL
14148	RAKFKQLL
5431	KLGGALQAK
6364	GILGFVFTL
35326	KLGGALQAK
34606	KLGGALQAK
35285	KLGGALQAK
9	ELAGIGILTV
35787	KLGGALQAK
35784	KLGGALQAK
7168	GILGFVFTL
24360	RAKFKQLL
32363	GILGFVFTL
36080	AVFDRKSDAK
18063	RAKFKQLL
2438	IVTDFSVIK
221	KLGGALQAK
15332	KLGGALQAK
35513	KLGGALQAK
35965	KLGGALQAK
23009	RAKFKQLL
3880	IVTDFSVIK
29649	GILGFVFTL
34936	KLGGALQAK
28883	RAKFKQLL
8972	RAKFKQLL
239	KLGGALQAK
34426	AVFDRKSDAK
3358	IVTDFSVIK
33230	GILGFVFTL
34108	KLGGALQAK
27843	RAKFKQLL
2555	IVTDFSVIK
5774	GILGFVFTL
28862	KLGGALQAK
5539	ELAGIGILTV
34519	KLGGALQAK
23230	RAKFKQLL
2231	KLGGALQAK
34774	KLGGALQAK
6669	KLGGALQAK
25011	IVTDFSVIK
35101	KLGGALQAK
7239	ELAGIGILTV
526	IVTDFSVIK
2453	IVTDFSVIK
34654	KLGGALQAK
5391	KLGGALQAK
7061	GILGFVFTL
33852	GILGFVFTL
29932	GILGFVFTL
33996	KLGGALQAK
2241	ELAGIGILTV
26483	KLGGALQAK
5458	KLGGALQAK
5047	KLGGALQAK
30436	GILGFVFTL
21422	RAKFKQLL
33535	GILGFVFTL
138	GILGFVFTL
2574	KLGGALQAK
35957	KLGGALQAK
12887	RAKFKQLL
35555	KLGGALQAK
35256	KLGGALQAK
5703	GILGFVFTL
2471	AVFDRKSDAK
7672	RAKFKQLL
35153	KLGGALQAK
36200	KLGGALQAK
4976	RAKFKQLL
7062	GILGFVFTL
6664	GILGFVFTL
7071	GILGFVFTL
26690	RAKFKQLL
34223	KLGGALQAK
35781	KLGGALQAK
24963	GLCTLVAML
35019	KLGGALQAK
597	GILGFVFTL
17047	RAKFKQLL
36309	IVTDFSVIK
6674	GILGFVFTL
6366	GILGFVFTL
34945	KLGGALQAK
34814	KLGGALQAK
34231	KLGGALQAK
35121	KLGGALQAK
34395	KLGGALQAK
642	IVTDFSVIK
6328	GILGFVFTL
35247	KLGGALQAK
14955	RAKFKQLL
27082	RAKFKQLL
7262	RAKFKQLL
17882	GILGFVFTL
5275	RAKFKQLL
34954	KLGGALQAK
31371	GILGFVFTL
6939	GILGFVFTL
27062	KLGGALQAK
15988	RAKFKQLL
6604	KLGGALQAK
35	GILGFVFTL
11294	RAKFKQLL
31624	GILGFVFTL
2400	KLGGALQAK
28602	KLGGALQAK
26495	GLCTLVAML
36025	KLGGALQAK
25698	KLGGALQAK
28830	KLGGALQAK
34106	KLGGALQAK
34474	KLGGALQAK
34950	KLGGALQAK
26260	KLGGALQAK
15794	RAKFKQLL
5403	ELAGIGILTV
29955	GILGFVFTL
35142	AVFDRKSDAK
33178	GILGFVFTL
35659	KLGGALQAK
34756	KLGGALQAK
33993	KLGGALQAK
5377	ELAGIGILTV
10417	RAKFKQLL
7330	KLGGALQAK
31493	GILGFVFTL
34702	KLGGALQAK
24242	RAKFKQLL
5054	KLGGALQAK
25800	KLGGALQAK
23204	KLGGALQAK
34088	KLGGALQAK
41	AVFDRKSDAK
5242	KLGGALQAK
29944	GILGFVFTL
630	GILGFVFTL
85	KLGGALQAK
4944	KLGGALQAK
33946	KLGGALQAK
35144	KLGGALQAK
36122	KLGGALQAK
35123	KLGGALQAK
2525	AVFDRKSDAK
14633	KLGGALQAK
658	AVFDRKSDAK
811	AVFDRKSDAK
34575	ELAGIGILTV
34304	KLGGALQAK
26615	RAKFKQLL
5949	GILGFVFTL
28419	KLGGALQAK
145	RAKFKQLL
17888	KLGGALQAK
35160	KLGGALQAK
30611	GILGFVFTL
34165	KLGGALQAK
15996	KLGGALQAK
15990	KLGGALQAK
35400	KLGGALQAK
23831	KLGGALQAK
35707	KLGGALQAK
209	RAKFKQLL
34432	KLGGALQAK
7264	AVFDRKSDAK
2284	KLGGALQAK
5226	RAKFKQLL
35141	KLGGALQAK
35135	IVTDFSVIK
21046	RAKFKQLL
34855	KLGGALQAK
7322	GILGFVFTL
16148	RAKFKQLL
34339	KLGGALQAK
35711	KLGGALQAK
194	KLGGALQAK
35802	KLGGALQAK
2266	ELAGIGILTV
35427	KLGGALQAK
5081	KLGGALQAK
34674	KLGGALQAK
532	IVTDFSVIK
38404	IVTDFSVIK
36310	ELAGIGILTV
33611	GILGFVFTL
17998	KLGGALQAK
34471	KLGGALQAK
16007	ELAGIGILTV
36182	AVFDRKSDAK
35138	KLGGALQAK
35002	KLGGALQAK
30402	GILGFVFTL
35193	KLGGALQAK
34408	KLGGALQAK
35113	KLGGALQAK
31633	GILGFVFTL
14060	RAKFKQLL
215	GILGFVFTL
13930	KLGGALQAK
639	GILGFVFTL
16941	GILGFVFTL
5072	KLGGALQAK
26559	RAKFKQLL
21712	RAKFKQLL
35592	KLGGALQAK
34770	KLGGALQAK
28730	KLGGALQAK
35801	KLGGALQAK
34360	KLGGALQAK
26554	RAKFKQLL
35916	KLGGALQAK
33890	GILGFVFTL
36154	KLGGALQAK
5677	GILGFVFTL
35158	KLGGALQAK
27923	RAKFKQLL
36079	AVFDRKSDAK
35877	KLGGALQAK
35291	KLGGALQAK
34747	KLGGALQAK
34112	KLGGALQAK
2390	GILGFVFTL
17877	RAKFKQLL
5602	GILGFVFTL
35915	KLGGALQAK
14624	RAKFKQLL
31653	GILGFVFTL
25798	RAKFKQLL
34319	KLGGALQAK
22084	RAKFKQLL
34688	KLGGALQAK
31367	GILGFVFTL
34568	KLGGALQAK
23826	KLGGALQAK
18003	KLGGALQAK
35349	KLGGALQAK
34483	KLGGALQAK
284	KLGGALQAK
32396	GILGFVFTL
5646	GILGFVFTL
33991	KLGGALQAK
35565	KLGGALQAK
5155	KLGGALQAK
15296	ELAGIGILTV
36007	KLGGALQAK
29953	GILGFVFTL
5270	KLGGALQAK
35946	KLGGALQAK
28973	GILGFVFTL
5053	KLGGALQAK
2445	RAKFKQLL
22312	AVFDRKSDAK
29650	GILGFVFTL
5121	GILGFVFTL
28615	GLCTLVAML
35819	KLGGALQAK
34141	KLGGALQAK
34388	KLGGALQAK
34267	KLGGALQAK
584	IVTDFSVIK
28829	KLGGALQAK
33847	GILGFVFTL
5190	GILGFVFTL
33953	KLGGALQAK
35292	KLGGALQAK
22326	RAKFKQLL
5439	KLGGALQAK
11985	RAKFKQLL
35240	KLGGALQAK
202	GILGFVFTL
24588	RAKFKQLL
34075	KLGGALQAK
283	KLGGALQAK
35464	KLGGALQAK
34710	KLGGALQAK
2407	KLGGALQAK
34530	KLGGALQAK
35913	KLGGALQAK
6351	GILGFVFTL
36214	KLGGALQAK
35557	KLGGALQAK
30425	GILGFVFTL
2309	KLGGALQAK
2534	IVTDFSVIK
23010	KLGGALQAK
34684	KLGGALQAK
28866	KLGGALQAK
24849	GLCTLVAML
34738	KLGGALQAK
7254	KLGGALQAK
34220	KLGGALQAK
25887	KLGGALQAK
25277	RAKFKQLL
671	KLGGALQAK
25920	GILGFVFTL
6959	ELAGIGILTV
35480	AVFDRKSDAK
23177	RAKFKQLL
274	KLGGALQAK
22089	RAKFKQLL
35597	KLGGALQAK
5593	GILGFVFTL
30156	GILGFVFTL
36174	KLGGALQAK
24803	GILGFVFTL
23	KLGGALQAK
28360	KLGGALQAK
34493	KLGGALQAK
35966	KLGGALQAK
34612	KLGGALQAK
33	GILGFVFTL
31928	GILGFVFTL
26146	KLGGALQAK
24686	KLGGALQAK
2132	AVFDRKSDAK
2237	ELAGIGILTV
5437	ELAGIGILTV
13821	RAKFKQLL
35016	KLGGALQAK
23013	KLGGALQAK
14679	KLGGALQAK
33963	KLGGALQAK
33499	GILGFVFTL
5179	KLGGALQAK
35229	KLGGALQAK
36212	IVTDFSVIK
2578	IVTDFSVIK
15299	ELAGIGILTV
2716	IVTDFSVIK
5444	KLGGALQAK
34511	KLGGALQAK
5451	RAKFKQLL
35324	KLGGALQAK
34843	KLGGALQAK
35146	KLGGALQAK
5488	KLGGALQAK
28878	KLGGALQAK
25731	GILGFVFTL
35035	KLGGALQAK
34328	KLGGALQAK
25455	KLGGALQAK
33590	GILGFVFTL
133	GILGFVFTL
24998	RAKFKQLL
34076	KLGGALQAK
34022	KLGGALQAK
36133	IVTDFSVIK
35173	KLGGALQAK
72	AVFDRKSDAK
34162	KLGGALQAK
26395	GLCTLVAML
18093	RAKFKQLL
34726	KLGGALQAK
24088	RAKFKQLL
5655	GILGFVFTL
30423	GILGFVFTL
25072	KLGGALQAK
34837	KLGGALQAK
36196	KLGGALQAK
13977	RAKFKQLL
34139	KLGGALQAK
34552	KLGGALQAK
55	IVTDFSVIK
34163	KLGGALQAK
36281	KLGGALQAK
34983	KLGGALQAK
34624	KLGGALQAK
34571	KLGGALQAK
34647	AVFDRKSDAK
22989	KLGGALQAK
33923	KLGGALQAK
64	KLGGALQAK
28955	KLGGALQAK
26136	KLGGALQAK
33473	GILGFVFTL
35857	KLGGALQAK
24716	RAKFKQLL
32349	GILGFVFTL
34964	KLGGALQAK
35209	KLGGALQAK
33591	GILGFVFTL
23820	RAKFKQLL
15317	KLGGALQAK
31652	GILGFVFTL
5131	IVTDFSVIK
18210	RAKFKQLL
30422	GILGFVFTL
34017	KLGGALQAK
34649	KLGGALQAK
34158	KLGGALQAK
35942	KLGGALQAK
2861	IVTDFSVIK
35601	KLGGALQAK
28880	GILGFVFTL
7675	RAKFKQLL
472	IVTDFSVIK
107	KLGGALQAK
31850	GILGFVFTL
27953	GLCTLVAML
5436	ELAGIGILTV
36243	KLGGALQAK
33868	GILGFVFTL
19422	RAKFKQLL
34265	KLGGALQAK
34599	KLGGALQAK
24698	RAKFKQLL
34697	KLGGALQAK
15571	KLGGALQAK
2267	RAKFKQLL
119	ELAGIGILTV
34873	KLGGALQAK
34193	KLGGALQAK
34577	KLGGALQAK
2252	RAKFKQLL
20130	RAKFKQLL
35809	KLGGALQAK
15827	RAKFKQLL
7170	GILGFVFTL
14166	RAKFKQLL
35620	KLGGALQAK
5319	AVFDRKSDAK
36256	KLGGALQAK
34236	KLGGALQAK
35462	KLGGALQAK
34036	KLGGALQAK
6259	GILGFVFTL
34567	KLGGALQAK
34337	KLGGALQAK
29698	GILGFVFTL
35119	KLGGALQAK
2348	GILGFVFTL
5503	KLGGALQAK
29957	GILGFVFTL
5278	GILGFVFTL
33986	KLGGALQAK
36066	KLGGALQAK
35032	KLGGALQAK
5636	GILGFVFTL
36000	KLGGALQAK
25722	GILGFVFTL
24712	KLGGALQAK
2292	KLGGALQAK
33599	RAKFKQLL
214	KLGGALQAK
35359	KLGGALQAK
5164	IVTDFSVIK
7164	GILGFVFTL
33846	GILGFVFTL
35872	KLGGALQAK
31677	GILGFVFTL
35810	KLGGALQAK
34239	KLGGALQAK
35932	KLGGALQAK
2520	KLGGALQAK
2254	RAKFKQLL
35836	KLGGALQAK
7356	RAKFKQLL
34562	KLGGALQAK
15756	RAKFKQLL
8429	RAKFKQLL
29938	GILGFVFTL
15582	RAKFKQLL
16430	RAKFKQLL
25399	KLGGALQAK
34811	KLGGALQAK
25995	GILGFVFTL
14640	KLGGALQAK
35844	KLGGALQAK
33862	GILGFVFTL
35990	KLGGALQAK
34464	KLGGALQAK
36063	IVTDFSVIK
204	ELAGIGILTV
35274	KLGGALQAK
6771	GILGFVFTL
6306	GILGFVFTL
35026	KLGGALQAK
33537	GILGFVFTL
7328	KLGGALQAK
36284	IVTDFSVIK
2277	ELAGIGILTV
2230	KLGGALQAK
29936	GILGFVFTL
28365	KLGGALQAK
2290	KLGGALQAK
2452	KLGGALQAK
35145	KLGGALQAK
26514	RAKFKQLL
14255	KLGGALQAK
23012	KLGGALQAK
34124	KLGGALQAK
30087	KLGGALQAK
28584	AVFDRKSDAK
34156	KLGGALQAK
5219	KLGGALQAK
33534	GILGFVFTL
5217	KLGGALQAK
27726	RAKFKQLL
35708	KLGGALQAK
34939	KLGGALQAK
34594	KLGGALQAK
7882	RAKFKQLL
15361	RAKFKQLL
2618	IVTDFSVIK
23002	KLGGALQAK
31290	GILGFVFTL
7158	GILGFVFTL
30429	GILGFVFTL
6544	ELAGIGILTV
34626	KLGGALQAK
11196	RAKFKQLL
7060	GILGFVFTL
99	KLGGALQAK
24041	RAKFKQLL
35805	KLGGALQAK
34602	KLGGALQAK
2296	KLGGALQAK
32631	GILGFVFTL
15190	GILGFVFTL
15308	GILGFVFTL
15215	RAKFKQLL
5660	GILGFVFTL
5486	KLGGALQAK
31442	GILGFVFTL
591	ELAGIGILTV
34541	KLGGALQAK
2468	KLGGALQAK
6253	AVFDRKSDAK
24591	RAKFKQLL
13823	RAKFKQLL
2403	KLGGALQAK
5247	ELAGIGILTV
34456	KLGGALQAK
35010	KLGGALQAK
21072	RAKFKQLL
27085	RAKFKQLL
36221	ELAGIGILTV
5524	KLGGALQAK
29959	GILGFVFTL
14897	RAKFKQLL
34447	KLGGALQAK
26498	KLGGALQAK
5116	IVTDFSVIK
24636	KLGGALQAK
35958	KLGGALQAK
181	ELAGIGILTV
36024	KLGGALQAK
2413	IVTDFSVIK
26470	KLGGALQAK
26257	KLGGALQAK
25441	RAKFKQLL
5534	KLGGALQAK
32999	GILGFVFTL
34972	KLGGALQAK
34509	KLGGALQAK
34164	KLGGALQAK
34058	KLGGALQAK
36294	KLGGALQAK
23138	RAKFKQLL
35294	KLGGALQAK
34233	KLGGALQAK
2278	GILGFVFTL
28612	KLGGALQAK
6248	GILGFVFTL
5960	GILGFVFTL
28305	KLGGALQAK
28867	GILGFVFTL
28168	RAKFKQLL
241	KLGGALQAK
33368	GILGFVFTL
34780	KLGGALQAK
6556	GILGFVFTL
32635	GILGFVFTL
32040	GILGFVFTL
7075	GILGFVFTL
34152	KLGGALQAK
5177	KLGGALQAK
18042	AVFDRKSDAK
28841	RAKFKQLL
6748	GILGFVFTL
35665	KLGGALQAK
25450	RAKFKQLL
33474	GILGFVFTL
581	GILGFVFTL
35920	KLGGALQAK
5055	KLGGALQAK
26239	KLGGALQAK
35328	KLGGALQAK
35977	KLGGALQAK
34246	KLGGALQAK
28958	KLGGALQAK
35515	KLGGALQAK
35704	KLGGALQAK
26523	KLGGALQAK
28449	KLGGALQAK
6626	GILGFVFTL
25812	RAKFKQLL
273	RAKFKQLL
34516	AVFDRKSDAK
2316	KLGGALQAK
35096	KLGGALQAK
18100	RAKFKQLL
23232	KLGGALQAK
34358	KLGGALQAK
22365	RAKFKQLL
14330	RAKFKQLL
5061	KLGGALQAK
636	KLGGALQAK
382	IVTDFSVIK
35798	KLGGALQAK
36078	IVTDFSVIK
28717	GILGFVFTL
3316	IVTDFSVIK
8103	RAKFKQLL
2387	KLGGALQAK
3780	IVTDFSVIK
35484	KLGGALQAK
28376	KLGGALQAK
81	ELAGIGILTV
35009	KLGGALQAK
34289	KLGGALQAK
2303	IVTDFSVIK
5594	GILGFVFTL
36209	KLGGALQAK
18110	RAKFKQLL
243	GILGFVFTL
34101	KLGGALQAK
8102	RAKFKQLL
26550	RAKFKQLL
35283	KLGGALQAK
35960	KLGGALQAK
35455	KLGGALQAK
7377	GILGFVFTL
35442	KLGGALQAK
35861	KLGGALQAK
34188	KLGGALQAK
34904	KLGGALQAK
22342	RAKFKQLL
34650	KLGGALQAK
34495	KLGGALQAK
5496	ELAGIGILTV
36060	KLGGALQAK
11759	RAKFKQLL
34138	KLGGALQAK
31357	GILGFVFTL
6551	GILGFVFTL
36095	IVTDFSVIK
34695	KLGGALQAK
36199	IVTDFSVIK
35759	KLGGALQAK
36138	KLGGALQAK
15334	KLGGALQAK
34651	KLGGALQAK
23822	RAKFKQLL
4933	ELAGIGILTV
17867	KLGGALQAK
5653	GILGFVFTL
25404	RAKFKQLL
5418	ELAGIGILTV
5453	KLGGALQAK
5122	KLGGALQAK
14628	KLGGALQAK
34354	KLGGALQAK
27730	RAKFKQLL
26240	KLGGALQAK
19413	RAKFKQLL
26038	KLGGALQAK
35986	KLGGALQAK
18073	AVFDRKSDAK
14979	RAKFKQLL
35341	KLGGALQAK
2285	KLGGALQAK
34922	KLGGALQAK
2465	KLGGALQAK
34822	KLGGALQAK
30982	GILGFVFTL
34244	KLGGALQAK
20062	RAKFKQLL
34657	KLGGALQAK
15383	RAKFKQLL
14849	RAKFKQLL
23478	RAKFKQLL
13801	RAKFKQLL
18064	GLCTLVAML
2587	IVTDFSVIK
34734	KLGGALQAK
2304	KLGGALQAK
36231	KLGGALQAK
36253	KLGGALQAK
31857	GILGFVFTL
34515	KLGGALQAK
213	KLGGALQAK
5407	KLGGALQAK
35024	KLGGALQAK
34526	KLGGALQAK
34072	KLGGALQAK
29	KLGGALQAK
28307	RAKFKQLL
15318	RAKFKQLL
34280	KLGGALQAK
29951	GILGFVFTL
34053	KLGGALQAK
14336	RAKFKQLL
869	AVFDRKSDAK
15467	RAKFKQLL
14528	RAKFKQLL
25925	RAKFKQLL
25730	RAKFKQLL
5513	KLGGALQAK
35210	KLGGALQAK
5473	KLGGALQAK
35898	KLGGALQAK
26190	GLCTLVAML
2293	KLGGALQAK
269	GILGFVFTL
36067	KLGGALQAK
26519	GLCTLVAML
17956	KLGGALQAK
34007	KLGGALQAK
26065	GILGFVFTL
33988	KLGGALQAK
2422	KLGGALQAK
14251	RAKFKQLL
655	KLGGALQAK
5040	KLGGALQAK
7255	KLGGALQAK
35098	KLGGALQAK
34311	KLGGALQAK
34812	KLGGALQAK
31901	RAKFKQLL
2329	KLGGALQAK
35647	KLGGALQAK
25723	IVTDFSVIK
36098	IVTDFSVIK
23839	RAKFKQLL
14193	RAKFKQLL
35053	KLGGALQAK
34137	KLGGALQAK
2281	GILGFVFTL
33589	GILGFVFTL
15702	RAKFKQLL
15382	RAKFKQLL
25717	RAKFKQLL
7080	GILGFVFTL
36152	KLGGALQAK
23804	RAKFKQLL
14	KLGGALQAK
2268	KLGGALQAK
34783	KLGGALQAK
34281	KLGGALQAK
35236	KLGGALQAK
18246	RAKFKQLL
170	ELAGIGILTV
5543	ELAGIGILTV
35363	KLGGALQAK
34455	ELAGIGILTV
35593	KLGGALQAK
26059	KLGGALQAK
34804	KLGGALQAK
35181	KLGGALQAK
26022	GILGFVFTL
35456	KLGGALQAK
35719	KLGGALQAK
5415	IVTDFSVIK
5775	GILGFVFTL
35691	KLGGALQAK
23890	KLGGALQAK
21756	RAKFKQLL
5041	KLGGALQAK
28417	KLGGALQAK
29929	GILGFVFTL
5984	GILGFVFTL
28370	KLGGALQAK
24341	KLGGALQAK
35657	KLGGALQAK
5125	ELAGIGILTV
32181	GILGFVFTL
28577	KLGGALQAK
23964	RAKFKQLL
33538	GILGFVFTL
280	KLGGALQAK
35950	KLGGALQAK
29910	GILGFVFTL
31679	GILGFVFTL
2931	IVTDFSVIK
24695	KLGGALQAK
34473	KLGGALQAK
34183	KLGGALQAK
35184	KLGGALQAK
7979	RAKFKQLL
28604	KLGGALQAK
5386	KLGGALQAK
4980	GILGFVFTL
285	IVTDFSVIK
35590	KLGGALQAK
33827	GILGFVFTL
26259	KLGGALQAK
33851	GILGFVFTL
5032	KLGGALQAK
34875	KLGGALQAK
35090	KLGGALQAK
34986	KLGGALQAK
35060	KLGGALQAK
5515	ELAGIGILTV
25696	RAKFKQLL
35553	KLGGALQAK
25008	IVTDFSVIK
34010	KLGGALQAK
34492	KLGGALQAK
36092	KLGGALQAK
18230	RAKFKQLL
35664	AVFDRKSDAK
35794	KLGGALQAK
35833	KLGGALQAK
24685	GLCTLVAML
35371	KLGGALQAK
35562	KLGGALQAK
32699	GILGFVFTL
35374	KLGGALQAK
36062	AVFDRKSDAK
7178	GILGFVFTL
31081	GILGFVFTL
35468	KLGGALQAK
34870	KLGGALQAK
36008	KLGGALQAK
16809	RAKFKQLL
30545	GILGFVFTL
35981	KLGGALQAK
35012	KLGGALQAK
35460	KLGGALQAK
5273	KLGGALQAK
2232	ELAGIGILTV
32831	GILGFVFTL
36251	KLGGALQAK
7669	RAKFKQLL
35521	KLGGALQAK
14292	RAKFKQLL
34563	KLGGALQAK
4260	IVTDFSVIK
6706	GILGFVFTL
7368	GILGFVFTL
31618	GILGFVFTL
34914	KLGGALQAK
24221	RAKFKQLL
36005	KLGGALQAK
5259	ELAGIGILTV
10031	RAKFKQLL
24347	GILGFVFTL
8379	GILGFVFTL
36089	KLGGALQAK
10574	RAKFKQLL
35624	IVTDFSVIK
35558	KLGGALQAK
35568	KLGGALQAK
23205	KLGGALQAK
36159	KLGGALQAK
26018	KLGGALQAK
677	IVTDFSVIK
32595	GILGFVFTL
35714	KLGGALQAK
121	ELAGIGILTV
34312	KLGGALQAK
27060	KLGGALQAK
122	AVFDRKSDAK
24326	RAKFKQLL
2333	ELAGIGILTV
34739	KLGGALQAK
34863	KLGGALQAK
8544	RAKFKQLL
35482	KLGGALQAK
5706	GILGFVFTL
5064	RAKFKQLL
34269	KLGGALQAK
35479	KLGGALQAK
67	GILGFVFTL
12304	RAKFKQLL
24790	KLGGALQAK
15311	KLGGALQAK
34864	KLGGALQAK
5942	GILGFVFTL
20673	RAKFKQLL
2556	AVFDRKSDAK
26039	KLGGALQAK
36103	IVTDFSVIK
5223	GILGFVFTL
25697	KLGGALQAK
34213	KLGGALQAK
6227	GILGFVFTL
5056	KLGGALQAK
15573	RAKFKQLL
34050	KLGGALQAK
36139	KLGGALQAK
14630	RAKFKQLL
13986	RAKFKQLL
117	IVTDFSVIK
30395	GILGFVFTL
34459	KLGGALQAK
34758	KLGGALQAK
35108	KLGGALQAK
7693	KLGGALQAK
28951	GILGFVFTL
28364	IVTDFSVIK
35143	KLGGALQAK
49	GILGFVFTL
351	IVTDFSVIK
25079	KLGGALQAK
11437	RAKFKQLL
34957	KLGGALQAK
26017	GILGFVFTL
24354	RAKFKQLL
35386	KLGGALQAK
661	ELAGIGILTV
26471	GILGFVFTL
35970	KLGGALQAK
25085	RAKFKQLL
34768	KLGGALQAK
34445	KLGGALQAK
18695	RAKFKQLL
36021	KLGGALQAK
34715	KLGGALQAK
2376	ELAGIGILTV
6252	GILGFVFTL
377	KLGGALQAK
34037	KLGGALQAK
34867	KLGGALQAK
31658	GILGFVFTL
17046	RAKFKQLL
258	KLGGALQAK
34048	KLGGALQAK
34596	KLGGALQAK
35444	KLGGALQAK
34725	KLGGALQAK
7691	RAKFKQLL
36091	IVTDFSVIK
15046	RAKFKQLL
30540	GILGFVFTL
5127	KLGGALQAK
35318	KLGGALQAK
24123	RAKFKQLL
24303	GILGFVFTL
376	KLGGALQAK
35598	KLGGALQAK
34396	KLGGALQAK
2519	KLGGALQAK
34869	KLGGALQAK
35876	KLGGALQAK
35321	KLGGALQAK
34301	KLGGALQAK
25	GILGFVFTL
25813	RAKFKQLL
2379	KLGGALQAK
22988	KLGGALQAK
26555	RAKFKQLL
29934	GILGFVFTL
33990	KLGGALQAK
23234	KLGGALQAK
34453	KLGGALQAK
5400	ELAGIGILTV
4164	IVTDFSVIK
7323	GILGFVFTL
28372	KLGGALQAK
5576	GILGFVFTL
18643	GILGFVFTL
640	AVFDRKSDAK
5817	GILGFVFTL
25386	KLGGALQAK
24993	KLGGALQAK
18350	RAKFKQLL
31503	IVTDFSVIK
34929	KLGGALQAK
35951	KLGGALQAK
7233	ELAGIGILTV
33929	ELAGIGILTV
5517	KLGGALQAK
95	KLGGALQAK
36128	IVTDFSVIK
24346	KLGGALQAK
34809	KLGGALQAK
7035	GILGFVFTL
13817	RAKFKQLL
28625	GLCTLVAML
36186	KLGGALQAK
14631	KLGGALQAK
25385	RAKFKQLL
35607	KLGGALQAK
11360	RAKFKQLL
23345	RAKFKQLL
2233	RAKFKQLL
34033	KLGGALQAK
23833	KLGGALQAK
7266	GLCTLVAML
36211	KLGGALQAK
25894	KLGGALQAK
30515	GILGFVFTL
34706	KLGGALQAK
33388	GILGFVFTL
35622	KLGGALQAK
34402	KLGGALQAK
596	ELAGIGILTV
2295	KLGGALQAK
34200	KLGGALQAK
12502	RAKFKQLL
36064	KLGGALQAK
31890	GILGFVFTL
1655	AVFDRKSDAK
2480	KLGGALQAK
31066	GILGFVFTL
29867	GILGFVFTL
35438	KLGGALQAK
15584	RAKFKQLL
17861	KLGGALQAK
3040	IVTDFSVIK
34579	KLGGALQAK
5255	RAKFKQLL
2775	IVTDFSVIK
34247	KLGGALQAK
28683	KLGGALQAK
129	GILGFVFTL
35982	KLGGALQAK
34717	KLGGALQAK
31551	GILGFVFTL
34920	KLGGALQAK
35213	KLGGALQAK
4929	KLGGALQAK
23853	KLGGALQAK
35847	KLGGALQAK
18	KLGGALQAK
35297	KLGGALQAK
114	KLGGALQAK
36207	IVTDFSVIK
25719	KLGGALQAK
18067	KLGGALQAK
28463	KLGGALQAK
34819	KLGGALQAK
2247	KLGGALQAK
28368	GILGFVFTL
5419	ELAGIGILTV
2580	IVTDFSVIK
35888	KLGGALQAK
16982	RAKFKQLL
35411	KLGGALQAK
30096	GILGFVFTL
26263	KLGGALQAK
6098	GILGFVFTL
34951	KLGGALQAK
6048	GILGFVFTL
29782	GILGFVFTL
28682	KLGGALQAK
35585	KLGGALQAK
19401	RAKFKQLL
34653	KLGGALQAK
26522	KLGGALQAK
26474	KLGGALQAK
36280	KLGGALQAK
10357	RAKFKQLL
35216	KLGGALQAK
6240	GILGFVFTL
35541	KLGGALQAK
33289	GILGFVFTL
29967	GILGFVFTL
34949	KLGGALQAK
23405	RAKFKQLL
5392	GILGFVFTL
28444	KLGGALQAK
22309	RAKFKQLL
17995	KLGGALQAK
5622	GILGFVFTL
31489	GILGFVFTL
13455	GILGFVFTL
23017	IVTDFSVIK
30575	GILGFVFTL
34603	KLGGALQAK
35402	KLGGALQAK
34589	KLGGALQAK
24309	KLGGALQAK
30795	GILGFVFTL
25249	GLCTLVAML
34400	KLGGALQAK
35687	KLGGALQAK
2243	ELAGIGILTV
93	KLGGALQAK
34522	KLGGALQAK
35103	ELAGIGILTV
695	KLGGALQAK
7236	AVFDRKSDAK
34127	KLGGALQAK
35743	KLGGALQAK
36017	KLGGALQAK
34229	KLGGALQAK
16980	KLGGALQAK
31892	GILGFVFTL
34645	KLGGALQAK
57	RAKFKQLL
34078	KLGGALQAK
23818	RAKFKQLL
4937	KLGGALQAK
24788	KLGGALQAK
8924	RAKFKQLL
4943	IVTDFSVIK
34009	KLGGALQAK
16943	GILGFVFTL
21942	RAKFKQLL
32526	GILGFVFTL
36074	KLGGALQAK
276	RAKFKQLL
35439	KLGGALQAK
36288	KLGGALQAK
14678	GILGFVFTL
34909	KLGGALQAK
14627	IVTDFSVIK
35734	KLGGALQAK
3582	IVTDFSVIK
35000	KLGGALQAK
34054	KLGGALQAK
35275	KLGGALQAK
34305	KLGGALQAK
22990	KLGGALQAK
34996	KLGGALQAK
5464	IVTDFSVIK
34166	KLGGALQAK
31952	GILGFVFTL
4932	KLGGALQAK
5115	RAKFKQLL
63	KLGGALQAK
35097	KLGGALQAK
24652	RAKFKQLL
35358	KLGGALQAK
26490	RAKFKQLL
5426	KLGGALQAK
5427	IVTDFSVIK
38422	KLGGALQAK
223	AVFDRKSDAK
36049	KLGGALQAK
23124	KLGGALQAK
13152	RAKFKQLL
15322	RAKFKQLL
123	RAKFKQLL
34735	KLGGALQAK
20756	RAKFKQLL
19220	RAKFKQLL
6598	GILGFVFTL
34570	KLGGALQAK
34741	KLGGALQAK
5129	ELAGIGILTV
6946	GILGFVFTL
34204	KLGGALQAK
28870	KLGGALQAK
28283	RAKFKQLL
32525	GILGFVFTL
25074	RAKFKQLL
5501	ELAGIGILTV
27097	RAKFKQLL
34840	KLGGALQAK
28863	KLGGALQAK
2402	KLGGALQAK
23888	RAKFKQLL
14318	KLGGALQAK
34169	KLGGALQAK
32368	GILGFVFTL
35949	KLGGALQAK
36293	IVTDFSVIK
35391	KLGGALQAK
35818	KLGGALQAK
9203	RAKFKQLL
28472	RAKFKQLL
33422	GILGFVFTL
17581	GILGFVFTL
21370	RAKFKQLL
14516	RAKFKQLL
18109	RAKFKQLL
112	KLGGALQAK
23375	RAKFKQLL
33490	GILGFVFTL
124	ELAGIGILTV
26032	KLGGALQAK
24496	RAKFKQLL
25391	RAKFKQLL
34547	KLGGALQAK
17966	KLGGALQAK
33995	KLGGALQAK
29908	GILGFVFTL
28735	GILGFVFTL
35865	KLGGALQAK
25905	KLGGALQAK
11336	RAKFKQLL
31745	GILGFVFTL
23001	KLGGALQAK
36179	KLGGALQAK
31942	GILGFVFTL
33903	KLGGALQAK
2244	KLGGALQAK
25298	RAKFKQLL
34690	KLGGALQAK
5804	GILGFVFTL
8437	RAKFKQLL
26548	KLGGALQAK
36123	KLGGALQAK
34174	KLGGALQAK
5091	KLGGALQAK
35985	KLGGALQAK
5959	GILGFVFTL
6262	GILGFVFTL
2454	GILGFVFTL
2790	IVTDFSVIK
34737	KLGGALQAK
35272	KLGGALQAK
35079	KLGGALQAK
35038	KLGGALQAK
69	KLGGALQAK
17868	KLGGALQAK
7662	KLGGALQAK
35189	KLGGALQAK
15277	RAKFKQLL
14320	KLGGALQAK
30410	GILGFVFTL
25105	RAKFKQLL
35169	KLGGALQAK
34679	ELAGIGILTV
36183	AVFDRKSDAK
36245	KLGGALQAK
25222	RAKFKQLL
35449	KLGGALQAK
35937	KLGGALQAK
25263	RAKFKQLL
4931	ELAGIGILTV
31663	GILGFVFTL
36991	IVTDFSVIK
7091	GILGFVFTL
15184	RAKFKQLL
34896	KLGGALQAK
26060	KLGGALQAK
34763	KLGGALQAK
36112	KLGGALQAK
36119	KLGGALQAK
35873	AVFDRKSDAK
2273	KLGGALQAK
25084	GILGFVFTL
31607	RAKFKQLL
16951	GILGFVFTL
34718	KLGGALQAK
14317	KLGGALQAK
35074	KLGGALQAK
26046	KLGGALQAK
34536	KLGGALQAK
2505	KLGGALQAK
36224	IVTDFSVIK
34333	KLGGALQAK
34458	KLGGALQAK
5551	GILGFVFTL
2455	RAKFKQLL
34527	KLGGALQAK
7370	GILGFVFTL
8106	RAKFKQLL
36326	KLGGALQAK
7227	ELAGIGILTV
704	KLGGALQAK
2498	RAKFKQLL
35701	KLGGALQAK
34295	KLGGALQAK
33392	KLGGALQAK
34748	KLGGALQAK
25796	GILGFVFTL
23119	KLGGALQAK
25397	RAKFKQLL
35104	KLGGALQAK
34425	KLGGALQAK
4950	AVFDRKSDAK
34199	KLGGALQAK
35638	KLGGALQAK
16650	RAKFKQLL
6549	KLGGALQAK
34013	KLGGALQAK
18532	RAKFKQLL
30089	GILGFVFTL
35619	AVFDRKSDAK
34823	KLGGALQAK
24381	RAKFKQLL
28704	RAKFKQLL
31882	GILGFVFTL
7329	GILGFVFTL
24349	IVTDFSVIK
35151	KLGGALQAK
13825	RAKFKQLL
33500	GILGFVFTL
34489	KLGGALQAK
19486	RAKFKQLL
35696	KLGGALQAK
586	KLGGALQAK
144	KLGGALQAK
5498	ELAGIGILTV
29940	GILGFVFTL
35717	KLGGALQAK
5188	KLGGALQAK
34179	KLGGALQAK
2419	KLGGALQAK
24693	KLGGALQAK
5026	GILGFVFTL
34610	KLGGALQAK
35902	KLGGALQAK
18492	RAKFKQLL
4956	GILGFVFTL
29830	GILGFVFTL
30412	GILGFVFTL
242	KLGGALQAK
24359	KLGGALQAK
34925	KLGGALQAK
35744	KLGGALQAK
34083	KLGGALQAK
31379	GILGFVFTL
8533	RAKFKQLL
48	RAKFKQLL
25805	GILGFVFTL
33869	GILGFVFTL
36201	KLGGALQAK
28840	GILGFVFTL
6381	GILGFVFTL
5044	KLGGALQAK
35334	KLGGALQAK
5445	KLGGALQAK
25394	GILGFVFTL
35022	KLGGALQAK
583	ELAGIGILTV
5492	KLGGALQAK
35856	KLGGALQAK
2425	IVTDFSVIK
2291	KLGGALQAK
5320	KLGGALQAK
36100	IVTDFSVIK
35058	KLGGALQAK
23851	KLGGALQAK
36118	KLGGALQAK
7064	AVFDRKSDAK
15331	KLGGALQAK
6331	GILGFVFTL
27110	RAKFKQLL
4948	KLGGALQAK
27092	KLGGALQAK
14192	RAKFKQLL
4967	KLGGALQAK
32002	GILGFVFTL
23962	RAKFKQLL
7325	GILGFVFTL
6635	GILGFVFTL
24290	GLCTLVAML
22895	RAKFKQLL
5373	KLGGALQAK
17889	KLGGALQAK
35273	KLGGALQAK
34866	KLGGALQAK
23965	RAKFKQLL
35853	KLGGALQAK
26048	GILGFVFTL
15310	KLGGALQAK
32502	GILGFVFTL
34924	KLGGALQAK
35954	KLGGALQAK
34979	KLGGALQAK
33961	RAKFKQLL
35841	GILGFVFTL
33556	GILGFVFTL
5027	GILGFVFTL
5502	KLGGALQAK
26487	GLCTLVAML
35231	KLGGALQAK
35741	KLGGALQAK
700	KLGGALQAK
35618	KLGGALQAK
25994	ELAGIGILTV
34111	AVFDRKSDAK
7084	GILGFVFTL
16932	RAKFKQLL
35654	KLGGALQAK
46	IVTDFSVIK
657	KLGGALQAK
34836	KLGGALQAK
26549	KLGGALQAK
34251	KLGGALQAK
34668	KLGGALQAK
5169	GILGFVFTL
35931	KLGGALQAK
217	KLGGALQAK
24292	KLGGALQAK
30498	GILGFVFTL
24235	RAKFKQLL
17891	GILGFVFTL
10987	RAKFKQLL
10449	RAKFKQLL
25106	RAKFKQLL
6672	GILGFVFTL
5460	IVTDFSVIK
18052	KLGGALQAK
24671	RAKFKQLL
34712	KLGGALQAK
18092	ELAGIGILTV
36087	KLGGALQAK
35261	KLGGALQAK
35594	KLGGALQAK
33844	GILGFVFTL
31970	GILGFVFTL
34681	KLGGALQAK
12507	RAKFKQLL
25274	KLGGALQAK
6892	GILGFVFTL
5156	IVTDFSVIK
34796	KLGGALQAK
25271	RAKFKQLL
2349	KLGGALQAK
36013	KLGGALQAK
13822	RAKFKQLL
35255	KLGGALQAK
35370	KLGGALQAK
40	GILGFVFTL
34532	KLGGALQAK
34120	KLGGALQAK
14270	RAKFKQLL
17179	RAKFKQLL
34593	KLGGALQAK
23846	RAKFKQLL
35969	KLGGALQAK
8178	RAKFKQLL
36140	KLGGALQAK
5495	KLGGALQAK
17002	KLGGALQAK
35662	KLGGALQAK
52	AVFDRKSDAK
2245	KLGGALQAK
23305	RAKFKQLL
23814	KLGGALQAK
30415	GILGFVFTL
26150	RAKFKQLL
34368	KLGGALQAK
15992	KLGGALQAK
34805	KLGGALQAK
18058	KLGGALQAK
34644	KLGGALQAK
31834	GILGFVFTL
34077	KLGGALQAK
4946	KLGGALQAK
5652	GILGFVFTL
3185	IVTDFSVIK
34767	KLGGALQAK
35547	KLGGALQAK
35161	KLGGALQAK
34001	KLGGALQAK
36068	IVTDFSVIK
225	AVFDRKSDAK
34839	KLGGALQAK
32362	GILGFVFTL
34028	KLGGALQAK
34062	KLGGALQAK
35871	KLGGALQAK
22327	IVTDFSVIK
7345	RAKFKQLL
2343	KLGGALQAK
24710	KLGGALQAK
5504	ELAGIGILTV
35689	KLGGALQAK
656	ELAGIGILTV
7265	GLCTLVAML
2360	ELAGIGILTV
28738	KLGGALQAK
34240	KLGGALQAK
34998	KLGGALQAK
27853	RAKFKQLL
36155	IVTDFSVIK
23238	KLGGALQAK
34806	KLGGALQAK
22993	KLGGALQAK
16659	RAKFKQLL
34232	KLGGALQAK
8622	RAKFKQLL
25699	GILGFVFTL
2561	KLGGALQAK
34148	KLGGALQAK
34746	KLGGALQAK
35450	KLGGALQAK
34205	KLGGALQAK
36325	KLGGALQAK
183	ELAGIGILTV
25292	RAKFKQLL
20507	RAKFKQLL
35015	KLGGALQAK
31383	GILGFVFTL
10378	RAKFKQLL
34955	KLGGALQAK
25916	RAKFKQLL
7694	RAKFKQLL
5222	KLGGALQAK
29702	GILGFVFTL
34762	KLGGALQAK
24463	RAKFKQLL
35860	KLGGALQAK
26135	GILGFVFTL
36223	KLGGALQAK
35174	ELAGIGILTV
34479	KLGGALQAK
34227	KLGGALQAK
25069	KLGGALQAK
7529	GILGFVFTL
28828	RAKFKQLL
35929	KLGGALQAK
32620	GILGFVFTL
24593	RAKFKQLL
2294	KLGGALQAK
260	KLGGALQAK
16936	RAKFKQLL
5162	RAKFKQLL
23370	RAKFKQLL
5229	KLGGALQAK
22348	KLGGALQAK
35817	KLGGALQAK
7041	GILGFVFTL
23889	GILGFVFTL
18000	KLGGALQAK
25908	RAKFKQLL
35343	KLGGALQAK
34486	KLGGALQAK
34021	KLGGALQAK
35027	AVFDRKSDAK
14426	RAKFKQLL
35183	KLGGALQAK
7686	RAKFKQLL
22310	RAKFKQLL
34222	KLGGALQAK
6247	GILGFVFTL
28453	KLGGALQAK
34309	KLGGALQAK
35596	KLGGALQAK
36147	KLGGALQAK
36308	KLGGALQAK
24962	GLCTLVAML
2566	KLGGALQAK
28452	KLGGALQAK
5491	KLGGALQAK
35560	AVFDRKSDAK
10554	RAKFKQLL
86	GILGFVFTL
27964	GLCTLVAML
5448	KLGGALQAK
24706	GLCTLVAML
251	KLGGALQAK
5506	GILGFVFTL
35105	KLGGALQAK
28608	RAKFKQLL
3041	IVTDFSVIK
23994	RAKFKQLL
36003	KLGGALQAK
35202	KLGGALQAK
27722	RAKFKQLL
28677	GILGFVFTL
17577	GLCTLVAML
2515	KLGGALQAK
34422	KLGGALQAK
5472	KLGGALQAK
34306	IVTDFSVIK
30381	GILGFVFTL
28476	IVTDFSVIK
13	GILGFVFTL
26517	RAKFKQLL
25919	RAKFKQLL
24509	RAKFKQLL
34558	KLGGALQAK
36213	KLGGALQAK
34002	KLGGALQAK
35796	KLGGALQAK
26138	KLGGALQAK
23123	KLGGALQAK
34093	KLGGALQAK
23162	RAKFKQLL
35978	KLGGALQAK
34897	KLGGALQAK
34181	KLGGALQAK
34276	KLGGALQAK
35353	KLGGALQAK
2347	ELAGIGILTV
34621	KLGGALQAK
33482	RAKFKQLL
35003	KLGGALQAK
2527	KLGGALQAK
678	ELAGIGILTV
15384	RAKFKQLL
2493	KLGGALQAK
34857	KLGGALQAK
102	KLGGALQAK
372	KLGGALQAK
35736	KLGGALQAK
6012	GILGFVFTL
5128	KLGGALQAK
2497	RAKFKQLL
29935	GILGFVFTL
34825	KLGGALQAK
31628	GILGFVFTL
35037	KLGGALQAK
23904	RAKFKQLL
34215	KLGGALQAK
5066	KLGGALQAK
36241	IVTDFSVIK
31903	GILGFVFTL
23817	KLGGALQAK
35679	KLGGALQAK
14621	KLGGALQAK
24709	KLGGALQAK
34538	KLGGALQAK
32769	GILGFVFTL
24975	KLGGALQAK
13227	RAKFKQLL
35159	KLGGALQAK
34851	KLGGALQAK
34266	KLGGALQAK
2337	KLGGALQAK
34381	KLGGALQAK
35882	KLGGALQAK
35072	KLGGALQAK
5606	GILGFVFTL
33818	GILGFVFTL
34317	KLGGALQAK
35627	KLGGALQAK
16981	KLGGALQAK
5260	KLGGALQAK
24638	RAKFKQLL
35149	KLGGALQAK
35564	KLGGALQAK
23093	GLCTLVAML
32601	GILGFVFTL
24282	RAKFKQLL
34012	KLGGALQAK
9154	RAKFKQLL
35342	KLGGALQAK
185	ELAGIGILTV
15312	RAKFKQLL
35350	KLGGALQAK
35266	KLGGALQAK
6089	GILGFVFTL
34730	KLGGALQAK
23208	GILGFVFTL
34573	KLGGALQAK
7699	RAKFKQLL
7442	RAKFKQLL
33899	KLGGALQAK
130	RAKFKQLL
29945	GILGFVFTL
25463	RAKFKQLL
27091	KLGGALQAK
36282	AVFDRKSDAK
35854	KLGGALQAK
33475	KLGGALQAK
5253	ELAGIGILTV
34313	KLGGALQAK
2502	ELAGIGILTV
155	ELAGIGILTV
5803	GILGFVFTL
33393	GILGFVFTL
35579	KLGGALQAK
24909	GLCTLVAML
34520	KLGGALQAK
34514	KLGGALQAK
26702	RAKFKQLL
26491	GLCTLVAML
25353	RAKFKQLL
29960	GILGFVFTL
5450	AVFDRKSDAK
34366	KLGGALQAK
27063	RAKFKQLL
34060	KLGGALQAK
17155	RAKFKQLL
27755	RAKFKQLL
6951	GILGFVFTL
14847	RAKFKQLL
34641	KLGGALQAK
36234	KLGGALQAK
25287	RAKFKQLL
14645	KLGGALQAK
24692	KLGGALQAK
14264	RAKFKQLL
25109	RAKFKQLL
35584	KLGGALQAK
5467	KLGGALQAK
30502	GILGFVFTL
31553	GILGFVFTL
5251	GILGFVFTL
22308	RAKFKQLL
17298	GLCTLVAML
6705	GILGFVFTL
5566	GILGFVFTL
28468	RAKFKQLL
26213	GLCTLVAML
35896	KLGGALQAK
38424	ELAGIGILTV
18087	KLGGALQAK
4951	KLGGALQAK
15723	GILGFVFTL
29911	GILGFVFTL
25028	GILGFVFTL
31365	GILGFVFTL
31852	GILGFVFTL
34513	KLGGALQAK
5555	GILGFVFTL
2282	RAKFKQLL
5250	RAKFKQLL
33469	KLGGALQAK
31444	GILGFVFTL
12702	RAKFKQLL
13925	GILGFVFTL
26499	KLGGALQAK
15117	RAKFKQLL
34894	KLGGALQAK
35306	KLGGALQAK
31840	GILGFVFTL
7059	GILGFVFTL
35339	KLGGALQAK
7079	KLGGALQAK
11402	RAKFKQLL
35407	KLGGALQAK
7348	RAKFKQLL
5077	KLGGALQAK
29610	GILGFVFTL
35218	KLGGALQAK
35912	KLGGALQAK
14239	RAKFKQLL
36065	IVTDFSVIK
28707	GILGFVFTL
26126	KLGGALQAK
32661	GILGFVFTL
35315	KLGGALQAK
23019	KLGGALQAK
29962	GILGFVFTL
28588	RAKFKQLL
20584	RAKFKQLL
18262	RAKFKQLL
13891	RAKFKQLL
5175	KLGGALQAK
17038	KLGGALQAK
17866	KLGGALQAK
32323	GILGFVFTL
35219	KLGGALQAK
34714	KLGGALQAK
684	AVFDRKSDAK
25270	RAKFKQLL
35731	KLGGALQAK
34808	KLGGALQAK
20662	RAKFKQLL
31276	GILGFVFTL
34708	KLGGALQAK
36215	KLGGALQAK
34906	KLGGALQAK
28362	GILGFVFTL
26520	ELAGIGILTV
35441	KLGGALQAK
8151	RAKFKQLL
15569	KLGGALQAK
33799	GILGFVFTL
34064	KLGGALQAK
35864	KLGGALQAK
34731	KLGGALQAK
2460	KLGGALQAK
35668	KLGGALQAK
36220	IVTDFSVIK
2809	IVTDFSVIK
161	KLGGALQAK
34271	KLGGALQAK
25392	RAKFKQLL
18590	RAKFKQLL
270	KLGGALQAK
34703	KLGGALQAK
35117	KLGGALQAK
2373	KLGGALQAK
34720	KLGGALQAK
16933	GILGFVFTL
34207	KLGGALQAK
31863	GILGFVFTL
25890	GILGFVFTL
7074	GILGFVFTL
6367	GILGFVFTL
2234	ELAGIGILTV
33514	GILGFVFTL
28881	RAKFKQLL
35846	KLGGALQAK
34144	KLGGALQAK
2756	IVTDFSVIK
35056	KLGGALQAK
35835	KLGGALQAK
23278	RAKFKQLL
29357	GILGFVFTL
28713	KLGGALQAK
34377	KLGGALQAK
154	KLGGALQAK
26560	RAKFKQLL
2359	ELAGIGILTV
28355	RAKFKQLL
5380	ELAGIGILTV
7256	KLGGALQAK
26504	KLGGALQAK
2236	KLGGALQAK
5465	GILGFVFTL
6792	GILGFVFTL
35979	KLGGALQAK
32523	GILGFVFTL
23103	GILGFVFTL
2274	KLGGALQAK
25409	RAKFKQLL
27291	RAKFKQLL
36131	AVFDRKSDAK
8079	RAKFKQLL
4964	GILGFVFTL
35630	KLGGALQAK
24339	KLGGALQAK
696	KLGGALQAK
7679	RAKFKQLL
36010	KLGGALQAK
33072	GILGFVFTL
25221	KLGGALQAK
34555	IVTDFSVIK
35217	KLGGALQAK
26015	KLGGALQAK
33854	GILGFVFTL
7331	GILGFVFTL
2283	KLGGALQAK
35906	KLGGALQAK
35253	KLGGALQAK
34029	KLGGALQAK
26074	GILGFVFTL
30552	GILGFVFTL
2530	KLGGALQAK
17996	GLCTLVAML
35277	KLGGALQAK
34015	KLGGALQAK
18701	RAKFKQLL
587	ELAGIGILTV
3	GILGFVFTL
31283	GILGFVFTL
31492	GILGFVFTL
34399	KLGGALQAK
91	KLGGALQAK
34355	KLGGALQAK
6470	GILGFVFTL
35800	KLGGALQAK
2365	KLGGALQAK
36151	ELAGIGILTV
31681	GILGFVFTL
15581	RAKFKQLL
35440	KLGGALQAK
36230	KLGGALQAK
5462	ELAGIGILTV
31885	GILGFVFTL
36216	KLGGALQAK
4978	RAKFKQLL
34176	KLGGALQAK
5544	GILGFVFTL
32672	GILGFVFTL
2562	KLGGALQAK
31636	GILGFVFTL
34252	KLGGALQAK
26551	KLGGALQAK
34721	KLGGALQAK
35244	KLGGALQAK
32353	GILGFVFTL
17953	RAKFKQLL
34125	KLGGALQAK
29954	GILGFVFTL
25694	RAKFKQLL
191	KLGGALQAK
5023	GILGFVFTL
17977	KLGGALQAK
35075	KLGGALQAK
35692	KLGGALQAK
4107	IVTDFSVIK
5408	ELAGIGILTV
36086	ELAGIGILTV
35674	KLGGALQAK
32260	GILGFVFTL
35603	KLGGALQAK
2326	KLGGALQAK
25272	KLGGALQAK
23285	RAKFKQLL
34642	KLGGALQAK
3877	IVTDFSVIK
7210	GILGFVFTL
89	AVFDRKSDAK
14945	KLGGALQAK
34463	KLGGALQAK
25727	KLGGALQAK
32415	GILGFVFTL
34147	KLGGALQAK
6707	GILGFVFTL
26019	GILGFVFTL
36096	KLGGALQAK
7360	RAKFKQLL
19628	RAKFKQLL
34423	KLGGALQAK
31382	GILGFVFTL
23020	GILGFVFTL
15942	RAKFKQLL
35673	KLGGALQAK
2	GILGFVFTL
35488	KLGGALQAK
25294	KLGGALQAK
26505	KLGGALQAK
5228	GILGFVFTL
23891	KLGGALQAK
2424	GILGFVFTL
6687	GILGFVFTL
23120	KLGGALQAK
34228	KLGGALQAK
7213	GILGFVFTL
34831	KLGGALQAK
25291	RAKFKQLL
34079	KLGGALQAK
7326	RAKFKQLL
168	AVFDRKSDAK
36324	KLGGALQAK
14672	KLGGALQAK
5733	GILGFVFTL
31358	KLGGALQAK
17001	IVTDFSVIK
2558	KLGGALQAK
38432	KLGGALQAK
34435	KLGGALQAK
25390	RAKFKQLL
5267	RAKFKQLL
6241	GILGFVFTL
28676	KLGGALQAK
29971	GILGFVFTL
15315	GLCTLVAML
34669	KLGGALQAK
5425	ELAGIGILTV
14316	RAKFKQLL
34937	KLGGALQAK
24064	RAKFKQLL
35443	KLGGALQAK
34960	KLGGALQAK
35243	KLGGALQAK
33529	GILGFVFTL
35643	KLGGALQAK
34392	KLGGALQAK
34833	KLGGALQAK
115	KLGGALQAK
5599	GILGFVFTL
35822	KLGGALQAK
16949	KLGGALQAK
28447	KLGGALQAK
35754	KLGGALQAK
17883	RAKFKQLL
14314	GILGFVFTL
7214	KLGGALQAK
22330	RAKFKQLL
31786	GILGFVFTL
35214	KLGGALQAK
35775	KLGGALQAK
38434	KLGGALQAK
35963	KLGGALQAK
36320	KLGGALQAK
17005	GLCTLVAML
35617	KLGGALQAK
32602	GILGFVFTL
25852	KLGGALQAK
31933	GILGFVFTL
27814	RAKFKQLL
26127	RAKFKQLL
28445	GILGFVFTL
34518	KLGGALQAK
34334	KLGGALQAK
16975	RAKFKQLL
23126	IVTDFSVIK
25107	RAKFKQLL
35300	KLGGALQAK
35312	KLGGALQAK
22582	RAKFKQLL
2364	RAKFKQLL
16697	RAKFKQLL
34119	KLGGALQAK
23893	KLGGALQAK
35064	KLGGALQAK
35712	KLGGALQAK
34074	KLGGALQAK
25012	RAKFKQLL
28874	KLGGALQAK
35148	KLGGALQAK
35066	KLGGALQAK
2248	IVTDFSVIK
33372	GILGFVFTL
36115	KLGGALQAK
34582	KLGGALQAK
35851	KLGGALQAK
28614	KLGGALQAK
22313	KLGGALQAK
34991	KLGGALQAK
17	IVTDFSVIK
33515	GILGFVFTL
513	IVTDFSVIK
5528	KLGGALQAK
35298	KLGGALQAK
34841	KLGGALQAK
36130	KLGGALQAK
5374	KLGGALQAK
31612	GILGFVFTL
34789	KLGGALQAK
35040	KLGGALQAK
14850	RAKFKQLL
35168	KLGGALQAK
30573	GILGFVFTL
5432	KLGGALQAK
5469	ELAGIGILTV
6609	GILGFVFTL
26501	GLCTLVAML
25797	RAKFKQLL
27746	RAKFKQLL
35241	KLGGALQAK
34278	GILGFVFTL
28678	KLGGALQAK
34121	KLGGALQAK
35394	KLGGALQAK
5322	ELAGIGILTV
5187	KLGGALQAK
5409	ELAGIGILTV
2289	IVTDFSVIK
31347	GILGFVFTL
2474	KLGGALQAK
6557	RAKFKQLL
35230	KLGGALQAK
36274	KLGGALQAK
2325	RAKFKQLL
34321	KLGGALQAK
7369	RAKFKQLL
25767	GILGFVFTL
15304	RAKFKQLL
5215	KLGGALQAK
31404	GILGFVFTL
14620	RAKFKQLL
31267	GILGFVFTL
7711	RAKFKQLL
24697	KLGGALQAK
28409	AVFDRKSDAK
31476	GILGFVFTL
34672	KLGGALQAK
5500	ELAGIGILTV
34221	KLGGALQAK
33898	KLGGALQAK
5440	KLGGALQAK
14240	RAKFKQLL
35663	KLGGALQAK
1266	GILGFVFTL
35457	KLGGALQAK
28412	KLGGALQAK
25076	KLGGALQAK
2435	IVTDFSVIK
35185	KLGGALQAK
17010	RAKFKQLL
42	AVFDRKSDAK
27723	RAKFKQLL
7226	KLGGALQAK
26524	IVTDFSVIK
6569	KLGGALQAK
28834	KLGGALQAK
34159	KLGGALQAK
18090	RAKFKQLL
34035	KLGGALQAK
32270	GILGFVFTL
36218	IVTDFSVIK
16302	RAKFKQLL
4954	KLGGALQAK
593	KLGGALQAK
35693	KLGGALQAK
34795	KLGGALQAK
35811	KLGGALQAK
7155	GILGFVFTL
15345	AVFDRKSDAK
25914	RAKFKQLL
16765	RAKFKQLL
34189	KLGGALQAK
35433	KLGGALQAK
36002	KLGGALQAK
12620	RAKFKQLL
18054	GLCTLVAML
7253	KLGGALQAK
35284	KLGGALQAK
24302	GILGFVFTL
32524	GILGFVFTL
34830	KLGGALQAK
23876	KLGGALQAK
137	KLGGALQAK
668	ELAGIGILTV
35984	KLGGALQAK
35347	KLGGALQAK
18066	RAKFKQLL
34195	KLGGALQAK
26546	KLGGALQAK
2504	KLGGALQAK
10000	RAKFKQLL
248	KLGGALQAK
36881	IVTDFSVIK
33954	RAKFKQLL
30435	GILGFVFTL
34451	KLGGALQAK
34419	KLGGALQAK
14272	RAKFKQLL
35033	KLGGALQAK
6	GILGFVFTL
35735	ELAGIGILTV
27841	RAKFKQLL
34970	KLGGALQAK
35029	KLGGALQAK
28400	RAKFKQLL
35467	KLGGALQAK
11890	RAKFKQLL
34636	KLGGALQAK
34798	KLGGALQAK
247	IVTDFSVIK
5614	GILGFVFTL
36009	KLGGALQAK
34197	KLGGALQAK
27119	RAKFKQLL
34719	ELAGIGILTV
7338	GILGFVFTL
5099	KLGGALQAK
34639	KLGGALQAK
33930	KLGGALQAK
22998	RAKFKQLL
25045	RAKFKQLL
32338	GILGFVFTL
34917	KLGGALQAK
16948	KLGGALQAK
2532	KLGGALQAK
35276	KLGGALQAK
28708	GILGFVFTL
36051	IVTDFSVIK
27069	KLGGALQAK
36191	KLGGALQAK
5510	AVFDRKSDAK
35368	KLGGALQAK
34443	KLGGALQAK
23859	KLGGALQAK
35187	KLGGALQAK
28601	KLGGALQAK
27818	RAKFKQLL
34899	KLGGALQAK
25721	GILGFVFTL
5089	KLGGALQAK
379	IVTDFSVIK
34190	KLGGALQAK
33453	GILGFVFTL
2395	RAKFKQLL
21614	RAKFKQLL
25007	IVTDFSVIK
12	RAKFKQLL
14176	RAKFKQLL
29941	GILGFVFTL
2539	KLGGALQAK
34299	KLGGALQAK
34134	KLGGALQAK
34901	KLGGALQAK
2250	KLGGALQAK
34217	KLGGALQAK
31462	GILGFVFTL
35783	KLGGALQAK
5658	GILGFVFTL
585	RAKFKQLL
23829	KLGGALQAK
7280	GILGFVFTL
4977	IVTDFSVIK
2464	KLGGALQAK
28953	GILGFVFTL
2288	KLGGALQAK
5595	GILGFVFTL
29012	GILGFVFTL
35251	KLGGALQAK
7070	KLGGALQAK
34625	KLGGALQAK
23832	KLGGALQAK
25108	RAKFKQLL
34678	KLGGALQAK
4296	IVTDFSVIK
23630	RAKFKQLL
36271	KLGGALQAK
35839	KLGGALQAK
594	KLGGALQAK
35975	KLGGALQAK
8107	RAKFKQLL
8273	GILGFVFTL
35829	KLGGALQAK
2341	ELAGIGILTV
2533	RAKFKQLL
34485	KLGGALQAK
28446	KLGGALQAK
34661	KLGGALQAK
34431	KLGGALQAK
19210	RAKFKQLL
6570	IVTDFSVIK
17040	KLGGALQAK
31399	GILGFVFTL
18108	GILGFVFTL
34548	KLGGALQAK
35727	KLGGALQAK
23026	KLGGALQAK
34597	KLGGALQAK
34529	KLGGALQAK
22707	RAKFKQLL
31475	GILGFVFTL
33577	GILGFVFTL
23011	KLGGALQAK
34948	KLGGALQAK
4938	KLGGALQAK
281	KLGGALQAK
14946	RAKFKQLL
28457	GILGFVFTL
25326	RAKFKQLL
5184	GLCTLVAML
34752	KLGGALQAK
34533	KLGGALQAK
35933	KLGGALQAK
14242	RAKFKQLL
28709	KLGGALQAK
36266	ELAGIGILTV
7353	KLGGALQAK
35850	KLGGALQAK
24987	KLGGALQAK
34248	KLGGALQAK
18089	KLGGALQAK
35999	KLGGALQAK
34087	KLGGALQAK
30562	GILGFVFTL
25891	GILGFVFTL
34905	KLGGALQAK
35196	KLGGALQAK
66	GILGFVFTL
31	KLGGALQAK
33828	GILGFVFTL
18220	RAKFKQLL
35914	KLGGALQAK
7085	GILGFVFTL
4947	KLGGALQAK
2577	KLGGALQAK
22321	KLGGALQAK
47	GILGFVFTL
5814	GILGFVFTL
15326	RAKFKQLL
14680	RAKFKQLL
24318	AVFDRKSDAK
35309	KLGGALQAK
5650	GILGFVFTL
35477	KLGGALQAK
32133	GILGFVFTL
6330	GILGFVFTL
15048	RAKFKQLL
5378	KLGGALQAK
35295	KLGGALQAK
28411	RAKFKQLL
34154	KLGGALQAK
36059	KLGGALQAK
178	KLGGALQAK
35614	KLGGALQAK
35381	KLGGALQAK
35175	KLGGALQAK
25268	KLGGALQAK
35816	KLGGALQAK
35884	KLGGALQAK
34384	KLGGALQAK
18047	RAKFKQLL
35376	KLGGALQAK
35993	KLGGALQAK
25706	KLGGALQAK
34890	KLGGALQAK
4130	IVTDFSVIK
35115	KLGGALQAK
25703	KLGGALQAK
32966	GILGFVFTL
24126	RAKFKQLL
5135	RAKFKQLL
35041	KLGGALQAK
28583	KLGGALQAK
699	KLGGALQAK
25276	KLGGALQAK
34063	KLGGALQAK
2276	KLGGALQAK
172	KLGGALQAK
4934	KLGGALQAK
35725	KLGGALQAK
14075	RAKFKQLL
26801	RAKFKQLL
35716	KLGGALQAK
35203	KLGGALQAK
165	RAKFKQLL
34698	KLGGALQAK
5029	GILGFVFTL
4284	IVTDFSVIK
22177	RAKFKQLL
30526	GILGFVFTL
35093	KLGGALQAK
24	GILGFVFTL
4982	KLGGALQAK
25700	GLCTLVAML
5051	KLGGALQAK
5020	KLGGALQAK
34881	KLGGALQAK
32547	GILGFVFTL
7838	GILGFVFTL
35317	KLGGALQAK
2242	ELAGIGILTV
244	KLGGALQAK
33206	RAKFKQLL
23973	RAKFKQLL
5648	GILGFVFTL
31363	GILGFVFTL
34794	KLGGALQAK
25436	RAKFKQLL
17878	RAKFKQLL
6842	GILGFVFTL
34534	KLGGALQAK
34307	KLGGALQAK
33592	GILGFVFTL
34457	KLGGALQAK
36192	KLGGALQAK
34318	KLGGALQAK
25911	KLGGALQAK
26214	GLCTLVAML
25019	KLGGALQAK
32911	GILGFVFTL
21357	RAKFKQLL
5057	ELAGIGILTV
34128	KLGGALQAK
108	KLGGALQAK
2410	KLGGALQAK
2449	KLGGALQAK
25446	GILGFVFTL
36239	AVFDRKSDAK
2246	IVTDFSVIK
135	RAKFKQLL
35989	KLGGALQAK
35964	AVFDRKSDAK
36082	KLGGALQAK
5802	GILGFVFTL
23373	KLGGALQAK
24840	GLCTLVAML
22114	RAKFKQLL
32322	KLGGALQAK
166	ELAGIGILTV
34549	KLGGALQAK
29968	KLGGALQAK
35007	KLGGALQAK
13978	RAKFKQLL
35469	KLGGALQAK
51	GILGFVFTL
7175	KLGGALQAK
34055	KLGGALQAK
7224	GILGFVFTL
28410	RAKFKQLL
15606	RAKFKQLL
26152	KLGGALQAK
33891	GILGFVFTL
14188	RAKFKQLL
30524	GILGFVFTL
34149	KLGGALQAK
5537	KLGGALQAK
5438	ELAGIGILTV
23240	RAKFKQLL
6362	GILGFVFTL
35940	KLGGALQAK
17957	RAKFKQLL
6848	GILGFVFTL
5241	ELAGIGILTV
24336	KLGGALQAK
28301	KLGGALQAK
201	RAKFKQLL
18095	RAKFKQLL
28857	AVFDRKSDAK
6359	IVTDFSVIK
5048	KLGGALQAK
35028	KLGGALQAK
24688	RAKFKQLL
2461	ELAGIGILTV
53	RAKFKQLL
3952	IVTDFSVIK
35220	KLGGALQAK
14258	GLCTLVAML
26665	RAKFKQLL
13853	RAKFKQLL
7294	GILGFVFTL
2370	RAKFKQLL
25296	KLGGALQAK
5256	KLGGALQAK
2372	ELAGIGILTV
33505	GILGFVFTL
34117	KLGGALQAK
5514	ELAGIGILTV
34992	KLGGALQAK
28407	GILGFVFTL
26033	KLGGALQAK
2328	GILGFVFTL
25439	RAKFKQLL
34297	KLGGALQAK
38420	IVTDFSVIK
2249	GILGFVFTL
35017	KLGGALQAK
2451	KLGGALQAK
35739	KLGGALQAK
35509	AVFDRKSDAK
32247	KLGGALQAK
2999	IVTDFSVIK
34026	KLGGALQAK
35428	KLGGALQAK
32334	GILGFVFTL
25907	KLGGALQAK
35669	KLGGALQAK
5287	KLGGALQAK
25053	RAKFKQLL
28451	KLGGALQAK
14625	GLCTLVAML
26140	KLGGALQAK
33521	GILGFVFTL
22323	RAKFKQLL
6234	GILGFVFTL
24311	KLGGALQAK
34296	KLGGALQAK
35572	KLGGALQAK
25112	GILGFVFTL
35573	KLGGALQAK
5533	ELAGIGILTV
36323	KLGGALQAK
35223	KLGGALQAK
5521	ELAGIGILTV
24358	KLGGALQAK
35177	KLGGALQAK
34561	KLGGALQAK
28455	KLGGALQAK
27099	KLGGALQAK
75	KLGGALQAK
26261	GILGFVFTL
34160	KLGGALQAK
38435	KLGGALQAK
34743	KLGGALQAK
31555	RAKFKQLL
5490	AVFDRKSDAK
5816	GILGFVFTL
35988	KLGGALQAK
2579	GILGFVFTL
34416	KLGGALQAK
31798	GILGFVFTL
34753	KLGGALQAK
14675	GILGFVFTL
35327	KLGGALQAK
278	GILGFVFTL
13927	RAKFKQLL
703	IVTDFSVIK
24101	RAKFKQLL
34085	KLGGALQAK
35063	KLGGALQAK
35702	KLGGALQAK
18059	KLGGALQAK
35621	KLGGALQAK
25396	KLGGALQAK
23228	KLGGALQAK
34090	KLGGALQAK
374	KLGGALQAK
11	KLGGALQAK
6348	GILGFVFTL
17042	RAKFKQLL
34845	KLGGALQAK
31143	GILGFVFTL
35102	KLGGALQAK
28731	RAKFKQLL
14249	KLGGALQAK
6350	GILGFVFTL
34754	KLGGALQAK
6552	GILGFVFTL
26013	RAKFKQLL
31402	KLGGALQAK
31887	GILGFVFTL
7216	GILGFVFTL
162	KLGGALQAK
2837	IVTDFSVIK
25282	KLGGALQAK
23219	ELAGIGILTV
25814	GILGFVFTL
32252	GILGFVFTL
36269	KLGGALQAK
32854	GILGFVFTL
17976	KLGGALQAK
31619	GILGFVFTL
14832	KLGGALQAK
35653	ELAGIGILTV
14980	RAKFKQLL
34068	KLGGALQAK
34238	KLGGALQAK
36129	KLGGALQAK
35023	KLGGALQAK
14058	RAKFKQLL
25283	RAKFKQLL
35911	KLGGALQAK
4957	RAKFKQLL
32594	GILGFVFTL
34415	KLGGALQAK
32605	GILGFVFTL
26484	GLCTLVAML
34428	KLGGALQAK
35118	KLGGALQAK
15324	KLGGALQAK
36054	ELAGIGILTV
35195	KLGGALQAK
25104	KLGGALQAK
27087	RAKFKQLL
28703	RAKFKQLL
34284	KLGGALQAK
6637	GILGFVFTL
50	RAKFKQLL
13895	GILGFVFTL
35071	KLGGALQAK
34219	KLGGALQAK
34916	KLGGALQAK
31364	GILGFVFTL
31776	GILGFVFTL
7174	GILGFVFTL
22	KLGGALQAK
35923	KLGGALQAK
28574	KLGGALQAK
33483	GILGFVFTL
31924	GILGFVFTL
34769	KLGGALQAK
35329	KLGGALQAK
34609	KLGGALQAK
32399	GILGFVFTL
30399	GILGFVFTL
25080	KLGGALQAK
26062	IVTDFSVIK
35600	KLGGALQAK
25401	IVTDFSVIK
31235	GILGFVFTL
5092	KLGGALQAK
7211	GILGFVFTL
31340	GILGFVFTL
28957	GILGFVFTL
22322	KLGGALQAK
16942	RAKFKQLL
36117	KLGGALQAK
25380	KLGGALQAK
15071	RAKFKQLL
26486	KLGGALQAK
34694	KLGGALQAK
35222	KLGGALQAK
5567	GILGFVFTL
4952	IVTDFSVIK
13059	RAKFKQLL
25410	RAKFKQLL
5152	KLGGALQAK
28956	ELAGIGILTV
34797	KLGGALQAK
34067	KLGGALQAK
34335	KLGGALQAK
35747	KLGGALQAK
4973	KLGGALQAK
25297	RAKFKQLL
17970	RAKFKQLL
2405	KLGGALQAK
35452	KLGGALQAK
5708	GILGFVFTL
26516	GILGFVFTL
35269	KLGGALQAK
4959	KLGGALQAK
35955	KLGGALQAK
15987	KLGGALQAK
31814	GILGFVFTL
26557	GLCTLVAML
625	GILGFVFTL
34019	KLGGALQAK
14646	KLGGALQAK
5100	AVFDRKSDAK
5535	KLGGALQAK
28599	RAKFKQLL
26739	RAKFKQLL
641	ELAGIGILTV
13910	RAKFKQLL
34491	AVFDRKSDAK
2229	ELAGIGILTV
3502	IVTDFSVIK
219	KLGGALQAK
142	KLGGALQAK
5105	KLGGALQAK
23028	KLGGALQAK
35147	KLGGALQAK
24696	KLGGALQAK
36327	KLGGALQAK
6251	GILGFVFTL
146	IVTDFSVIK
35446	KLGGALQAK
2327	KLGGALQAK
132	GILGFVFTL
34091	KLGGALQAK
5233	KLGGALQAK
34946	KLGGALQAK
28571	KLGGALQAK
34967	KLGGALQAK
5696	GILGFVFTL
35156	KLGGALQAK
24699	GILGFVFTL
24361	RAKFKQLL
15086	RAKFKQLL
24990	KLGGALQAK
4155	IVTDFSVIK
35820	KLGGALQAK
4970	KLGGALQAK
210	RAKFKQLL
2346	AVFDRKSDAK
30520	GILGFVFTL
4786	IVTDFSVIK
33366	GILGFVFTL
116	KLGGALQAK
15325	KLGGALQAK
26047	KLGGALQAK
23827	KLGGALQAK
638	KLGGALQAK
34130	KLGGALQAK
34387	KLGGALQAK
7332	KLGGALQAK
34375	KLGGALQAK
35188	KLGGALQAK
16542	RAKFKQLL
24598	RAKFKQLL
24295	KLGGALQAK
35658	KLGGALQAK
34623	KLGGALQAK
35642	KLGGALQAK
35235	KLGGALQAK
34911	KLGGALQAK
7287	GILGFVFTL
31068	GILGFVFTL
17920	GLCTLVAML
673	KLGGALQAK
33386	GILGFVFTL
32667	GILGFVFTL
36083	IVTDFSVIK
29018	KLGGALQAK
28593	KLGGALQAK
32604	GILGFVFTL
8616	RAKFKQLL
34452	KLGGALQAK
10306	RAKFKQLL
34635	ELAGIGILTV
28300	RAKFKQLL
34591	KLGGALQAK
30492	GILGFVFTL
26	KLGGALQAK
6670	ELAGIGILTV
34373	KLGGALQAK
33843	GILGFVFTL
29771	RAKFKQLL
255	KLGGALQAK
30289	GILGFVFTL
15828	RAKFKQLL
33901	KLGGALQAK
11413	RAKFKQLL
23027	RAKFKQLL
2568	IVTDFSVIK
34342	KLGGALQAK
28414	RAKFKQLL
5428	KLGGALQAK
24820	RAKFKQLL
9609	RAKFKQLL
33994	KLGGALQAK
34934	KLGGALQAK
3053	IVTDFSVIK
34838	KLGGALQAK
34604	ELAGIGILTV
10548	RAKFKQLL
5172	GLCTLVAML
34578	KLGGALQAK
23006	KLGGALQAK
36257	KLGGALQAK
1168	AVFDRKSDAK
7167	GILGFVFTL
34294	KLGGALQAK
35194	KLGGALQAK
35215	KLGGALQAK
16935	KLGGALQAK
6548	KLGGALQAK
169	GILGFVFTL
36244	AVFDRKSDAK
18088	RAKFKQLL
4968	KLGGALQAK
5649	RAKFKQLL
65	KLGGALQAK
28771	RAKFKQLL
16002	RAKFKQLL
17965	AVFDRKSDAK
24986	KLGGALQAK
158	KLGGALQAK
33116	GILGFVFTL
70	KLGGALQAK
38421	KLGGALQAK
2368	KLGGALQAK
35447	KLGGALQAK
35320	KLGGALQAK
34287	KLGGALQAK
35265	KLGGALQAK
2305	KLGGALQAK
28606	ELAGIGILTV
16053	RAKFKQLL
19789	RAKFKQLL
5070	RAKFKQLL
25075	GLCTLVAML
35737	KLGGALQAK
23222	KLGGALQAK
35806	KLGGALQAK
35271	KLGGALQAK
18333	RAKFKQLL
34401	KLGGALQAK
36286	KLGGALQAK
34693	KLGGALQAK
35372	KLGGALQAK
24340	KLGGALQAK
14623	RAKFKQLL
627	ELAGIGILTV
23233	ELAGIGILTV
104	KLGGALQAK
35646	KLGGALQAK
34433	KLGGALQAK
35136	KLGGALQAK
2335	GILGFVFTL
11482	RAKFKQLL
35322	KLGGALQAK
2440	IVTDFSVIK
34407	KLGGALQAK
26139	RAKFKQLL
24308	ELAGIGILTV
5076	KLGGALQAK
24307	GILGFVFTL
5031	GILGFVFTL
23347	RAKFKQLL
36316	KLGGALQAK
23371	KLGGALQAK
11815	AVFDRKSDAK
5021	KLGGALQAK
18065	KLGGALQAK
34241	IVTDFSVIK
9790	RAKFKQLL
22985	KLGGALQAK
14190	RAKFKQLL
10972	RAKFKQLL
34544	KLGGALQAK
27070	RAKFKQLL
279	KLGGALQAK
32755	GILGFVFTL
9392	RAKFKQLL
7315	GILGFVFTL
34800	KLGGALQAK
6807	GILGFVFTL
16526	RAKFKQLL
34133	KLGGALQAK
28473	AVFDRKSDAK
35756	KLGGALQAK
24218	KLGGALQAK
35570	KLGGALQAK
5238	GILGFVFTL
33506	GILGFVFTL
18072	RAKFKQLL
30546	RAKFKQLL
34760	KLGGALQAK
34701	KLGGALQAK
5126	RAKFKQLL
2531	KLGGALQAK
5262	GILGFVFTL
26547	KLGGALQAK
30542	GILGFVFTL
14333	RAKFKQLL
35672	KLGGALQAK
23127	ELAGIGILTV
33997	KLGGALQAK
12455	RAKFKQLL
30413	GILGFVFTL
6355	GILGFVFTL
36093	KLGGALQAK
31490	GILGFVFTL
35172	KLGGALQAK
7680	RAKFKQLL
6683	GILGFVFTL
10423	RAKFKQLL
34282	KLGGALQAK
18039	AVFDRKSDAK
35641	KLGGALQAK
2423	ELAGIGILTV
25016	IVTDFSVIK
35267	KLGGALQAK
35084	KLGGALQAK
23492	RAKFKQLL
5672	GILGFVFTL
34157	KLGGALQAK
2404	KLGGALQAK
35889	KLGGALQAK
35263	KLGGALQAK
26628	RAKFKQLL
26254	KLGGALQAK
34926	KLGGALQAK
25771	RAKFKQLL
33390	GILGFVFTL
26220	GLCTLVAML
35848	GILGFVFTL
35706	KLGGALQAK
5154	AVFDRKSDAK
705	RAKFKQLL
4926	KLGGALQAK
6559	AVFDRKSDAK
33394	GILGFVFTL
5068	KLGGALQAK
36156	KLGGALQAK
5549	GILGFVFTL
18091	RAKFKQLL
113	RAKFKQLL
32537	GILGFVFTL
23850	KLGGALQAK
34883	KLGGALQAK
3846	IVTDFSVIK
2494	KLGGALQAK
26569	RAKFKQLL
5182	ELAGIGILTV
34876	KLGGALQAK
35604	KLGGALQAK
38418	KLGGALQAK
29947	GILGFVFTL
16222	RAKFKQLL
256	KLGGALQAK
6749	GILGFVFTL
2625	IVTDFSVIK
35905	KLGGALQAK
35207	KLGGALQAK
28935	GILGFVFTL
34742	KLGGALQAK
26137	KLGGALQAK
5042	IVTDFSVIK
5058	KLGGALQAK
14673	KLGGALQAK
35431	KLGGALQAK
35640	KLGGALQAK
5123	RAKFKQLL
18105	RAKFKQLL
15572	RAKFKQLL
670	ELAGIGILTV
34478	KLGGALQAK
23834	KLGGALQAK
35344	KLGGALQAK
28865	KLGGALQAK
34912	KLGGALQAK
23816	GILGFVFTL
34484	KLGGALQAK
5443	KLGGALQAK
35837	KLGGALQAK
30473	GILGFVFTL
25402	GILGFVFTL
24592	RAKFKQLL
7665	RAKFKQLL
16944	ELAGIGILTV
5416	KLGGALQAK
5033	KLGGALQAK
15993	RAKFKQLL
2251	RAKFKQLL
275	IVTDFSVIK
8147	RAKFKQLL
33858	GILGFVFTL
35325	KLGGALQAK
35470	KLGGALQAK
30503	GILGFVFTL
2228	ELAGIGILTV
29799	GILGFVFTL
25676	RAKFKQLL
34971	KLGGALQAK
34821	KLGGALQAK
36145	KLGGALQAK
34944	KLGGALQAK
8647	RAKFKQLL
2025	AVFDRKSDAK
2095	AVFDRKSDAK
34030	KLGGALQAK
2358	KLGGALQAK
28596	KLGGALQAK
238	ELAGIGILTV
35437	KLGGALQAK
2312	KLGGALQAK
34993	KLGGALQAK
36252	KLGGALQAK
35373	KLGGALQAK
34095	KLGGALQAK
35491	KLGGALQAK
5240	GLCTLVAML
34270	KLGGALQAK
23828	KLGGALQAK
24333	KLGGALQAK
17881	KLGGALQAK
34628	KLGGALQAK
222	RAKFKQLL
5651	KLGGALQAK
35559	KLGGALQAK
24944	GLCTLVAML
30421	GILGFVFTL
35228	KLGGALQAK
26482	GILGFVFTL
32392	GILGFVFTL
18007	KLGGALQAK
35413	KLGGALQAK
36317	KLGGALQAK
2336	KLGGALQAK
2466	AVFDRKSDAK
35812	KLGGALQAK
34956	KLGGALQAK
5024	KLGGALQAK
28721	RAKFKQLL
5321	IVTDFSVIK
2271	KLGGALQAK
34824	KLGGALQAK
36105	KLGGALQAK
25438	RAKFKQLL
35807	KLGGALQAK
34620	KLGGALQAK
35197	KLGGALQAK
35758	KLGGALQAK
34988	KLGGALQAK
208	RAKFKQLL
30554	GILGFVFTL
28825	GILGFVFTL
17894	KLGGALQAK
2340	KLGGALQAK
38428	IVTDFSVIK
34034	KLGGALQAK
34350	KLGGALQAK
29964	GILGFVFTL
35459	KLGGALQAK
34023	KLGGALQAK
7671	RAKFKQLL
2517	KLGGALQAK
14796	RAKFKQLL
265	GILGFVFTL
35903	KLGGALQAK
36176	KLGGALQAK
25921	RAKFKQLL
32336	GILGFVFTL
26418	GLCTLVAML
7172	KLGGALQAK
35834	KLGGALQAK
34370	KLGGALQAK
32279	GILGFVFTL
32883	GILGFVFTL
35890	KLGGALQAK
33980	GILGFVFTL
25023	KLGGALQAK
36188	KLGGALQAK
34605	KLGGALQAK
6230	GILGFVFTL
2755	IVTDFSVIK
689	AVFDRKSDAK
34686	KLGGALQAK
25102	GLCTLVAML
36135	KLGGALQAK
35252	KLGGALQAK
35976	KLGGALQAK
2286	KLGGALQAK
6349	GILGFVFTL
23007	RAKFKQLL
35644	KLGGALQAK
35826	KLGGALQAK
34772	KLGGALQAK
35165	KLGGALQAK
18738	RAKFKQLL
35793	KLGGALQAK
2315	IVTDFSVIK
5470	KLGGALQAK
34146	KLGGALQAK
34226	KLGGALQAK
34462	KLGGALQAK
35569	KLGGALQAK
19907	RAKFKQLL
7197	GILGFVFTL
71	AVFDRKSDAK
6358	GILGFVFTL
34186	KLGGALQAK
15985	KLGGALQAK
13932	RAKFKQLL
31018	GILGFVFTL
15986	RAKFKQLL
17022	RAKFKQLL
35211	KLGGALQAK
5565	GILGFVFTL
5855	GILGFVFTL
34114	KLGGALQAK
17004	GLCTLVAML
34764	KLGGALQAK
26525	GLCTLVAML
5530	KLGGALQAK
33571	GILGFVFTL
36226	KLGGALQAK
36193	KLGGALQAK
8	KLGGALQAK
60	IVTDFSVIK
29774	GILGFVFTL
35150	KLGGALQAK
35959	KLGGALQAK
34430	KLGGALQAK
30431	GILGFVFTL
32616	GILGFVFTL
35478	KLGGALQAK
34351	KLGGALQAK
28727	KLGGALQAK
4464	IVTDFSVIK
35637	KLGGALQAK
28458	KLGGALQAK
192	RAKFKQLL
187	ELAGIGILTV
25718	RAKFKQLL
28720	KLGGALQAK
2339	AVFDRKSDAK
34172	KLGGALQAK
7663	GILGFVFTL
35490	KLGGALQAK
35390	KLGGALQAK
35254	AVFDRKSDAK
28884	KLGGALQAK
25851	GLCTLVAML
6319	GILGFVFTL
31434	GILGFVFTL
59	RAKFKQLL
23237	GILGFVFTL
34975	KLGGALQAK
4322	IVTDFSVIK
36206	KLGGALQAK
25005	IVTDFSVIK
34919	KLGGALQAK
15333	ELAGIGILTV
34465	KLGGALQAK
2269	KLGGALQAK
6858	GILGFVFTL
6094	GILGFVFTL
25912	KLGGALQAK
35131	KLGGALQAK
35961	KLGGALQAK
38429	ELAGIGILTV
26109	KLGGALQAK
35124	KLGGALQAK
24305	RAKFKQLL
31454	GILGFVFTL
31630	GILGFVFTL
2967	IVTDFSVIK
34640	KLGGALQAK
13887	RAKFKQLL
34985	KLGGALQAK
28450	KLGGALQAK
30405	GILGFVFTL
7667	RAKFKQLL
34438	KLGGALQAK
35972	KLGGALQAK
4974	RAKFKQLL
7181	GILGFVFTL
2226	RAKFKQLL
36265	KLGGALQAK
2529	KLGGALQAK
2384	ELAGIGILTV
35935	KLGGALQAK
14248	KLGGALQAK
34997	KLGGALQAK
236	KLGGALQAK
34298	KLGGALQAK
35827	KLGGALQAK
5028	KLGGALQAK
7206	GILGFVFTL
35303	KLGGALQAK
5550	GILGFVFTL
34113	KLGGALQAK
17952	RAKFKQLL
7238	KLGGALQAK
30892	GILGFVFTL
23848	KLGGALQAK
7176	GILGFVFTL
24567	RAKFKQLL
32518	GILGFVFTL
18061	RAKFKQLL
22320	RAKFKQLL
5276	IVTDFSVIK
35059	KLGGALQAK
36225	IVTDFSVIK
35356	KLGGALQAK
25753	KLGGALQAK
28680	KLGGALQAK
26210	KLGGALQAK
2509	KLGGALQAK
35406	KLGGALQAK
36070	KLGGALQAK
235	KLGGALQAK
5111	KLGGALQAK
7068	GILGFVFTL
34469	KLGGALQAK
6608	GILGFVFTL
35296	KLGGALQAK
24913	GLCTLVAML
35445	KLGGALQAK
2528	AVFDRKSDAK
33892	GILGFVFTL
36153	KLGGALQAK
30697	GILGFVFTL
35922	KLGGALQAK
16186	RAKFKQLL
5546	ELAGIGILTV
147	RAKFKQLL
38427	KLGGALQAK
35732	KLGGALQAK
24322	RAKFKQLL
23210	KLGGALQAK
7069	KLGGALQAK
14833	KLGGALQAK
18663	RAKFKQLL
35893	KLGGALQAK
27947	GLCTLVAML
14347	RAKFKQLL
25068	KLGGALQAK
30438	GILGFVFTL
25452	KLGGALQAK
4949	IVTDFSVIK
32360	GILGFVFTL
27098	RAKFKQLL
2411	KLGGALQAK
2262	GILGFVFTL
34303	KLGGALQAK
2300	ELAGIGILTV
2559	IVTDFSVIK
35749	KLGGALQAK
34040	KLGGALQAK
25801	KLGGALQAK
23125	KLGGALQAK
31124	GILGFVFTL
31941	GILGFVFTL
6347	GILGFVFTL
34481	KLGGALQAK
35130	KLGGALQAK
2330	ELAGIGILTV
665	ELAGIGILTV
35608	KLGGALQAK
35926	GILGFVFTL
34488	KLGGALQAK
34802	KLGGALQAK
5039	IVTDFSVIK
34259	KLGGALQAK
7367	RAKFKQLL
16940	GLCTLVAML
205	KLGGALQAK
6322	GILGFVFTL
26407	GLCTLVAML
30409	GILGFVFTL
7659	GILGFVFTL
28877	GILGFVFTL
7089	KLGGALQAK
2396	KLGGALQAK
5283	IVTDFSVIK
34476	KLGGALQAK
26292	GLCTLVAML
7263	RAKFKQLL
6558	GILGFVFTL
26563	RAKFKQLL
5777	GILGFVFTL
30361	GILGFVFTL
6254	GILGFVFTL
34041	KLGGALQAK
26036	KLGGALQAK
16044	RAKFKQLL
34285	KLGGALQAK
36273	IVTDFSVIK
34283	KLGGALQAK
24884	GLCTLVAML
2279	KLGGALQAK
35383	KLGGALQAK
33998	KLGGALQAK
15472	RAKFKQLL
25086	GLCTLVAML
34576	KLGGALQAK
34065	KLGGALQAK
1233	AVFDRKSDAK
4969	GLCTLVAML
25082	KLGGALQAK
35088	KLGGALQAK
34858	KLGGALQAK
23014	KLGGALQAK
25768	GILGFVFTL
34580	KLGGALQAK
15998	RAKFKQLL
25027	ELAGIGILTV
36240	IVTDFSVIK
31839	KLGGALQAK
35610	KLGGALQAK
6600	GILGFVFTL
5096	KLGGALQAK
36053	KLGGALQAK
34376	KLGGALQAK
35106	KLGGALQAK
34031	KLGGALQAK
33600	GILGFVFTL
2511	RAKFKQLL
8131	RAKFKQLL
35180	KLGGALQAK
5799	GILGFVFTL
26479	KLGGALQAK
35025	KLGGALQAK
31899	GILGFVFTL
28732	KLGGALQAK
24027	RAKFKQLL
30398	GILGFVFTL
34258	KLGGALQAK
34361	KLGGALQAK
16965	KLGGALQAK
34665	KLGGALQAK
34893	KLGGALQAK
27096	AVFDRKSDAK
29922	GILGFVFTL
35133	KLGGALQAK
25290	RAKFKQLL
5457	ELAGIGILTV
35660	KLGGALQAK
34105	KLGGALQAK
649	KLGGALQAK
35448	KLGGALQAK
28711	KLGGALQAK
2299	GILGFVFTL
17975	KLGGALQAK
28610	KLGGALQAK
34572	KLGGALQAK
35634	KLGGALQAK
34056	KLGGALQAK
17037	KLGGALQAK
7076	GILGFVFTL
34069	KLGGALQAK
5170	GLCTLVAML
5317	KLGGALQAK
31343	GILGFVFTL
28375	RAKFKQLL
32366	KLGGALQAK
23993	RAKFKQLL
5558	GILGFVFTL
2004	AVFDRKSDAK
23128	KLGGALQAK
34551	KLGGALQAK
28818	RAKFKQLL
5268	KLGGALQAK
2487	KLGGALQAK
34209	KLGGALQAK
35073	KLGGALQAK
19439	RAKFKQLL
35179	KLGGALQAK
5258	ELAGIGILTV
7682	RAKFKQLL
7234	KLGGALQAK
35166	KLGGALQAK
15145	RAKFKQLL
31971	GILGFVFTL
26049	KLGGALQAK
34592	KLGGALQAK
32337	GILGFVFTL
5499	RAKFKQLL
27758	RAKFKQLL
34938	KLGGALQAK
14323	RAKFKQLL
35398	KLGGALQAK
28737	KLGGALQAK
24988	KLGGALQAK
28594	KLGGALQAK
13890	KLGGALQAK
28361	KLGGALQAK
35346	KLGGALQAK
31405	GILGFVFTL
34482	KLGGALQAK
33520	GILGFVFTL
35221	KLGGALQAK
35645	KLGGALQAK
2560	RAKFKQLL
34791	KLGGALQAK
14243	RAKFKQLL
24590	RAKFKQLL
34761	KLGGALQAK
34004	KLGGALQAK
33552	GILGFVFTL
2367	KLGGALQAK
35730	ELAGIGILTV
16939	GLCTLVAML
24694	RAKFKQLL
27050	RAKFKQLL
35132	KLGGALQAK
174	ELAGIGILTV
33478	RAKFKQLL
36254	AVFDRKSDAK
24357	KLGGALQAK
88	KLGGALQAK
24812	RAKFKQLL
34410	KLGGALQAK
7313	GILGFVFTL
33479	GILGFVFTL
28845	GILGFVFTL
28408	RAKFKQLL
35176	KLGGALQAK
34045	KLGGALQAK
23209	RAKFKQLL
15298	RAKFKQLL
24219	RAKFKQLL
35762	KLGGALQAK
25275	KLGGALQAK
33909	GILGFVFTL
32600	GILGFVFTL
34685	KLGGALQAK
18055	GLCTLVAML
35392	KLGGALQAK
25926	GILGFVFTL
4821	IVTDFSVIK
34965	KLGGALQAK
35212	KLGGALQAK
36022	KLGGALQAK
18053	KLGGALQAK
36222	IVTDFSVIK
13393	RAKFKQLL
32297	GILGFVFTL
97	KLGGALQAK
5563	GILGFVFTL
35453	KLGGALQAK
28306	KLGGALQAK
7231	KLGGALQAK
35995	KLGGALQAK
26151	KLGGALQAK
2513	KLGGALQAK
3099	IVTDFSVIK
35486	ELAGIGILTV
150	ELAGIGILTV
34736	KLGGALQAK
34145	KLGGALQAK
34437	KLGGALQAK
31378	GILGFVFTL
180	GILGFVFTL
5505	KLGGALQAK
2298	IVTDFSVIK
3105	IVTDFSVIK
28356	RAKFKQLL
34310	KLGGALQAK
34556	KLGGALQAK
14561	RAKFKQLL
34581	KLGGALQAK
35182	KLGGALQAK
5541	AVFDRKSDAK
36189	KLGGALQAK
27090	KLGGALQAK
2261	RAKFKQLL
31368	GILGFVFTL
21464	RAKFKQLL
25742	KLGGALQAK
36124	KLGGALQAK
36052	KLGGALQAK
4290	IVTDFSVIK
2490	IVTDFSVIK
2369	KLGGALQAK
8091	RAKFKQLL
24684	GILGFVFTL
34782	KLGGALQAK
34214	KLGGALQAK
5487	KLGGALQAK
4958	KLGGALQAK
5246	KLGGALQAK
34969	KLGGALQAK
33596	KLGGALQAK
32519	GILGFVFTL
35238	KLGGALQAK
35511	KLGGALQAK
35987	KLGGALQAK
5697	GILGFVFTL
35858	KLGGALQAK
34340	KLGGALQAK
7346	KLGGALQAK
36238	IVTDFSVIK
34542	KLGGALQAK
34096	ELAGIGILTV
226	GILGFVFTL
35234	KLGGALQAK
25752	GILGFVFTL
13892	RAKFKQLL
5225	RAKFKQLL
26147	RAKFKQLL
23896	RAKFKQLL
139	GILGFVFTL
378	KLGGALQAK
26492	GLCTLVAML
16699	RAKFKQLL
5941	GILGFVFTL
2408	ELAGIGILTV
25299	RAKFKQLL
13995	GILGFVFTL
35613	KLGGALQAK
35399	KLGGALQAK
25454	KLGGALQAK
34600	KLGGALQAK
27093	IVTDFSVIK
5393	KLGGALQAK
7034	GILGFVFTL
5107	GILGFVFTL
11940	RAKFKQLL
36101	KLGGALQAK
224	KLGGALQAK
34751	KLGGALQAK
2391	KLGGALQAK
35983	IVTDFSVIK
34142	KLGGALQAK
2479	KLGGALQAK
25701	KLGGALQAK
30386	GILGFVFTL
34192	KLGGALQAK
32364	GILGFVFTL
34810	AVFDRKSDAK
2383	GILGFVFTL
18116	RAKFKQLL
16003	RAKFKQLL
34171	ELAGIGILTV
2366	KLGGALQAK
36158	KLGGALQAK
34689	KLGGALQAK
23900	KLGGALQAK
35694	KLGGALQAK
6690	GILGFVFTL
34341	AVFDRKSDAK
20472	GILGFVFTL
28724	GILGFVFTL
592	ELAGIGILTV
25692	RAKFKQLL
35695	KLGGALQAK
26128	RAKFKQLL
35504	KLGGALQAK
27078	RAKFKQLL
25992	KLGGALQAK
35264	KLGGALQAK
34500	KLGGALQAK
23129	RAKFKQLL
34981	ELAGIGILTV
34477	KLGGALQAK
25462	RAKFKQLL
33987	KLGGALQAK
34131	KLGGALQAK
26314	GLCTLVAML
16425	RAKFKQLL
34155	KLGGALQAK
18069	RAKFKQLL
22347	RAKFKQLL
33484	GILGFVFTL
257	KLGGALQAK
6691	GILGFVFTL
15583	RAKFKQLL
34237	KLGGALQAK
35904	KLGGALQAK
34122	KLGGALQAK
2482	KLGGALQAK
34947	KLGGALQAK
5218	GILGFVFTL
2275	KLGGALQAK
34098	KLGGALQAK
7339	GILGFVFTL
26473	GILGFVFTL
34123	KLGGALQAK
32921	GILGFVFTL
33509	GILGFVFTL
33224	GILGFVFTL
5132	KLGGALQAK
34687	KLGGALQAK
31380	GILGFVFTL
2280	IVTDFSVIK
5124	KLGGALQAK
32607	GILGFVFTL
4029	IVTDFSVIK
35352	KLGGALQAK
35330	KLGGALQAK
35077	KLGGALQAK
590	KLGGALQAK
7240	RAKFKQLL
9228	RAKFKQLL
34104	KLGGALQAK
25704	RAKFKQLL
7159	GILGFVFTL
35721	KLGGALQAK
17884	RAKFKQLL
22991	KLGGALQAK
708	KLGGALQAK
14842	GILGFVFTL
34878	KLGGALQAK
5554	AVFDRKSDAK
34539	KLGGALQAK
34666	KLGGALQAK
35625	KLGGALQAK
36137	KLGGALQAK
2314	KLGGALQAK
35089	KLGGALQAK
34300	KLGGALQAK
21860	RAKFKQLL
34517	KLGGALQAK
34442	KLGGALQAK
35122	KLGGALQAK
34406	KLGGALQAK
35821	KLGGALQAK
34440	KLGGALQAK
28600	KLGGALQAK
5	GILGFVFTL
140	KLGGALQAK
16960	RAKFKQLL
31666	GILGFVFTL
28246	RAKFKQLL
5101	KLGGALQAK
5231	GILGFVFTL
31447	GILGFVFTL
24306	GILGFVFTL
5402	ELAGIGILTV
34711	KLGGALQAK
15991	RAKFKQLL
36219	KLGGALQAK
35410	KLGGALQAK
35242	KLGGALQAK
26192	GLCTLVAML
17050	KLGGALQAK
17890	KLGGALQAK
10497	GILGFVFTL
28722	KLGGALQAK
2227	ELAGIGILTV
34185	KLGGALQAK
28729	RAKFKQLL
5879	GILGFVFTL
35580	KLGGALQAK
36237	AVFDRKSDAK
35703	KLGGALQAK
23374	KLGGALQAK
16001	ELAGIGILTV
34959	KLGGALQAK
2567	GILGFVFTL
6255	GILGFVFTL
5315	KLGGALQAK
25265	RAKFKQLL
34080	KLGGALQAK
1324	AVFDRKSDAK
5561	GILGFVFTL
6091	GILGFVFTL
7088	GILGFVFTL
36185	KLGGALQAK
32414	GILGFVFTL
31266	GILGFVFTL
272	IVTDFSVIK
36246	KLGGALQAK
13820	RAKFKQLL
6607	GILGFVFTL
58	RAKFKQLL
36044	KLGGALQAK
34787	KLGGALQAK
36314	KLGGALQAK
34348	KLGGALQAK
35740	KLGGALQAK
5413	KLGGALQAK
24348	GILGFVFTL
5157	KLGGALQAK
35825	GILGFVFTL
35505	KLGGALQAK
34038	KLGGALQAK
4166	IVTDFSVIK
23018	GILGFVFTL
2388	ELAGIGILTV
34487	KLGGALQAK
34510	AVFDRKSDAK
2342	ELAGIGILTV
34043	KLGGALQAK
35927	KLGGALQAK
5019	KLGGALQAK
14683	RAKFKQLL
31880	GILGFVFTL
31192	GILGFVFTL
34569	KLGGALQAK
15288	KLGGALQAK
2503	ELAGIGILTV
35866	KLGGALQAK
30991	GILGFVFTL
34039	KLGGALQAK
2374	KLGGALQAK
10950	RAKFKQLL
14606	RAKFKQLL
23229	RAKFKQLL
5523	KLGGALQAK
28885	GILGFVFTL
34614	KLGGALQAK
18341	RAKFKQLL
2393	ELAGIGILTV
22324	KLGGALQAK
25004	IVTDFSVIK
35129	KLGGALQAK
29849	GILGFVFTL
26149	GILGFVFTL
36247	KLGGALQAK
6555	GILGFVFTL
7077	KLGGALQAK
5080	IVTDFSVIK
34470	KLGGALQAK
7674	RAKFKQLL
26518	ELAGIGILTV
24238	KLGGALQAK
34932	KLGGALQAK
35062	KLGGALQAK
5180	KLGGALQAK
25709	RAKFKQLL
27	IVTDFSVIK
34982	KLGGALQAK
35832	KLGGALQAK
14846	KLGGALQAK
6599	GILGFVFTL
34933	KLGGALQAK
14676	GILGFVFTL
25927	KLGGALQAK
35008	KLGGALQAK
207	RAKFKQLL
153	KLGGALQAK
25002	RAKFKQLL
23231	KLGGALQAK
36104	KLGGALQAK
35899	KLGGALQAK
5254	ELAGIGILTV
34608	KLGGALQAK
6684	GILGFVFTL
32394	GILGFVFTL
36249	KLGGALQAK
34263	KLGGALQAK
35676	KLGGALQAK
14746	RAKFKQLL
6661	GILGFVFTL
35226	KLGGALQAK
36290	ELAGIGILTV
34913	KLGGALQAK
34931	KLGGALQAK
14247	KLGGALQAK
35268	KLGGALQAK
7684	RAKFKQLL
34521	KLGGALQAK
32538	GILGFVFTL
34290	KLGGALQAK
30648	GILGFVFTL
7355	RAKFKQLL
14254	KLGGALQAK
34953	KLGGALQAK
35892	KLGGALQAK
31064	GILGFVFTL
35934	KLGGALQAK
4979	KLGGALQAK
24687	KLGGALQAK
5379	KLGGALQAK
35574	KLGGALQAK
24992	KLGGALQAK
672	KLGGALQAK
20043	RAKFKQLL
5603	GILGFVFTL
34393	KLGGALQAK
5191	KLGGALQAK
6596	GILGFVFTL
5461	KLGGALQAK
34006	KLGGALQAK
35260	KLGGALQAK
5564	GILGFVFTL
373	KLGGALQAK
35700	KLGGALQAK
35310	KLGGALQAK
14838	KLGGALQAK
7201	GILGFVFTL
10407	RAKFKQLL
76	RAKFKQLL
4257	GILGFVFTL
25281	KLGGALQAK
7324	GILGFVFTL
128	KLGGALQAK
29877	GILGFVFTL
21590	RAKFKQLL
34302	KLGGALQAK
35085	KLGGALQAK
31332	GILGFVFTL
34110	KLGGALQAK
27951	GLCTLVAML
34616	KLGGALQAK
7261	KLGGALQAK
5060	KLGGALQAK
2459	RAKFKQLL
36264	KLGGALQAK
35036	KLGGALQAK
17967	KLGGALQAK
34952	KLGGALQAK
34617	KLGGALQAK
23852	KLGGALQAK
5181	KLGGALQAK
34921	KLGGALQAK
34940	KLGGALQAK
17090	RAKFKQLL
5707	GILGFVFTL
35733	KLGGALQAK
22315	KLGGALQAK
28989	GILGFVFTL
34877	KLGGALQAK
35611	KLGGALQAK
35068	KLGGALQAK
33955	KLGGALQAK
17150	RAKFKQLL
35586	KLGGALQAK
34755	KLGGALQAK
36272	IVTDFSVIK
34389	KLGGALQAK
34498	KLGGALQAK
36090	KLGGALQAK
35849	KLGGALQAK
31384	GILGFVFTL
34523	KLGGALQAK
35293	KLGGALQAK
28808	RAKFKQLL
34961	KLGGALQAK
683	KLGGALQAK
34094	KLGGALQAK
26845	RAKFKQLL
5186	KLGGALQAK
25802	KLGGALQAK
5411	KLGGALQAK
15367	RAKFKQLL
36396	IVTDFSVIK
16004	KLGGALQAK
29708	GILGFVFTL
34027	KLGGALQAK
25285	KLGGALQAK
30778	GILGFVFTL
23548	RAKFKQLL
2377	KLGGALQAK
35018	KLGGALQAK
