26138	KLGGALQAK
16977	KLGGALQAK
5319	AVFDRKSDAK
33554	GILGFVFTL
14254	KLGGALQAK
35991	KLGGALQAK
31551	GILGFVFTL
36330	KLGGALQAK
689	AVFDRKSDAK
23120	KLGGALQAK
35023	KLGGALQAK
17881	KLGGALQAK
34997	KLGGALQAK
25797	RAKFKQLL
13987	KLGGALQAK
33394	GILGFVFTL
5215	KLGGALQAK
19401	RAKFKQLL
5092	KLGGALQAK
5100	AVFDRKSDAK
5132	KLGGALQAK
34941	KLGGALQAK
35109	KLGGALQAK
34387	KLGGALQAK
27927	RAKFKQLL
8544	RAKFKQLL
32519	GILGFVFTL
34636	KLGGALQAK
6664	GILGFVFTL
34788	KLGGALQAK
23902	KLGGALQAK
34131	KLGGALQAK
7356	RAKFKQLL
14333	RAKFKQLL
35194	KLGGALQAK
27063	RAKFKQLL
684	AVFDRKSDAK
17180	GLCTLVAML
34414	KLGGALQAK
35628	KLGGALQAK
23824	KLGGALQAK
37043	IVTDFSVIK
1447	AVFDRKSDAK
34718	KLGGALQAK
32279	GILGFVFTL
17046	RAKFKQLL
31677	GILGFVFTL
35706	KLGGALQAK
38430	KLGGALQAK
24682	KLGGALQAK
34787	KLGGALQAK
8391	RAKFKQLL
14264	RAKFKQLL
35770	KLGGALQAK
35945	KLGGALQAK
6549	KLGGALQAK
5033	KLGGALQAK
29962	GILGFVFTL
34251	KLGGALQAK
36221	ELAGIGILTV
23225	GILGFVFTL
30540	GILGFVFTL
22245	RAKFKQLL
5506	GILGFVFTL
34413	KLGGALQAK
24302	GILGFVFTL
38429	ELAGIGILTV
20783	RAKFKQLL
18665	RAKFKQLL
34306	IVTDFSVIK
10417	RAKFKQLL
22309	RAKFKQLL
17179	RAKFKQLL
28465	KLGGALQAK
34692	KLGGALQAK
33591	GILGFVFTL
25393	IVTDFSVIK
34497	KLGGALQAK
25742	KLGGALQAK
25070	KLGGALQAK
34103	KLGGALQAK
35618	KLGGALQAK
69	KLGGALQAK
29963	KLGGALQAK
35219	KLGGALQAK
32502	GILGFVFTL
5315	KLGGALQAK
33901	KLGGALQAK
27947	GLCTLVAML
199	KLGGALQAK
35304	KLGGALQAK
2271	KLGGALQAK
32610	GILGFVFTL
34174	KLGGALQAK
351	IVTDFSVIK
6	GILGFVFTL
11402	RAKFKQLL
20245	RAKFKQLL
34205	KLGGALQAK
26126	KLGGALQAK
35449	KLGGALQAK
34336	KLGGALQAK
36283	KLGGALQAK
23124	KLGGALQAK
36319	IVTDFSVIK
25753	KLGGALQAK
34561	KLGGALQAK
35990	KLGGALQAK
35263	KLGGALQAK
17860	GLCTLVAML
30441	GILGFVFTL
34053	KLGGALQAK
25925	RAKFKQLL
34382	KLGGALQAK
34139	KLGGALQAK
6333	GILGFVFTL
30401	KLGGALQAK
2416	IVTDFSVIK
25890	GILGFVFTL
76	RAKFKQLL
30438	GILGFVFTL
28875	GILGFVFTL
35381	KLGGALQAK
32394	GILGFVFTL
29774	GILGFVFTL
34973	KLGGALQAK
36179	KLGGALQAK
26472	RAKFKQLL
35790	KLGGALQAK
36021	KLGGALQAK
5453	KLGGALQAK
18007	KLGGALQAK
34872	KLGGALQAK
2289	IVTDFSVIK
16004	KLGGALQAK
34703	KLGGALQAK
2560	RAKFKQLL
31636	GILGFVFTL
18262	RAKFKQLL
35335	KLGGALQAK
34408	KLGGALQAK
36003	KLGGALQAK
272	IVTDFSVIK
24304	KLGGALQAK
25852	KLGGALQAK
35712	KLGGALQAK
162	KLGGALQAK
25914	RAKFKQLL
30421	GILGFVFTL
35408	KLGGALQAK
2587	IVTDFSVIK
28845	GILGFVFTL
34774	KLGGALQAK
34096	ELAGIGILTV
35307	KLGGALQAK
32334	GILGFVFTL
30409	GILGFVFTL
585	RAKFKQLL
35177	KLGGALQAK
6241	GILGFVFTL
24884	GLCTLVAML
532	IVTDFSVIK
26523	KLGGALQAK
30573	GILGFVFTL
21061	RAKFKQLL
34663	KLGGALQAK
14316	RAKFKQLL
7368	GILGFVFTL
23011	KLGGALQAK
18008	KLGGALQAK
15944	RAKFKQLL
35899	KLGGALQAK
15331	KLGGALQAK
5494	KLGGALQAK
16963	KLGGALQAK
655	KLGGALQAK
34406	KLGGALQAK
31333	GILGFVFTL
36104	KLGGALQAK
5250	RAKFKQLL
627	ELAGIGILTV
631	IVTDFSVIK
34986	KLGGALQAK
35071	KLGGALQAK
31406	GILGFVFTL
10950	RAKFKQLL
29781	GILGFVFTL
22311	RAKFKQLL
35844	KLGGALQAK
25805	GILGFVFTL
14678	GILGFVFTL
5099	KLGGALQAK
34428	KLGGALQAK
14192	RAKFKQLL
34521	KLGGALQAK
34079	KLGGALQAK
34754	KLGGALQAK
5322	ELAGIGILTV
28712	RAKFKQLL
25384	KLGGALQAK
5222	KLGGALQAK
5436	ELAGIGILTV
30494	GILGFVFTL
6951	GILGFVFTL
35760	KLGGALQAK
5535	KLGGALQAK
34315	KLGGALQAK
15345	AVFDRKSDAK
33600	GILGFVFTL
34186	KLGGALQAK
74	RAKFKQLL
34108	KLGGALQAK
27088	RAKFKQLL
224	KLGGALQAK
5163	GILGFVFTL
36288	KLGGALQAK
23237	GILGFVFTL
2342	ELAGIGILTV
3880	IVTDFSVIK
25404	RAKFKQLL
2337	KLGGALQAK
35489	KLGGALQAK
2393	ELAGIGILTV
23906	KLGGALQAK
35195	KLGGALQAK
26259	KLGGALQAK
34044	KLGGALQAK
28361	KLGGALQAK
24126	RAKFKQLL
7344	RAKFKQLL
35774	KLGGALQAK
35339	KLGGALQAK
25102	GLCTLVAML
26514	RAKFKQLL
29799	GILGFVFTL
19	KLGGALQAK
35603	KLGGALQAK
33946	KLGGALQAK
28371	RAKFKQLL
27060	KLGGALQAK
677	IVTDFSVIK
34304	KLGGALQAK
34253	KLGGALQAK
31383	GILGFVFTL
15298	RAKFKQLL
34350	KLGGALQAK
34223	KLGGALQAK
25454	KLGGALQAK
28737	KLGGALQAK
35968	KLGGALQAK
5544	GILGFVFTL
7163	ELAGIGILTV
22358	RAKFKQLL
35749	KLGGALQAK
34076	KLGGALQAK
29957	GILGFVFTL
34957	KLGGALQAK
33230	GILGFVFTL
34429	KLGGALQAK
23548	RAKFKQLL
5652	GILGFVFTL
25402	GILGFVFTL
44	KLGGALQAK
35826	KLGGALQAK
6671	GILGFVFTL
28715	KLGGALQAK
36196	KLGGALQAK
26016	KLGGALQAK
2558	KLGGALQAK
2309	KLGGALQAK
23813	RAKFKQLL
24975	KLGGALQAK
7231	KLGGALQAK
2423	ELAGIGILTV
36154	KLGGALQAK
23285	RAKFKQLL
35884	KLGGALQAK
34842	KLGGALQAK
26555	RAKFKQLL
24363	KLGGALQAK
35656	KLGGALQAK
10306	RAKFKQLL
5029	GILGFVFTL
19693	RAKFKQLL
35464	KLGGALQAK
35583	KLGGALQAK
15383	RAKFKQLL
34152	KLGGALQAK
24846	GLCTLVAML
23103	GILGFVFTL
2364	RAKFKQLL
34314	KLGGALQAK
23630	RAKFKQLL
35454	KLGGALQAK
34961	KLGGALQAK
34526	KLGGALQAK
36222	IVTDFSVIK
34625	KLGGALQAK
16425	RAKFKQLL
28037	RAKFKQLL
34494	KLGGALQAK
22330	RAKFKQLL
23374	KLGGALQAK
35130	KLGGALQAK
34686	KLGGALQAK
34346	KLGGALQAK
35283	KLGGALQAK
23014	KLGGALQAK
5650	GILGFVFTL
28573	ELAGIGILTV
34236	KLGGALQAK
34228	KLGGALQAK
36112	KLGGALQAK
8924	RAKFKQLL
30405	GILGFVFTL
34727	KLGGALQAK
5287	KLGGALQAK
7264	AVFDRKSDAK
2095	AVFDRKSDAK
36077	ELAGIGILTV
23846	RAKFKQLL
36236	IVTDFSVIK
5115	RAKFKQLL
29610	GILGFVFTL
641	ELAGIGILTV
35752	KLGGALQAK
23843	KLGGALQAK
36096	KLGGALQAK
31901	RAKFKQLL
2667	IVTDFSVIK
36118	KLGGALQAK
629	KLGGALQAK
34308	KLGGALQAK
14625	GLCTLVAML
35812	KLGGALQAK
18	KLGGALQAK
35932	KLGGALQAK
23825	RAKFKQLL
35168	KLGGALQAK
21860	RAKFKQLL
33898	KLGGALQAK
24339	KLGGALQAK
75	KLGGALQAK
5531	KLGGALQAK
24711	GILGFVFTL
33580	GILGFVFTL
285	IVTDFSVIK
35815	IVTDFSVIK
35121	KLGGALQAK
2493	KLGGALQAK
27099	KLGGALQAK
34172	KLGGALQAK
760	AVFDRKSDAK
33498	GILGFVFTL
18333	RAKFKQLL
23876	KLGGALQAK
34111	AVFDRKSDAK
34780	KLGGALQAK
17877	RAKFKQLL
33894	GILGFVFTL
28457	GILGFVFTL
4964	GILGFVFTL
34119	KLGGALQAK
37689	IVTDFSVIK
31624	GILGFVFTL
47	GILGFVFTL
23372	KLGGALQAK
5697	GILGFVFTL
32364	GILGFVFTL
23973	RAKFKQLL
34398	KLGGALQAK
23211	KLGGALQAK
6545	GILGFVFTL
32337	GILGFVFTL
25719	KLGGALQAK
31630	GILGFVFTL
35149	KLGGALQAK
220	ELAGIGILTV
4257	GILGFVFTL
35241	KLGGALQAK
196	AVFDRKSDAK
23663	RAKFKQLL
15320	KLGGALQAK
17511	GILGFVFTL
27730	RAKFKQLL
34250	KLGGALQAK
28684	KLGGALQAK
35136	KLGGALQAK
34434	KLGGALQAK
34051	KLGGALQAK
36199	IVTDFSVIK
17975	KLGGALQAK
7035	GILGFVFTL
23827	KLGGALQAK
5110	KLGGALQAK
24334	IVTDFSVIK
64	KLGGALQAK
2790	IVTDFSVIK
5869	GILGFVFTL
35455	KLGGALQAK
14628	KLGGALQAK
25705	RAKFKQLL
3468	KLGGALQAK
36264	KLGGALQAK
5373	KLGGALQAK
34549	KLGGALQAK
5238	GILGFVFTL
35554	KLGGALQAK
7338	GILGFVFTL
28864	KLGGALQAK
34719	ELAGIGILTV
32772	GILGFVFTL
30554	GILGFVFTL
133	GILGFVFTL
246	ELAGIGILTV
17880	RAKFKQLL
25762	GILGFVFTL
34045	KLGGALQAK
35187	KLGGALQAK
18492	RAKFKQLL
34896	KLGGALQAK
34050	KLGGALQAK
35176	KLGGALQAK
35017	KLGGALQAK
33538	GILGFVFTL
27951	GLCTLVAML
22365	RAKFKQLL
35366	KLGGALQAK
35901	KLGGALQAK
5488	KLGGALQAK
5419	ELAGIGILTV
4977	IVTDFSVIK
17037	KLGGALQAK
34845	KLGGALQAK
25069	KLGGALQAK
2471	AVFDRKSDAK
25292	RAKFKQLL
36020	KLGGALQAK
221	KLGGALQAK
35469	KLGGALQAK
24693	KLGGALQAK
34072	KLGGALQAK
218	KLGGALQAK
9474	RAKFKQLL
25028	GILGFVFTL
2452	KLGGALQAK
5775	GILGFVFTL
15300	RAKFKQLL
35559	KLGGALQAK
26407	GLCTLVAML
8273	GILGFVFTL
26047	KLGGALQAK
31368	GILGFVFTL
24638	RAKFKQLL
2487	KLGGALQAK
2280	IVTDFSVIK
28870	KLGGALQAK
32366	KLGGALQAK
32342	GILGFVFTL
36064	KLGGALQAK
5027	GILGFVFTL
6558	GILGFVFTL
34947	KLGGALQAK
33468	GILGFVFTL
35668	KLGGALQAK
31952	GILGFVFTL
15311	KLGGALQAK
34709	KLGGALQAK
34155	KLGGALQAK
11795	RAKFKQLL
34591	KLGGALQAK
32555	GILGFVFTL
33116	GILGFVFTL
36244	AVFDRKSDAK
32368	GILGFVFTL
31938	GILGFVFTL
35409	KLGGALQAK
26034	GILGFVFTL
35817	KLGGALQAK
5020	KLGGALQAK
29955	GILGFVFTL
38417	KLGGALQAK
26125	RAKFKQLL
34276	KLGGALQAK
18102	KLGGALQAK
36159	KLGGALQAK
6365	GILGFVFTL
25380	KLGGALQAK
35211	KLGGALQAK
12702	RAKFKQLL
25813	RAKFKQLL
28604	KLGGALQAK
34731	KLGGALQAK
5548	RAKFKQLL
36195	KLGGALQAK
26261	GILGFVFTL
6609	GILGFVFTL
5176	AVFDRKSDAK
35275	KLGGALQAK
32911	GILGFVFTL
1	GILGFVFTL
24381	RAKFKQLL
34763	KLGGALQAK
35843	KLGGALQAK
6555	GILGFVFTL
18067	KLGGALQAK
5225	RAKFKQLL
2515	KLGGALQAK
35470	KLGGALQAK
34060	KLGGALQAK
26116	GILGFVFTL
36079	AVFDRKSDAK
34635	ELAGIGILTV
34683	KLGGALQAK
6355	GILGFVFTL
34054	KLGGALQAK
24088	RAKFKQLL
34391	KLGGALQAK
22998	RAKFKQLL
35822	KLGGALQAK
13825	RAKFKQLL
38421	KLGGALQAK
8379	GILGFVFTL
25798	RAKFKQLL
36186	KLGGALQAK
2241	ELAGIGILTV
23804	RAKFKQLL
2385	IVTDFSVIK
5510	AVFDRKSDAK
34652	AVFDRKSDAK
38418	KLGGALQAK
193	IVTDFSVIK
35697	KLGGALQAK
2572	IVTDFSVIK
34364	KLGGALQAK
35104	KLGGALQAK
28408	RAKFKQLL
26137	KLGGALQAK
30406	GILGFVFTL
6544	ELAGIGILTV
596	ELAGIGILTV
25004	IVTDFSVIK
17869	KLGGALQAK
28455	KLGGALQAK
31504	GILGFVFTL
28862	KLGGALQAK
217	KLGGALQAK
35930	KLGGALQAK
34462	KLGGALQAK
24374	RAKFKQLL
34803	KLGGALQAK
33997	KLGGALQAK
34811	KLGGALQAK
24357	KLGGALQAK
35936	KLGGALQAK
5426	KLGGALQAK
5076	KLGGALQAK
5507	ELAGIGILTV
5814	GILGFVFTL
35256	KLGGALQAK
34622	KLGGALQAK
33599	RAKFKQLL
34527	KLGGALQAK
36191	KLGGALQAK
2387	KLGGALQAK
25012	RAKFKQLL
5522	ELAGIGILTV
6599	GILGFVFTL
34104	KLGGALQAK
28958	KLGGALQAK
26139	RAKFKQLL
35797	KLGGALQAK
35184	KLGGALQAK
23842	RAKFKQLL
21756	RAKFKQLL
18246	RAKFKQLL
2389	KLGGALQAK
5503	KLGGALQAK
36218	IVTDFSVIK
34124	KLGGALQAK
26493	GILGFVFTL
5044	KLGGALQAK
35178	KLGGALQAK
36263	IVTDFSVIK
35560	AVFDRKSDAK
5218	GILGFVFTL
2346	AVFDRKSDAK
35233	KLGGALQAK
4984	KLGGALQAK
2401	KLGGALQAK
4973	KLGGALQAK
35649	KLGGALQAK
5647	GILGFVFTL
27087	RAKFKQLL
35713	KLGGALQAK
34553	KLGGALQAK
34552	KLGGALQAK
35117	KLGGALQAK
28411	RAKFKQLL
14648	GLCTLVAML
35363	KLGGALQAK
33469	KLGGALQAK
35698	KLGGALQAK
15	ELAGIGILTV
32001	GILGFVFTL
35513	KLGGALQAK
14620	RAKFKQLL
28372	KLGGALQAK
34890	KLGGALQAK
35600	KLGGALQAK
34078	KLGGALQAK
26665	RAKFKQLL
18532	RAKFKQLL
2402	KLGGALQAK
378	KLGGALQAK
34881	KLGGALQAK
35378	KLGGALQAK
8103	RAKFKQLL
35955	KLGGALQAK
592	ELAGIGILTV
34634	KLGGALQAK
27841	RAKFKQLL
2447	KLGGALQAK
35615	KLGGALQAK
6797	GILGFVFTL
35220	KLGGALQAK
35314	KLGGALQAK
24064	RAKFKQLL
34102	ELAGIGILTV
26470	KLGGALQAK
17005	GLCTLVAML
2236	KLGGALQAK
35358	KLGGALQAK
26520	ELAGIGILTV
14644	KLGGALQAK
4969	GLCTLVAML
35179	KLGGALQAK
35264	KLGGALQAK
34724	KLGGALQAK
15828	RAKFKQLL
25443	RAKFKQLL
280	KLGGALQAK
16935	KLGGALQAK
5471	ELAGIGILTV
214	KLGGALQAK
34378	KLGGALQAK
22538	RAKFKQLL
5524	KLGGALQAK
9609	RAKFKQLL
6227	GILGFVFTL
25463	RAKFKQLL
36279	IVTDFSVIK
2602	IVTDFSVIK
18092	ELAGIGILTV
15384	RAKFKQLL
35439	KLGGALQAK
25016	IVTDFSVIK
32547	GILGFVFTL
34806	KLGGALQAK
32363	GILGFVFTL
35658	KLGGALQAK
5527	ELAGIGILTV
34316	KLGGALQAK
7206	GILGFVFTL
23118	GILGFVFTL
36069	KLGGALQAK
34522	KLGGALQAK
35079	KLGGALQAK
35305	KLGGALQAK
33860	GILGFVFTL
28593	KLGGALQAK
36187	KLGGALQAK
276	RAKFKQLL
35096	KLGGALQAK
2396	KLGGALQAK
14624	RAKFKQLL
35946	KLGGALQAK
23129	RAKFKQLL
34865	KLGGALQAK
35282	KLGGALQAK
87	RAKFKQLL
34481	KLGGALQAK
34920	KLGGALQAK
2530	KLGGALQAK
36320	KLGGALQAK
34106	KLGGALQAK
28867	GILGFVFTL
27733	RAKFKQLL
36087	KLGGALQAK
33	GILGFVFTL
18089	KLGGALQAK
34417	KLGGALQAK
35918	KLGGALQAK
2438	IVTDFSVIK
16001	ELAGIGILTV
5483	KLGGALQAK
33869	GILGFVFTL
24567	RAKFKQLL
2513	KLGGALQAK
35159	KLGGALQAK
31612	GILGFVFTL
630	GILGFVFTL
28877	GILGFVFTL
32415	GILGFVFTL
2532	KLGGALQAK
34068	KLGGALQAK
14323	RAKFKQLL
140	KLGGALQAK
34572	KLGGALQAK
5492	KLGGALQAK
29797	GILGFVFTL
5031	GILGFVFTL
35027	AVFDRKSDAK
35394	KLGGALQAK
594	KLGGALQAK
34588	KLGGALQAK
18113	KLGGALQAK
35999	KLGGALQAK
210	RAKFKQLL
2526	KLGGALQAK
34493	KLGGALQAK
35971	KLGGALQAK
7323	GILGFVFTL
13152	RAKFKQLL
35690	KLGGALQAK
122	AVFDRKSDAK
5517	KLGGALQAK
5326	IVTDFSVIK
34694	KLGGALQAK
5220	RAKFKQLL
5190	GILGFVFTL
6758	GILGFVFTL
35359	KLGGALQAK
3502	IVTDFSVIK
35026	KLGGALQAK
25410	RAKFKQLL
5268	KLGGALQAK
34940	KLGGALQAK
35897	KLGGALQAK
28607	KLGGALQAK
250	GILGFVFTL
11294	RAKFKQLL
2480	KLGGALQAK
6357	GILGFVFTL
30399	GILGFVFTL
2365	KLGGALQAK
25442	RAKFKQLL
27098	RAKFKQLL
4924	IVTDFSVIK
34851	KLGGALQAK
36252	KLGGALQAK
32607	GILGFVFTL
23086	KLGGALQAK
22348	KLGGALQAK
2269	KLGGALQAK
5402	ELAGIGILTV
25396	KLGGALQAK
24998	RAKFKQLL
29932	GILGFVFTL
34627	KLGGALQAK
23245	RAKFKQLL
1266	GILGFVFTL
25447	RAKFKQLL
35614	KLGGALQAK
35606	KLGGALQAK
34918	KLGGALQAK
25289	KLGGALQAK
35973	KLGGALQAK
34690	KLGGALQAK
34609	KLGGALQAK
25283	RAKFKQLL
7080	GILGFVFTL
35581	AVFDRKSDAK
35570	KLGGALQAK
14060	RAKFKQLL
29019	GILGFVFTL
36213	KLGGALQAK
34065	KLGGALQAK
78	RAKFKQLL
35463	KLGGALQAK
35839	KLGGALQAK
23822	RAKFKQLL
28456	KLGGALQAK
19413	RAKFKQLL
2233	RAKFKQLL
2756	IVTDFSVIK
12252	RAKFKQLL
15723	GILGFVFTL
35876	KLGGALQAK
35090	KLGGALQAK
28571	KLGGALQAK
5466	RAKFKQLL
14320	KLGGALQAK
34944	KLGGALQAK
25722	GILGFVFTL
25992	KLGGALQAK
3712	IVTDFSVIK
1324	AVFDRKSDAK
34638	KLGGALQAK
34814	KLGGALQAK
15333	ELAGIGILTV
5042	IVTDFSVIK
28388	GILGFVFTL
9820	RAKFKQLL
35953	KLGGALQAK
28708	GILGFVFTL
10943	RAKFKQLL
36004	AVFDRKSDAK
34751	KLGGALQAK
5562	GILGFVFTL
34284	KLGGALQAK
34989	KLGGALQAK
24820	RAKFKQLL
26626	RAKFKQLL
25220	GILGFVFTL
17866	KLGGALQAK
23405	RAKFKQLL
34664	KLGGALQAK
35317	KLGGALQAK
36123	KLGGALQAK
25019	KLGGALQAK
14647	RAKFKQLL
6099	GLCTLVAML
34819	KLGGALQAK
5417	KLGGALQAK
34012	KLGGALQAK
29945	GILGFVFTL
6305	GILGFVFTL
35490	KLGGALQAK
2273	KLGGALQAK
34022	KLGGALQAK
2347	ELAGIGILTV
35741	KLGGALQAK
34563	KLGGALQAK
34744	KLGGALQAK
15312	RAKFKQLL
2395	RAKFKQLL
16063	RAKFKQLL
34752	KLGGALQAK
14675	GILGFVFTL
22323	RAKFKQLL
17009	GLCTLVAML
35731	KLGGALQAK
34554	KLGGALQAK
23206	RAKFKQLL
34357	KLGGALQAK
262	RAKFKQLL
36237	AVFDRKSDAK
23859	KLGGALQAK
5260	KLGGALQAK
35914	KLGGALQAK
31	KLGGALQAK
4948	KLGGALQAK
15297	RAKFKQLL
35074	KLGGALQAK
18818	RAKFKQLL
34415	KLGGALQAK
35595	KLGGALQAK
26561	KLGGALQAK
33366	GILGFVFTL
29954	GILGFVFTL
25282	KLGGALQAK
26022	GILGFVFTL
7711	RAKFKQLL
14980	RAKFKQLL
35720	KLGGALQAK
35630	KLGGALQAK
34057	KLGGALQAK
23828	KLGGALQAK
35451	KLGGALQAK
36006	KLGGALQAK
5058	KLGGALQAK
7077	KLGGALQAK
2250	KLGGALQAK
18070	RAKFKQLL
17978	KLGGALQAK
7367	RAKFKQLL
2245	KLGGALQAK
7204	GILGFVFTL
33386	GILGFVFTL
7212	GILGFVFTL
2475	GILGFVFTL
5288	KLGGALQAK
23229	RAKFKQLL
34500	KLGGALQAK
5806	GILGFVFTL
34979	KLGGALQAK
14683	RAKFKQLL
33590	GILGFVFTL
36117	KLGGALQAK
32604	GILGFVFTL
5407	KLGGALQAK
25725	RAKFKQLL
32349	GILGFVFTL
194	KLGGALQAK
34688	KLGGALQAK
31267	GILGFVFTL
679	KLGGALQAK
18000	KLGGALQAK
28728	KLGGALQAK
25452	KLGGALQAK
223	AVFDRKSDAK
35781	KLGGALQAK
32775	GILGFVFTL
37236	IVTDFSVIK
35309	KLGGALQAK
26	KLGGALQAK
35577	KLGGALQAK
35627	KLGGALQAK
8	KLGGALQAK
34039	KLGGALQAK
23900	KLGGALQAK
34587	KLGGALQAK
35708	KLGGALQAK
9486	RAKFKQLL
28935	GILGFVFTL
17882	GILGFVFTL
2234	ELAGIGILTV
34812	KLGGALQAK
32518	GILGFVFTL
34963	KLGGALQAK
35385	KLGGALQAK
2287	KLGGALQAK
6683	GILGFVFTL
35879	KLGGALQAK
2390	GILGFVFTL
5379	KLGGALQAK
34478	KLGGALQAK
26522	KLGGALQAK
35355	KLGGALQAK
36160	KLGGALQAK
30156	GILGFVFTL
24496	RAKFKQLL
34041	KLGGALQAK
5447	KLGGALQAK
29357	GILGFVFTL
16058	RAKFKQLL
31663	GILGFVFTL
35438	KLGGALQAK
4879	IVTDFSVIK
29967	GILGFVFTL
23833	KLGGALQAK
168	AVFDRKSDAK
6551	GILGFVFTL
17965	AVFDRKSDAK
7324	GILGFVFTL
26214	GLCTLVAML
35885	KLGGALQAK
23222	KLGGALQAK
5156	IVTDFSVIK
5460	IVTDFSVIK
34830	KLGGALQAK
36008	KLGGALQAK
32983	GILGFVFTL
34351	KLGGALQAK
12586	RAKFKQLL
35301	KLGGALQAK
34390	KLGGALQAK
30882	GILGFVFTL
36051	IVTDFSVIK
35792	KLGGALQAK
171	ELAGIGILTV
34792	KLGGALQAK
29012	GILGFVFTL
30423	GILGFVFTL
6230	GILGFVFTL
36053	KLGGALQAK
35434	KLGGALQAK
35986	KLGGALQAK
41	AVFDRKSDAK
34445	KLGGALQAK
30088	GILGFVFTL
34667	KLGGALQAK
25924	GILGFVFTL
35719	KLGGALQAK
28840	GILGFVFTL
34775	KLGGALQAK
14548	AVFDRKSDAK
34283	KLGGALQAK
18095	RAKFKQLL
16980	KLGGALQAK
34154	KLGGALQAK
15303	RAKFKQLL
34030	KLGGALQAK
35567	KLGGALQAK
2316	KLGGALQAK
113	RAKFKQLL
35292	KLGGALQAK
36329	IVTDFSVIK
29971	GILGFVFTL
35306	KLGGALQAK
24353	RAKFKQLL
34904	KLGGALQAK
26152	KLGGALQAK
28470	KLGGALQAK
33522	RAKFKQLL
2440	IVTDFSVIK
32998	GILGFVFTL
5498	ELAGIGILTV
35327	KLGGALQAK
2448	ELAGIGILTV
34515	KLGGALQAK
24803	GILGFVFTL
35468	KLGGALQAK
34942	KLGGALQAK
6668	GILGFVFTL
2369	KLGGALQAK
28597	KLGGALQAK
14796	RAKFKQLL
34141	KLGGALQAK
35284	KLGGALQAK
31064	GILGFVFTL
28400	RAKFKQLL
31458	GILGFVFTL
36010	KLGGALQAK
13976	RAKFKQLL
17977	KLGGALQAK
28876	RAKFKQLL
16542	RAKFKQLL
2379	KLGGALQAK
15583	RAKFKQLL
16003	RAKFKQLL
26519	GLCTLVAML
34843	KLGGALQAK
26015	KLGGALQAK
34603	KLGGALQAK
32253	GILGFVFTL
7213	GILGFVFTL
2578	IVTDFSVIK
34781	KLGGALQAK
16002	RAKFKQLL
35271	KLGGALQAK
26109	KLGGALQAK
35674	KLGGALQAK
35162	KLGGALQAK
21046	RAKFKQLL
34647	AVFDRKSDAK
23212	IVTDFSVIK
6607	GILGFVFTL
26190	GLCTLVAML
5154	AVFDRKSDAK
16936	RAKFKQLL
34059	KLGGALQAK
35572	KLGGALQAK
28407	GILGFVFTL
23817	KLGGALQAK
16942	RAKFKQLL
34972	KLGGALQAK
33852	GILGFVFTL
34809	KLGGALQAK
34271	KLGGALQAK
5576	GILGFVFTL
2266	ELAGIGILTV
159	KLGGALQAK
34866	KLGGALQAK
24282	RAKFKQLL
25219	KLGGALQAK
34860	KLGGALQAK
32884	GILGFVFTL
36274	KLGGALQAK
32616	GILGFVFTL
7668	RAKFKQLL
6637	GILGFVFTL
36085	KLGGALQAK
7371	GILGFVFTL
25767	GILGFVFTL
36122	KLGGALQAK
36067	KLGGALQAK
29018	KLGGALQAK
35320	KLGGALQAK
2275	KLGGALQAK
35967	GILGFVFTL
34025	KLGGALQAK
34964	KLGGALQAK
33858	GILGFVFTL
35624	IVTDFSVIK
5558	GILGFVFTL
36324	KLGGALQAK
657	KLGGALQAK
34463	KLGGALQAK
13	GILGFVFTL
33490	GILGFVFTL
13820	RAKFKQLL
25716	RAKFKQLL
4290	IVTDFSVIK
35016	KLGGALQAK
35819	KLGGALQAK
25696	RAKFKQLL
35312	KLGGALQAK
31679	GILGFVFTL
35134	KLGGALQAK
35773	AVFDRKSDAK
2457	KLGGALQAK
5412	ELAGIGILTV
35740	KLGGALQAK
23127	ELAGIGILTV
18110	RAKFKQLL
34884	KLGGALQAK
34244	KLGGALQAK
6239	GILGFVFTL
8091	RAKFKQLL
25899	RAKFKQLL
8106	RAKFKQLL
7167	GILGFVFTL
5655	GILGFVFTL
35011	KLGGALQAK
35139	KLGGALQAK
28614	KLGGALQAK
25276	KLGGALQAK
5374	KLGGALQAK
25400	AVFDRKSDAK
23814	KLGGALQAK
34088	KLGGALQAK
35723	KLGGALQAK
5279	RAKFKQLL
4976	RAKFKQLL
2419	KLGGALQAK
213	KLGGALQAK
34267	KLGGALQAK
36052	KLGGALQAK
24696	KLGGALQAK
32399	GILGFVFTL
6254	GILGFVFTL
28380	GILGFVFTL
35984	KLGGALQAK
34991	KLGGALQAK
23244	ELAGIGILTV
34418	KLGGALQAK
10000	RAKFKQLL
24598	RAKFKQLL
18240	RAKFKQLL
5173	GLCTLVAML
35273	KLGGALQAK
28439	GILGFVFTL
35402	KLGGALQAK
30089	GILGFVFTL
36115	KLGGALQAK
5592	GILGFVFTL
14630	RAKFKQLL
32362	GILGFVFTL
25446	GILGFVFTL
30422	GILGFVFTL
34421	AVFDRKSDAK
152	RAKFKQLL
25290	RAKFKQLL
23224	KLGGALQAK
30381	GILGFVFTL
15572	RAKFKQLL
23816	GILGFVFTL
18058	KLGGALQAK
2468	KLGGALQAK
2283	KLGGALQAK
32595	GILGFVFTL
34712	KLGGALQAK
34862	KLGGALQAK
35265	KLGGALQAK
2239	KLGGALQAK
35629	AVFDRKSDAK
17298	GLCTLVAML
8429	RAKFKQLL
35342	KLGGALQAK
26525	GLCTLVAML
11210	RAKFKQLL
36202	KLGGALQAK
35391	KLGGALQAK
35153	KLGGALQAK
35294	KLGGALQAK
2339	AVFDRKSDAK
5266	GILGFVFTL
2247	KLGGALQAK
35801	KLGGALQAK
34938	KLGGALQAK
35252	KLGGALQAK
34737	KLGGALQAK
26546	KLGGALQAK
34707	KLGGALQAK
7322	GILGFVFTL
17890	KLGGALQAK
34726	KLGGALQAK
29698	GILGFVFTL
35207	KLGGALQAK
7261	KLGGALQAK
24996	RAKFKQLL
28365	KLGGALQAK
27843	RAKFKQLL
25076	KLGGALQAK
26155	GLCTLVAML
30386	GILGFVFTL
5073	KLGGALQAK
23123	KLGGALQAK
23901	KLGGALQAK
25008	IVTDFSVIK
35864	KLGGALQAK
34864	KLGGALQAK
26135	GILGFVFTL
6319	GILGFVFTL
694	KLGGALQAK
35948	KLGGALQAK
5263	KLGGALQAK
15308	GILGFVFTL
6304	GILGFVFTL
16939	GLCTLVAML
31417	GILGFVFTL
5490	AVFDRKSDAK
590	KLGGALQAK
2326	KLGGALQAK
27091	KLGGALQAK
4980	GILGFVFTL
109	ELAGIGILTV
28823	GILGFVFTL
6959	ELAGIGILTV
26504	KLGGALQAK
36023	KLGGALQAK
34665	KLGGALQAK
4946	KLGGALQAK
28734	KLGGALQAK
25692	RAKFKQLL
11482	RAKFKQLL
35937	KLGGALQAK
34373	KLGGALQAK
25218	KLGGALQAK
16947	KLGGALQAK
6802	GILGFVFTL
4130	IVTDFSVIK
35865	KLGGALQAK
34230	ELAGIGILTV
26511	RAKFKQLL
4982	KLGGALQAK
5677	GILGFVFTL
35091	KLGGALQAK
24317	KLGGALQAK
26148	GILGFVFTL
28284	RAKFKQLL
2382	KLGGALQAK
7034	GILGFVFTL
5706	GILGFVFTL
13910	RAKFKQLL
34946	KLGGALQAK
5452	KLGGALQAK
35269	KLGGALQAK
5321	IVTDFSVIK
14672	KLGGALQAK
35925	KLGGALQAK
15190	GILGFVFTL
25910	RAKFKQLL
34628	KLGGALQAK
35736	KLGGALQAK
34214	KLGGALQAK
36180	KLGGALQAK
17888	KLGGALQAK
7155	GILGFVFTL
2372	ELAGIGILTV
5375	AVFDRKSDAK
14401	RAKFKQLL
36098	IVTDFSVIK
5551	GILGFVFTL
35351	KLGGALQAK
34158	KLGGALQAK
14249	KLGGALQAK
31402	KLGGALQAK
5696	GILGFVFTL
23093	GLCTLVAML
34192	KLGGALQAK
28473	AVFDRKSDAK
25891	GILGFVFTL
2559	IVTDFSVIK
26837	RAKFKQLL
34084	KLGGALQAK
34827	KLGGALQAK
34178	KLGGALQAK
18065	KLGGALQAK
2303	IVTDFSVIK
5164	IVTDFSVIK
33535	GILGFVFTL
5	GILGFVFTL
6557	RAKFKQLL
27758	RAKFKQLL
6356	GILGFVFTL
16952	KLGGALQAK
2299	GILGFVFTL
658	AVFDRKSDAK
35841	GILGFVFTL
4960	KLGGALQAK
36049	KLGGALQAK
35085	KLGGALQAK
36132	ELAGIGILTV
16713	RAKFKQLL
34240	KLGGALQAK
2568	IVTDFSVIK
28410	RAKFKQLL
34358	KLGGALQAK
257	KLGGALQAK
36181	KLGGALQAK
5057	ELAGIGILTV
5075	KLGGALQAK
35924	KLGGALQAK
34113	KLGGALQAK
34631	KLGGALQAK
35755	KLGGALQAK
34510	AVFDRKSDAK
3185	IVTDFSVIK
35860	KLGGALQAK
34834	KLGGALQAK
28721	RAKFKQLL
18054	GLCTLVAML
23232	KLGGALQAK
279	KLGGALQAK
2386	KLGGALQAK
11	KLGGALQAK
7329	GILGFVFTL
31379	GILGFVFTL
34487	KLGGALQAK
15581	RAKFKQLL
26130	KLGGALQAK
5651	KLGGALQAK
25771	RAKFKQLL
34197	KLGGALQAK
34982	KLGGALQAK
5061	KLGGALQAK
34233	KLGGALQAK
121	ELAGIGILTV
24291	KLGGALQAK
156	GILGFVFTL
28474	ELAGIGILTV
36133	IVTDFSVIK
34289	KLGGALQAK
35662	KLGGALQAK
25071	KLGGALQAK
34639	KLGGALQAK
5104	KLGGALQAK
35034	KLGGALQAK
7330	KLGGALQAK
35268	KLGGALQAK
30402	GILGFVFTL
36824	IVTDFSVIK
34370	KLGGALQAK
35693	KLGGALQAK
6635	GILGFVFTL
34328	KLGGALQAK
628	GILGFVFTL
34906	KLGGALQAK
31861	GILGFVFTL
35929	KLGGALQAK
35733	KLGGALQAK
33483	GILGFVFTL
35851	KLGGALQAK
27083	KLGGALQAK
26039	KLGGALQAK
36267	KLGGALQAK
24242	RAKFKQLL
34666	KLGGALQAK
14626	RAKFKQLL
26032	KLGGALQAK
25302	RAKFKQLL
14852	RAKFKQLL
18020	RAKFKQLL
28602	KLGGALQAK
5179	KLGGALQAK
35856	KLGGALQAK
34224	KLGGALQAK
25752	GILGFVFTL
281	KLGGALQAK
27286	RAKFKQLL
5019	KLGGALQAK
34926	KLGGALQAK
7215	GILGFVFTL
27	IVTDFSVIK
28874	KLGGALQAK
2481	KLGGALQAK
2482	KLGGALQAK
34213	KLGGALQAK
23820	RAKFKQLL
24359	KLGGALQAK
25082	KLGGALQAK
19486	RAKFKQLL
34381	KLGGALQAK
27161	RAKFKQLL
34748	KLGGALQAK
36120	KLGGALQAK
35912	KLGGALQAK
31786	GILGFVFTL
34967	KLGGALQAK
5433	GILGFVFTL
2388	ELAGIGILTV
34175	KLGGALQAK
26136	KLGGALQAK
1168	AVFDRKSDAK
32856	GILGFVFTL
2315	IVTDFSVIK
23993	RAKFKQLL
34955	KLGGALQAK
2476	AVFDRKSDAK
34999	KLGGALQAK
34071	KLGGALQAK
16650	RAKFKQLL
23121	KLGGALQAK
6252	GILGFVFTL
28594	KLGGALQAK
16053	RAKFKQLL
34216	KLGGALQAK
35882	KLGGALQAK
30427	GILGFVFTL
21712	RAKFKQLL
34568	KLGGALQAK
30032	GILGFVFTL
35805	KLGGALQAK
25021	RAKFKQLL
33828	GILGFVFTL
34966	KLGGALQAK
20130	RAKFKQLL
34525	KLGGALQAK
5855	GILGFVFTL
28957	GILGFVFTL
23010	KLGGALQAK
24310	KLGGALQAK
36009	KLGGALQAK
35062	KLGGALQAK
34258	KLGGALQAK
14318	KLGGALQAK
18695	RAKFKQLL
97	KLGGALQAK
31454	GILGFVFTL
27093	IVTDFSVIK
35432	KLGGALQAK
32661	GILGFVFTL
5047	KLGGALQAK
35352	KLGGALQAK
5432	KLGGALQAK
14330	RAKFKQLL
28989	GILGFVFTL
35169	KLGGALQAK
36055	KLGGALQAK
34165	KLGGALQAK
17954	RAKFKQLL
34779	KLGGALQAK
3074	IVTDFSVIK
30087	KLGGALQAK
31276	GILGFVFTL
34536	KLGGALQAK
35569	KLGGALQAK
33987	KLGGALQAK
27726	RAKFKQLL
34954	KLGGALQAK
172	KLGGALQAK
31937	GILGFVFTL
35407	KLGGALQAK
5469	ELAGIGILTV
34193	KLGGALQAK
2304	KLGGALQAK
34011	KLGGALQAK
16091	RAKFKQLL
2358	KLGGALQAK
5049	RAKFKQLL
1699	AVFDRKSDAK
26150	RAKFKQLL
14681	RAKFKQLL
6325	GILGFVFTL
591	ELAGIGILTV
2284	KLGGALQAK
25027	ELAGIGILTV
2327	KLGGALQAK
7882	RAKFKQLL
36063	IVTDFSVIK
11041	RAKFKQLL
369	KLGGALQAK
35392	KLGGALQAK
14850	RAKFKQLL
5418	ELAGIGILTV
35995	KLGGALQAK
34822	KLGGALQAK
2	GILGFVFTL
36107	KLGGALQAK
34962	KLGGALQAK
34921	KLGGALQAK
28444	KLGGALQAK
24362	KLGGALQAK
67	GILGFVFTL
192	RAKFKQLL
35715	KLGGALQAK
34808	KLGGALQAK
34363	KLGGALQAK
28450	KLGGALQAK
7684	RAKFKQLL
27302	RAKFKQLL
34644	KLGGALQAK
35710	KLGGALQAK
5227	KLGGALQAK
28732	KLGGALQAK
5514	ELAGIGILTV
13823	RAKFKQLL
29940	GILGFVFTL
35331	KLGGALQAK
34015	KLGGALQAK
5536	ELAGIGILTV
2418	KLGGALQAK
31892	GILGFVFTL
5804	GILGFVFTL
35030	KLGGALQAK
24588	RAKFKQLL
35648	KLGGALQAK
17044	KLGGALQAK
24311	KLGGALQAK
5026	GILGFVFTL
2494	KLGGALQAK
34608	KLGGALQAK
33112	RAKFKQLL
34564	KLGGALQAK
1233	AVFDRKSDAK
34785	KLGGALQAK
4107	IVTDFSVIK
35212	KLGGALQAK
36139	KLGGALQAK
36076	KLGGALQAK
35230	KLGGALQAK
28710	RAKFKQLL
4079	IVTDFSVIK
34455	ELAGIGILTV
34544	KLGGALQAK
34633	KLGGALQAK
15827	RAKFKQLL
3101	IVTDFSVIK
6470	GILGFVFTL
20756	RAKFKQLL
35261	KLGGALQAK
6321	IVTDFSVIK
34171	ELAGIGILTV
28834	KLGGALQAK
28831	GILGFVFTL
23318	RAKFKQLL
35806	KLGGALQAK
7229	KLGGALQAK
29727	GILGFVFTL
34893	KLGGALQAK
7254	KLGGALQAK
35347	KLGGALQAK
34221	KLGGALQAK
26151	KLGGALQAK
35608	KLGGALQAK
17343	RAKFKQLL
28822	GLCTLVAML
34333	KLGGALQAK
28587	GILGFVFTL
696	KLGGALQAK
2407	KLGGALQAK
35174	ELAGIGILTV
34491	AVFDRKSDAK
35333	KLGGALQAK
18066	RAKFKQLL
6248	GILGFVFTL
28808	RAKFKQLL
34399	KLGGALQAK
29893	GILGFVFTL
30648	GILGFVFTL
5265	KLGGALQAK
36175	IVTDFSVIK
7662	KLGGALQAK
5264	GILGFVFTL
1588	AVFDRKSDAK
5540	KLGGALQAK
36301	KLGGALQAK
34776	KLGGALQAK
25453	RAKFKQLL
3371	IVTDFSVIK
35565	KLGGALQAK
35362	KLGGALQAK
34593	KLGGALQAK
34028	KLGGALQAK
4975	ELAGIGILTV
33851	GILGFVFTL
28682	KLGGALQAK
26242	GILGFVFTL
24305	RAKFKQLL
36126	KLGGALQAK
36325	KLGGALQAK
7262	RAKFKQLL
35191	KLGGALQAK
35338	KLGGALQAK
5445	KLGGALQAK
16222	RAKFKQLL
36285	KLGGALQAK
28612	KLGGALQAK
26149	GILGFVFTL
9203	RAKFKQLL
35376	KLGGALQAK
35607	KLGGALQAK
28611	GILGFVFTL
36022	KLGGALQAK
4166	IVTDFSVIK
2132	AVFDRKSDAK
35143	KLGGALQAK
34916	KLGGALQAK
2479	KLGGALQAK
6236	GILGFVFTL
34630	ELAGIGILTV
23242	KLGGALQAK
34074	KLGGALQAK
34567	KLGGALQAK
34395	KLGGALQAK
5024	KLGGALQAK
34412	KLGGALQAK
35372	KLGGALQAK
2291	KLGGALQAK
35106	KLGGALQAK
35053	KLGGALQAK
2809	IVTDFSVIK
26254	KLGGALQAK
28678	KLGGALQAK
19789	RAKFKQLL
17996	GLCTLVAML
15277	RAKFKQLL
18093	RAKFKQLL
16948	KLGGALQAK
35260	KLGGALQAK
4390	IVTDFSVIK
13989	RAKFKQLL
35403	KLGGALQAK
18061	RAKFKQLL
30795	GILGFVFTL
11154	RAKFKQLL
15990	KLGGALQAK
5547	GILGFVFTL
15988	RAKFKQLL
36314	KLGGALQAK
34518	KLGGALQAK
6012	GILGFVFTL
23209	RAKFKQLL
5429	ELAGIGILTV
34828	KLGGALQAK
5229	KLGGALQAK
24219	RAKFKQLL
35413	KLGGALQAK
26518	ELAGIGILTV
35300	KLGGALQAK
586	KLGGALQAK
34482	KLGGALQAK
23278	RAKFKQLL
34396	KLGGALQAK
34137	KLGGALQAK
5217	KLGGALQAK
34343	KLGGALQAK
35804	KLGGALQAK
27651	RAKFKQLL
36273	IVTDFSVIK
34685	KLGGALQAK
23219	ELAGIGILTV
2406	KLGGALQAK
10574	RAKFKQLL
34789	KLGGALQAK
7266	GLCTLVAML
588	GILGFVFTL
18090	RAKFKQLL
35274	KLGGALQAK
14243	RAKFKQLL
4978	RAKFKQLL
13801	RAKFKQLL
34492	KLGGALQAK
35073	KLGGALQAK
34534	KLGGALQAK
35477	KLGGALQAK
7969	RAKFKQLL
35326	KLGGALQAK
269	GILGFVFTL
35135	IVTDFSVIK
31268	GILGFVFTL
34795	KLGGALQAK
31664	GILGFVFTL
35037	KLGGALQAK
25720	KLGGALQAK
5142	KLGGALQAK
35032	KLGGALQAK
31343	GILGFVFTL
2518	KLGGALQAK
81	ELAGIGILTV
5081	KLGGALQAK
31652	GILGFVFTL
25385	RAKFKQLL
4322	IVTDFSVIK
35390	KLGGALQAK
28718	KLGGALQAK
22730	RAKFKQLL
33589	GILGFVFTL
33529	GILGFVFTL
34620	KLGGALQAK
17895	GLCTLVAML
35848	GILGFVFTL
5112	KLGGALQAK
31998	GILGFVFTL
35253	KLGGALQAK
34150	KLGGALQAK
34120	KLGGALQAK
7331	GILGFVFTL
14849	RAKFKQLL
26954	RAKFKQLL
33530	GILGFVFTL
18039	AVFDRKSDAK
31066	GILGFVFTL
34988	KLGGALQAK
5495	KLGGALQAK
34874	KLGGALQAK
7224	GILGFVFTL
35676	KLGGALQAK
34132	KLGGALQAK
36247	KLGGALQAK
94	KLGGALQAK
25084	GILGFVFTL
42	AVFDRKSDAK
34401	KLGGALQAK
7355	RAKFKQLL
36158	KLGGALQAK
34974	KLGGALQAK
35594	KLGGALQAK
35610	KLGGALQAK
5275	RAKFKQLL
25727	KLGGALQAK
23027	RAKFKQLL
2328	GILGFVFTL
26505	KLGGALQAK
33945	GILGFVFTL
124	ELAGIGILTV
15302	AVFDRKSDAK
35129	KLGGALQAK
35585	KLGGALQAK
86	GILGFVFTL
24986	KLGGALQAK
26014	KLGGALQAK
15794	RAKFKQLL
24358	KLGGALQAK
28583	KLGGALQAK
16944	ELAGIGILTV
36105	KLGGALQAK
35236	KLGGALQAK
18663	RAKFKQLL
26558	RAKFKQLL
34297	KLGGALQAK
23012	KLGGALQAK
23962	RAKFKQLL
36289	KLGGALQAK
34016	KLGGALQAK
624	KLGGALQAK
3952	IVTDFSVIK
34033	KLGGALQAK
35164	KLGGALQAK
5178	RAKFKQLL
25273	RAKFKQLL
5018	KLGGALQAK
36078	IVTDFSVIK
24036	RAKFKQLL
275	IVTDFSVIK
2312	KLGGALQAK
14561	RAKFKQLL
34799	KLGGALQAK
25378	RAKFKQLL
2348	GILGFVFTL
35889	KLGGALQAK
7280	GILGFVFTL
28307	RAKFKQLL
2577	KLGGALQAK
28680	KLGGALQAK
34783	KLGGALQAK
5270	KLGGALQAK
31890	GILGFVFTL
34196	KLGGALQAK
27723	RAKFKQLL
2580	IVTDFSVIK
35833	KLGGALQAK
7079	KLGGALQAK
31434	GILGFVFTL
15702	RAKFKQLL
36176	KLGGALQAK
25029	RAKFKQLL
23240	RAKFKQLL
16659	RAKFKQLL
5079	KLGGALQAK
25053	RAKFKQLL
23071	GILGFVFTL
23823	KLGGALQAK
8437	RAKFKQLL
28305	KLGGALQAK
16934	RAKFKQLL
23907	RAKFKQLL
36183	AVFDRKSDAK
36130	KLGGALQAK
34729	KLGGALQAK
34085	KLGGALQAK
34278	GILGFVFTL
6996	GILGFVFTL
34473	KLGGALQAK
28300	RAKFKQLL
33526	GILGFVFTL
34237	KLGGALQAK
31081	GILGFVFTL
34928	KLGGALQAK
25222	RAKFKQLL
36119	KLGGALQAK
23896	RAKFKQLL
32594	GILGFVFTL
5157	KLGGALQAK
26147	RAKFKQLL
7310	GILGFVFTL
31633	GILGFVFTL
18230	RAKFKQLL
35155	KLGGALQAK
25011	IVTDFSVIK
25439	RAKFKQLL
21614	RAKFKQLL
7672	RAKFKQLL
28933	GILGFVFTL
32002	GILGFVFTL
24716	RAKFKQLL
28879	RAKFKQLL
23356	RAKFKQLL
5233	KLGGALQAK
25441	RAKFKQLL
13853	RAKFKQLL
28851	RAKFKQLL
83	RAKFKQLL
2360	ELAGIGILTV
0	GILGFVFTL
34431	KLGGALQAK
18115	RAKFKQLL
5378	KLGGALQAK
35061	KLGGALQAK
5180	KLGGALQAK
243	GILGFVFTL
31555	RAKFKQLL
29776	GILGFVFTL
2477	AVFDRKSDAK
7158	GILGFVFTL
36005	KLGGALQAK
35881	KLGGALQAK
6598	GILGFVFTL
40	GILGFVFTL
34257	KLGGALQAK
34298	KLGGALQAK
34909	KLGGALQAK
24590	RAKFKQLL
24382	RAKFKQLL
8654	RAKFKQLL
35621	KLGGALQAK
34136	KLGGALQAK
35958	KLGGALQAK
35907	KLGGALQAK
6162	GILGFVFTL
219	KLGGALQAK
7074	GILGFVFTL
25299	RAKFKQLL
35166	KLGGALQAK
25294	KLGGALQAK
36272	IVTDFSVIK
957	AVFDRKSDAK
185	ELAGIGILTV
25462	RAKFKQLL
35095	KLGGALQAK
26556	RAKFKQLL
5136	RAKFKQLL
18072	RAKFKQLL
34720	KLGGALQAK
5550	GILGFVFTL
5959	GILGFVFTL
24463	RAKFKQLL
187	ELAGIGILTV
36310	ELAGIGILTV
15289	RAKFKQLL
23128	KLGGALQAK
24699	GILGFVFTL
34064	KLGGALQAK
34367	KLGGALQAK
7243	IVTDFSVIK
38425	KLGGALQAK
35985	KLGGALQAK
2318	KLGGALQAK
36249	KLGGALQAK
5599	GILGFVFTL
215	GILGFVFTL
34595	KLGGALQAK
21464	RAKFKQLL
35639	KLGGALQAK
583	ELAGIGILTV
28369	RAKFKQLL
35993	KLGGALQAK
35321	KLGGALQAK
24322	RAKFKQLL
25112	GILGFVFTL
35266	KLGGALQAK
6092	GILGFVFTL
35058	KLGGALQAK
28463	KLGGALQAK
7360	RAKFKQLL
35635	KLGGALQAK
34469	KLGGALQAK
35847	KLGGALQAK
34715	KLGGALQAK
29702	GILGFVFTL
27746	RAKFKQLL
34908	KLGGALQAK
35852	KLGGALQAK
34532	KLGGALQAK
16265	RAKFKQLL
35726	KLGGALQAK
32520	GILGFVFTL
2333	ELAGIGILTV
34225	KLGGALQAK
33552	GILGFVFTL
35332	KLGGALQAK
2533	RAKFKQLL
33985	KLGGALQAK
2391	KLGGALQAK
15046	RAKFKQLL
36271	KLGGALQAK
35182	KLGGALQAK
34833	KLGGALQAK
200	KLGGALQAK
23020	GILGFVFTL
34584	KLGGALQAK
5127	KLGGALQAK
34209	KLGGALQAK
31476	GILGFVFTL
24290	GLCTLVAML
35590	KLGGALQAK
34423	KLGGALQAK
35125	KLGGALQAK
34758	KLGGALQAK
35145	KLGGALQAK
14677	GILGFVFTL
3053	IVTDFSVIK
5050	RAKFKQLL
35604	KLGGALQAK
34112	KLGGALQAK
15323	KLGGALQAK
35765	KLGGALQAK
34836	KLGGALQAK
26537	GLCTLVAML
2531	KLGGALQAK
6091	GILGFVFTL
35072	KLGGALQAK
34610	KLGGALQAK
23371	KLGGALQAK
2411	KLGGALQAK
33499	GILGFVFTL
14621	KLGGALQAK
35186	KLGGALQAK
35913	KLGGALQAK
102	KLGGALQAK
5183	GILGFVFTL
34936	KLGGALQAK
35743	KLGGALQAK
2261	RAKFKQLL
34337	KLGGALQAK
25436	RAKFKQLL
34678	KLGGALQAK
35836	KLGGALQAK
31745	GILGFVFTL
17956	KLGGALQAK
8622	RAKFKQLL
34426	AVFDRKSDAK
11726	RAKFKQLL
35251	KLGGALQAK
35443	KLGGALQAK
3646	IVTDFSVIK
114	KLGGALQAK
2466	AVFDRKSDAK
5473	KLGGALQAK
30425	GILGFVFTL
24635	RAKFKQLL
35234	KLGGALQAK
34400	KLGGALQAK
5219	KLGGALQAK
5078	AVFDRKSDAK
263	KLGGALQAK
18088	RAKFKQLL
3105	IVTDFSVIK
35293	KLGGALQAK
5034	KLGGALQAK
34305	KLGGALQAK
16957	RAKFKQLL
35893	KLGGALQAK
25704	RAKFKQLL
18073	AVFDRKSDAK
26262	KLGGALQAK
635	RAKFKQLL
23964	RAKFKQLL
34219	KLGGALQAK
26615	RAKFKQLL
5392	GILGFVFTL
34454	KLGGALQAK
34740	KLGGALQAK
8896	RAKFKQLL
12455	RAKFKQLL
6237	GILGFVFTL
31363	GILGFVFTL
34985	KLGGALQAK
34220	KLGGALQAK
35651	KLGGALQAK
24592	RAKFKQLL
17955	GILGFVFTL
24684	GILGFVFTL
34394	KLGGALQAK
5653	GILGFVFTL
4944	KLGGALQAK
34913	KLGGALQAK
27291	RAKFKQLL
2235	ELAGIGILTV
14187	KLGGALQAK
5169	GILGFVFTL
35229	KLGGALQAK
2230	KLGGALQAK
34075	KLGGALQAK
35681	KLGGALQAK
35694	KLGGALQAK
34569	KLGGALQAK
13977	RAKFKQLL
17863	KLGGALQAK
35412	KLGGALQAK
25717	RAKFKQLL
14247	KLGGALQAK
23965	RAKFKQLL
35970	KLGGALQAK
34234	KLGGALQAK
5391	KLGGALQAK
34086	KLGGALQAK
33991	KLGGALQAK
7234	KLGGALQAK
6552	GILGFVFTL
28246	RAKFKQLL
34238	KLGGALQAK
2520	KLGGALQAK
34949	KLGGALQAK
38423	KLGGALQAK
189	ELAGIGILTV
24335	AVFDRKSDAK
4958	KLGGALQAK
2528	AVFDRKSDAK
34486	KLGGALQAK
4956	GILGFVFTL
4464	IVTDFSVIK
33500	GILGFVFTL
34235	KLGGALQAK
34110	KLGGALQAK
31627	GILGFVFTL
24591	RAKFKQLL
31930	GILGFVFTL
25438	RAKFKQLL
24221	RAKFKQLL
18109	RAKFKQLL
34352	KLGGALQAK
34227	KLGGALQAK
128	KLGGALQAK
34804	KLGGALQAK
2279	KLGGALQAK
7214	KLGGALQAK
5043	KLGGALQAK
31399	GILGFVFTL
25390	RAKFKQLL
125	RAKFKQLL
6231	GILGFVFTL
24307	GILGFVFTL
6602	GILGFVFTL
15230	RAKFKQLL
31856	GILGFVFTL
35800	KLGGALQAK
35165	KLGGALQAK
34260	KLGGALQAK
34915	KLGGALQAK
35040	KLGGALQAK
34914	KLGGALQAK
33577	GILGFVFTL
25391	RAKFKQLL
36156	KLGGALQAK
14640	KLGGALQAK
25408	GILGFVFTL
2340	KLGGALQAK
34958	KLGGALQAK
27068	RAKFKQLL
5071	RAKFKQLL
33814	GILGFVFTL
29771	RAKFKQLL
6232	GILGFVFTL
25451	RAKFKQLL
25796	GILGFVFTL
31378	GILGFVFTL
10357	RAKFKQLL
35486	ELAGIGILTV
36097	KLGGALQAK
18052	KLGGALQAK
55	IVTDFSVIK
7306	GILGFVFTL
34524	KLGGALQAK
35652	KLGGALQAK
5022	GILGFVFTL
34523	KLGGALQAK
112	KLGGALQAK
34313	KLGGALQAK
36060	KLGGALQAK
35221	KLGGALQAK
35238	KLGGALQAK
28735	GILGFVFTL
27755	RAKFKQLL
24633	GILGFVFTL
35452	KLGGALQAK
34416	KLGGALQAK
5060	KLGGALQAK
34142	KLGGALQAK
6366	GILGFVFTL
137	KLGGALQAK
23203	KLGGALQAK
35786	KLGGALQAK
6601	GILGFVFTL
2490	IVTDFSVIK
22972	RAKFKQLL
3358	IVTDFSVIK
34871	KLGGALQAK
5502	KLGGALQAK
34637	KLGGALQAK
36062	AVFDRKSDAK
31972	GILGFVFTL
472	IVTDFSVIK
34287	KLGGALQAK
35297	KLGGALQAK
253	IVTDFSVIK
35835	KLGGALQAK
35637	KLGGALQAK
25920	GILGFVFTL
34519	KLGGALQAK
26510	KLGGALQAK
34109	KLGGALQAK
8131	RAKFKQLL
31840	GILGFVFTL
36290	ELAGIGILTV
2424	GILGFVFTL
36317	KLGGALQAK
25764	KLGGALQAK
35853	KLGGALQAK
35911	KLGGALQAK
129	GILGFVFTL
29938	GILGFVFTL
26044	KLGGALQAK
31460	GILGFVFTL
191	KLGGALQAK
4930	IVTDFSVIK
6259	GILGFVFTL
31607	RAKFKQLL
28729	RAKFKQLL
15330	RAKFKQLL
7091	GILGFVFTL
34901	KLGGALQAK
5276	IVTDFSVIK
34700	KLGGALQAK
34745	KLGGALQAK
25723	IVTDFSVIK
155	ELAGIGILTV
12887	RAKFKQLL
34777	KLGGALQAK
10449	RAKFKQLL
31635	GILGFVFTL
7670	RAKFKQLL
13207	RAKFKQLL
12507	RAKFKQLL
15335	RAKFKQLL
3846	IVTDFSVIK
34073	KLGGALQAK
8647	RAKFKQLL
33481	KLGGALQAK
2837	IVTDFSVIK
7346	KLGGALQAK
35653	ELAGIGILTV
23853	KLGGALQAK
28447	KLGGALQAK
36002	KLGGALQAK
35665	KLGGALQAK
34201	KLGGALQAK
89	AVFDRKSDAK
34459	KLGGALQAK
15606	RAKFKQLL
10423	RAKFKQLL
14851	KLGGALQAK
36309	IVTDFSVIK
34279	AVFDRKSDAK
35232	KLGGALQAK
18091	RAKFKQLL
25810	RAKFKQLL
35249	KLGGALQAK
6327	GILGFVFTL
23888	RAKFKQLL
34614	KLGGALQAK
35105	KLGGALQAK
34292	KLGGALQAK
35962	KLGGALQAK
34661	KLGGALQAK
5274	KLGGALQAK
34392	KLGGALQAK
5152	KLGGALQAK
34641	KLGGALQAK
3780	IVTDFSVIK
35748	KLGGALQAK
22312	AVFDRKSDAK
25815	RAKFKQLL
4296	IVTDFSVIK
15985	KLGGALQAK
15361	RAKFKQLL
34653	KLGGALQAK
35377	KLGGALQAK
30410	GILGFVFTL
35887	RAKFKQLL
35398	KLGGALQAK
26013	RAKFKQLL
34837	KLGGALQAK
35076	KLGGALQAK
35895	KLGGALQAK
33572	GILGFVFTL
36084	AVFDRKSDAK
34760	KLGGALQAK
35959	KLGGALQAK
27062	KLGGALQAK
26471	GILGFVFTL
240	RAKFKQLL
36153	KLGGALQAK
28706	KLGGALQAK
22895	RAKFKQLL
2334	GILGFVFTL
16699	RAKFKQLL
36316	KLGGALQAK
34531	KLGGALQAK
5703	GILGFVFTL
7996	RAKFKQLL
25450	RAKFKQLL
707	IVTDFSVIK
35093	KLGGALQAK
35141	KLGGALQAK
34451	KLGGALQAK
5515	ELAGIGILTV
209	RAKFKQLL
34832	KLGGALQAK
2426	IVTDFSVIK
35133	KLGGALQAK
18053	KLGGALQAK
32390	GILGFVFTL
33072	GILGFVFTL
77	ELAGIGILTV
6361	GILGFVFTL
7690	RAKFKQLL
26569	RAKFKQLL
34146	KLGGALQAK
15313	RAKFKQLL
35196	KLGGALQAK
2504	KLGGALQAK
25401	IVTDFSVIK
26702	RAKFKQLL
35069	KLGGALQAK
35060	KLGGALQAK
35669	KLGGALQAK
28738	KLGGALQAK
29923	GILGFVFTL
28598	KLGGALQAK
23852	KLGGALQAK
26060	KLGGALQAK
2313	KLGGALQAK
35442	KLGGALQAK
29944	GILGFVFTL
25395	RAKFKQLL
2403	KLGGALQAK
35873	AVFDRKSDAK
8079	RAKFKQLL
34036	KLGGALQAK
18103	GILGFVFTL
17048	RAKFKQLL
26451	GLCTLVAML
35568	KLGGALQAK
34341	AVFDRKSDAK
36108	KLGGALQAK
35850	KLGGALQAK
7236	AVFDRKSDAK
34495	KLGGALQAK
33595	GILGFVFTL
37225	IVTDFSVIK
22084	RAKFKQLL
28574	KLGGALQAK
34302	KLGGALQAK
2502	ELAGIGILTV
153	KLGGALQAK
6600	GILGFVFTL
6792	GILGFVFTL
35689	KLGGALQAK
22327	IVTDFSVIK
14193	RAKFKQLL
35202	KLGGALQAK
34520	KLGGALQAK
32522	GILGFVFTL
35903	KLGGALQAK
34927	KLGGALQAK
2242	ELAGIGILTV
35210	KLGGALQAK
2274	KLGGALQAK
35965	KLGGALQAK
34547	KLGGALQAK
2458	KLGGALQAK
34659	KLGGALQAK
2408	ELAGIGILTV
17878	RAKFKQLL
23893	KLGGALQAK
34001	KLGGALQAK
34290	KLGGALQAK
31557	RAKFKQLL
35759	KLGGALQAK
4962	GILGFVFTL
35906	KLGGALQAK
5620	GILGFVFTL
2509	KLGGALQAK
2308	AVFDRKSDAK
36207	IVTDFSVIK
25262	IVTDFSVIK
35120	KLGGALQAK
36182	AVFDRKSDAK
35424	KLGGALQAK
20673	RAKFKQLL
33931	RAKFKQLL
36294	KLGGALQAK
18104	KLGGALQAK
5504	ELAGIGILTV
35450	KLGGALQAK
63	KLGGALQAK
2265	KLGGALQAK
35988	KLGGALQAK
14126	GILGFVFTL
2470	GILGFVFTL
26055	KLGGALQAK
35798	KLGGALQAK
17952	RAKFKQLL
35481	KLGGALQAK
5500	ELAGIGILTV
23373	KLGGALQAK
14846	KLGGALQAK
34948	KLGGALQAK
33843	GILGFVFTL
35611	KLGGALQAK
24314	KLGGALQAK
36092	KLGGALQAK
34750	KLGGALQAK
35440	KLGGALQAK
15569	KLGGALQAK
2450	KLGGALQAK
15321	RAKFKQLL
8616	RAKFKQLL
33388	GILGFVFTL
2454	GILGFVFTL
17879	RAKFKQLL
35348	KLGGALQAK
11413	RAKFKQLL
35066	KLGGALQAK
24337	GLCTLVAML
25	GILGFVFTL
30492	GILGFVFTL
34380	KLGGALQAK
35399	KLGGALQAK
2497	RAKFKQLL
7176	GILGFVFTL
7065	GILGFVFTL
29924	GILGFVFTL
35318	KLGGALQAK
26264	GLCTLVAML
5187	KLGGALQAK
222	RAKFKQLL
25917	RAKFKQLL
5949	GILGFVFTL
18062	KLGGALQAK
15584	RAKFKQLL
36231	KLGGALQAK
16940	GLCTLVAML
265	GILGFVFTL
35175	KLGGALQAK
23233	ELAGIGILTV
26065	GILGFVFTL
7316	GILGFVFTL
35067	KLGGALQAK
34185	KLGGALQAK
29939	GILGFVFTL
35957	KLGGALQAK
33954	RAKFKQLL
5422	KLGGALQAK
32391	GILGFVFTL
4648	IVTDFSVIK
25106	RAKFKQLL
5129	ELAGIGILTV
28863	KLGGALQAK
21942	RAKFKQLL
25265	RAKFKQLL
7529	GILGFVFTL
18047	RAKFKQLL
33475	KLGGALQAK
35043	KLGGALQAK
34360	KLGGALQAK
34456	KLGGALQAK
23850	KLGGALQAK
33534	GILGFVFTL
34765	KLGGALQAK
34756	KLGGALQAK
5828	GILGFVFTL
30435	GILGFVFTL
35484	KLGGALQAK
5254	ELAGIGILTV
34498	KLGGALQAK
134	KLGGALQAK
91	KLGGALQAK
2498	RAKFKQLL
6686	GILGFVFTL
36250	KLGGALQAK
27086	KLGGALQAK
16946	KLGGALQAK
5182	ELAGIGILTV
4955	KLGGALQAK
34386	KLGGALQAK
35722	KLGGALQAK
34817	KLGGALQAK
26241	KLGGALQAK
19907	RAKFKQLL
35989	KLGGALQAK
180	GILGFVFTL
7085	GILGFVFTL
13895	GILGFVFTL
7060	GILGFVFTL
34442	KLGGALQAK
35949	KLGGALQAK
25994	ELAGIGILTV
16965	KLGGALQAK
22991	KLGGALQAK
33520	GILGFVFTL
98	KLGGALQAK
21476	RAKFKQLL
23884	KLGGALQAK
34002	KLGGALQAK
31462	GILGFVFTL
669	KLGGALQAK
24350	KLGGALQAK
15324	KLGGALQAK
34757	KLGGALQAK
28880	GILGFVFTL
35950	KLGGALQAK
30415	GILGFVFTL
26062	IVTDFSVIK
35118	KLGGALQAK
25707	RAKFKQLL
29941	GILGFVFTL
6691	GILGFVFTL
9044	RAKFKQLL
5472	KLGGALQAK
34070	KLGGALQAK
35203	KLGGALQAK
30395	GILGFVFTL
34598	KLGGALQAK
34123	KLGGALQAK
7321	GILGFVFTL
277	IVTDFSVIK
24995	KLGGALQAK
36157	KLGGALQAK
25437	RAKFKQLL
26260	KLGGALQAK
73	RAKFKQLL
36080	AVFDRKSDAK
34097	KLGGALQAK
32966	GILGFVFTL
2392	KLGGALQAK
5645	GILGFVFTL
26479	KLGGALQAK
35350	KLGGALQAK
6050	GILGFVFTL
33555	GILGFVFTL
36135	KLGGALQAK
31068	GILGFVFTL
28677	GILGFVFTL
23007	RAKFKQLL
35915	KLGGALQAK
34676	KLGGALQAK
28830	KLGGALQAK
35267	KLGGALQAK
35666	AVFDRKSDAK
34996	KLGGALQAK
34156	KLGGALQAK
35291	KLGGALQAK
34450	KLGGALQAK
5450	AVFDRKSDAK
5774	GILGFVFTL
34144	KLGGALQAK
22347	RAKFKQLL
26563	RAKFKQLL
17003	GLCTLVAML
36113	KLGGALQAK
8533	RAKFKQLL
22	KLGGALQAK
173	ELAGIGILTV
35000	KLGGALQAK
14746	RAKFKQLL
14426	RAKFKQLL
35854	KLGGALQAK
35148	KLGGALQAK
5226	RAKFKQLL
34616	KLGGALQAK
24683	RAKFKQLL
31442	GILGFVFTL
34969	KLGGALQAK
29472	GILGFVFTL
24101	RAKFKQLL
14843	RAKFKQLL
6848	GILGFVFTL
25783	RAKFKQLL
25812	RAKFKQLL
5059	ELAGIGILTV
33930	KLGGALQAK
33755	GILGFVFTL
65	KLGGALQAK
33537	GILGFVFTL
34701	KLGGALQAK
255	KLGGALQAK
35303	KLGGALQAK
28373	IVTDFSVIK
34601	KLGGALQAK
16949	KLGGALQAK
15319	GILGFVFTL
35467	KLGGALQAK
5499	RAKFKQLL
35448	KLGGALQAK
26038	KLGGALQAK
36017	KLGGALQAK
107	KLGGALQAK
14516	RAKFKQLL
34978	KLGGALQAK
31290	GILGFVFTL
17150	RAKFKQLL
35146	KLGGALQAK
35692	KLGGALQAK
14176	RAKFKQLL
5380	ELAGIGILTV
34551	KLGGALQAK
34687	KLGGALQAK
26481	RAKFKQLL
5162	RAKFKQLL
22988	KLGGALQAK
35086	KLGGALQAK
24297	RAKFKQLL
33818	GILGFVFTL
34281	KLGGALQAK
28724	GILGFVFTL
34048	KLGGALQAK
5267	RAKFKQLL
34095	KLGGALQAK
34815	KLGGALQAK
5649	RAKFKQLL
34448	KLGGALQAK
34199	KLGGALQAK
166	ELAGIGILTV
5496	ELAGIGILTV
34992	KLGGALQAK
36197	KLGGALQAK
35872	KLGGALQAK
2343	KLGGALQAK
24351	KLGGALQAK
35926	GILGFVFTL
5640	GILGFVFTL
32353	GILGFVFTL
36178	KLGGALQAK
26516	GILGFVFTL
33393	GILGFVFTL
33891	GILGFVFTL
5755	GILGFVFTL
34082	KLGGALQAK
34009	KLGGALQAK
181	ELAGIGILTV
36151	ELAGIGILTV
35974	KLGGALQAK
3877	IVTDFSVIK
14335	KLGGALQAK
2302	KLGGALQAK
16981	KLGGALQAK
24428	RAKFKQLL
11138	RAKFKQLL
5125	ELAGIGILTV
34303	KLGGALQAK
29877	GILGFVFTL
242	KLGGALQAK
28600	KLGGALQAK
33505	GILGFVFTL
8151	RAKFKQLL
108	KLGGALQAK
17997	KLGGALQAK
4933	ELAGIGILTV
24962	GLCTLVAML
31490	GILGFVFTL
35846	KLGGALQAK
5062	GILGFVFTL
28588	RAKFKQLL
33509	GILGFVFTL
22985	KLGGALQAK
16933	GILGFVFTL
4979	KLGGALQAK
23227	GILGFVFTL
32019	GILGFVFTL
35994	KLGGALQAK
34863	KLGGALQAK
32290	GILGFVFTL
14241	GILGFVFTL
26517	RAKFKQLL
28613	KLGGALQAK
34570	KLGGALQAK
31834	GILGFVFTL
34461	KLGGALQAK
28821	KLGGALQAK
34232	KLGGALQAK
34717	KLGGALQAK
14627	IVTDFSVIK
6669	KLGGALQAK
35005	KLGGALQAK
26801	RAKFKQLL
34594	KLGGALQAK
35687	KLGGALQAK
11815	AVFDRKSDAK
25221	KLGGALQAK
35667	KLGGALQAK
23005	RAKFKQLL
6661	GILGFVFTL
6705	GILGFVFTL
5243	AVFDRKSDAK
9392	RAKFKQLL
15288	KLGGALQAK
13929	RAKFKQLL
2272	KLGGALQAK
36106	KLGGALQAK
34204	KLGGALQAK
17178	KLGGALQAK
7675	RAKFKQLL
5658	GILGFVFTL
26486	KLGGALQAK
34159	KLGGALQAK
205	KLGGALQAK
35465	KLGGALQAK
33993	KLGGALQAK
34732	KLGGALQAK
7196	GILGFVFTL
35834	KLGGALQAK
35103	ELAGIGILTV
35849	KLGGALQAK
2579	GILGFVFTL
34919	KLGGALQAK
36315	IVTDFSVIK
14838	KLGGALQAK
2349	KLGGALQAK
34261	KLGGALQAK
35679	KLGGALQAK
5567	GILGFVFTL
35791	KLGGALQAK
36246	KLGGALQAK
21337	RAKFKQLL
34749	KLGGALQAK
34388	KLGGALQAK
25706	KLGGALQAK
34443	KLGGALQAK
27082	RAKFKQLL
30991	GILGFVFTL
13821	RAKFKQLL
5053	KLGGALQAK
7073	GILGFVFTL
18105	RAKFKQLL
34773	KLGGALQAK
5465	GILGFVFTL
5414	RAKFKQLL
17867	KLGGALQAK
34693	KLGGALQAK
34575	ELAGIGILTV
2564	RAKFKQLL
31074	GILGFVFTL
6234	GILGFVFTL
5614	GILGFVFTL
21072	RAKFKQLL
7041	GILGFVFTL
35235	KLGGALQAK
35831	KLGGALQAK
33841	GILGFVFTL
26550	RAKFKQLL
28709	KLGGALQAK
32709	GILGFVFTL
7339	GILGFVFTL
15996	KLGGALQAK
138	GILGFVFTL
2422	KLGGALQAK
35761	KLGGALQAK
35753	KLGGALQAK
16067	RAKFKQLL
17868	KLGGALQAK
28468	RAKFKQLL
15756	RAKFKQLL
27953	GLCTLVAML
372	KLGGALQAK
34530	KLGGALQAK
34101	KLGGALQAK
5411	KLGGALQAK
34359	KLGGALQAK
16941	GILGFVFTL
2294	KLGGALQAK
7063	GILGFVFTL
16937	RAKFKQLL
32671	GILGFVFTL
35795	KLGGALQAK
13931	GILGFVFTL
34859	KLGGALQAK
34555	IVTDFSVIK
25448	KLGGALQAK
708	KLGGALQAK
35564	KLGGALQAK
14148	RAKFKQLL
32181	GILGFVFTL
24123	RAKFKQLL
35323	KLGGALQAK
24840	GLCTLVAML
16809	RAKFKQLL
147	RAKFKQLL
6707	GILGFVFTL
34691	KLGGALQAK
704	KLGGALQAK
7075	GILGFVFTL
5521	ELAGIGILTV
23974	RAKFKQLL
132	GILGFVFTL
36224	IVTDFSVIK
665	ELAGIGILTV
640	AVFDRKSDAK
23826	KLGGALQAK
34793	KLGGALQAK
34632	KLGGALQAK
34007	KLGGALQAK
7267	GLCTLVAML
35596	KLGGALQAK
5114	AVFDRKSDAK
28364	IVTDFSVIK
34975	KLGGALQAK
90	KLGGALQAK
34689	KLGGALQAK
33474	GILGFVFTL
26292	GLCTLVAML
4947	KLGGALQAK
35	GILGFVFTL
35978	KLGGALQAK
32367	GILGFVFTL
5126	RAKFKQLL
35099	KLGGALQAK
23028	KLGGALQAK
62	AVFDRKSDAK
34869	KLGGALQAK
23021	KLGGALQAK
5508	ELAGIGILTV
35161	KLGGALQAK
34934	KLGGALQAK
25045	RAKFKQLL
5251	GILGFVFTL
26690	RAKFKQLL
5184	GLCTLVAML
33961	RAKFKQLL
5606	GILGFVFTL
5427	IVTDFSVIK
34746	KLGGALQAK
7669	RAKFKQLL
14673	KLGGALQAK
23208	GILGFVFTL
17063	RAKFKQLL
35147	KLGGALQAK
6332	GILGFVFTL
28703	RAKFKQLL
35909	KLGGALQAK
28727	KLGGALQAK
36242	KLGGALQAK
34023	KLGGALQAK
7235	KLGGALQAK
2244	KLGGALQAK
28462	RAKFKQLL
17479	GLCTLVAML
2288	KLGGALQAK
6983	GILGFVFTL
35311	KLGGALQAK
28589	KLGGALQAK
7218	GILGFVFTL
34211	KLGGALQAK
29650	GILGFVFTL
2455	RAKFKQLL
35081	KLGGALQAK
24354	RAKFKQLL
26146	KLGGALQAK
35088	KLGGALQAK
58	RAKFKQLL
2405	KLGGALQAK
2404	KLGGALQAK
23844	KLGGALQAK
35549	KLGGALQAK
374	KLGGALQAK
31618	GILGFVFTL
7197	GILGFVFTL
14848	KLGGALQAK
17995	KLGGALQAK
382	IVTDFSVIK
3099	IVTDFSVIK
581	GILGFVFTL
32592	GILGFVFTL
5128	KLGGALQAK
32323	GILGFVFTL
18003	KLGGALQAK
23851	KLGGALQAK
6262	GILGFVFTL
26263	KLGGALQAK
36238	IVTDFSVIK
31372	GILGFVFTL
24643	RAKFKQLL
26210	KLGGALQAK
34026	KLGGALQAK
31492	GILGFVFTL
36013	KLGGALQAK
34800	KLGGALQAK
22346	KLGGALQAK
5096	KLGGALQAK
35156	KLGGALQAK
23008	RAKFKQLL
34472	KLGGALQAK
22342	RAKFKQLL
4260	IVTDFSVIK
24790	KLGGALQAK
34578	KLGGALQAK
13776	RAKFKQLL
25264	RAKFKQLL
5448	KLGGALQAK
18643	GILGFVFTL
6253	AVFDRKSDAK
35433	KLGGALQAK
28827	KLGGALQAK
34590	KLGGALQAK
23832	KLGGALQAK
33996	KLGGALQAK
34542	KLGGALQAK
34596	KLGGALQAK
14633	KLGGALQAK
23478	RAKFKQLL
26192	GLCTLVAML
35217	KLGGALQAK
26257	KLGGALQAK
29313	GILGFVFTL
35003	KLGGALQAK
35700	KLGGALQAK
35855	AVFDRKSDAK
5512	KLGGALQAK
14528	RAKFKQLL
8102	RAKFKQLL
5513	KLGGALQAK
34559	KLGGALQAK
5151	KLGGALQAK
7170	GILGFVFTL
34126	KLGGALQAK
16148	RAKFKQLL
36081	IVTDFSVIK
2254	RAKFKQLL
35478	KLGGALQAK
31936	GILGFVFTL
79	RAKFKQLL
33994	KLGGALQAK
18231	AVFDRKSDAK
6479	AVFDRKSDAK
22320	RAKFKQLL
2444	ELAGIGILTV
14191	KLGGALQAK
34489	KLGGALQAK
2368	KLGGALQAK
2290	KLGGALQAK
2495	IVTDFSVIK
28873	RAKFKQLL
5803	GILGFVFTL
25272	KLGGALQAK
14642	KLGGALQAK
16951	GILGFVFTL
2330	ELAGIGILTV
35818	KLGGALQAK
34825	KLGGALQAK
32417	GILGFVFTL
35964	AVFDRKSDAK
32252	GILGFVFTL
2999	IVTDFSVIK
6569	KLGGALQAK
33917	RAKFKQLL
15992	KLGGALQAK
15989	KLGGALQAK
235	KLGGALQAK
35183	KLGGALQAK
15570	KLGGALQAK
18590	RAKFKQLL
14263	KLGGALQAK
15382	RAKFKQLL
35024	KLGGALQAK
7260	ELAGIGILTV
34181	KLGGALQAK
2519	KLGGALQAK
36216	KLGGALQAK
207	RAKFKQLL
2575	GILGFVFTL
31382	GILGFVFTL
26140	KLGGALQAK
16044	RAKFKQLL
35014	KLGGALQAK
2363	KLGGALQAK
34810	AVFDRKSDAK
4954	KLGGALQAK
16938	RAKFKQLL
14242	RAKFKQLL
5284	KLGGALQAK
25281	KLGGALQAK
34049	KLGGALQAK
35966	KLGGALQAK
35541	KLGGALQAK
6349	GILGFVFTL
25916	RAKFKQLL
35799	KLGGALQAK
28771	RAKFKQLL
33471	GILGFVFTL
6048	GILGFVFTL
28625	GLCTLVAML
5468	IVTDFSVIK
18107	ELAGIGILTV
24634	GILGFVFTL
35758	KLGGALQAK
35509	AVFDRKSDAK
5413	KLGGALQAK
20584	RAKFKQLL
34539	KLGGALQAK
5403	ELAGIGILTV
22582	RAKFKQLL
34911	KLGGALQAK
34164	KLGGALQAK
678	ELAGIGILTV
18063	RAKFKQLL
34677	KLGGALQAK
17022	RAKFKQLL
34166	KLGGALQAK
7210	GILGFVFTL
28610	KLGGALQAK
36284	IVTDFSVIK
5543	ELAGIGILTV
34917	KLGGALQAK
35660	KLGGALQAK
4949	IVTDFSVIK
6360	IVTDFSVIK
25697	KLGGALQAK
34457	KLGGALQAK
7263	RAKFKQLL
34910	KLGGALQAK
6596	GILGFVFTL
7325	GILGFVFTL
27092	KLGGALQAK
34943	KLGGALQAK
34699	KLGGALQAK
5561	GILGFVFTL
33480	KLGGALQAK
25921	RAKFKQLL
11360	RAKFKQLL
25023	KLGGALQAK
34794	KLGGALQAK
25993	KLGGALQAK
683	KLGGALQAK
10031	RAKFKQLL
29929	GILGFVFTL
35089	KLGGALQAK
34268	KLGGALQAK
28586	KLGGALQAK
35158	KLGGALQAK
24977	KLGGALQAK
35173	KLGGALQAK
6334	KLGGALQAK
29935	GILGFVFTL
261	RAKFKQLL
34642	KLGGALQAK
36311	KLGGALQAK
35732	KLGGALQAK
32672	GILGFVFTL
31932	GILGFVFTL
23375	RAKFKQLL
34902	KLGGALQAK
26926	RAKFKQLL
32331	IVTDFSVIK
34739	KLGGALQAK
6605	GILGFVFTL
26059	KLGGALQAK
36099	KLGGALQAK
35905	KLGGALQAK
34953	KLGGALQAK
25107	RAKFKQLL
34589	KLGGALQAK
35041	KLGGALQAK
36209	KLGGALQAK
25807	GILGFVFTL
22308	RAKFKQLL
12502	RAKFKQLL
2300	ELAGIGILTV
31340	GILGFVFTL
17920	GLCTLVAML
34971	KLGGALQAK
31359	GILGFVFTL
35871	KLGGALQAK
5257	RAKFKQLL
28866	KLGGALQAK
11304	RAKFKQLL
23214	KLGGALQAK
35744	KLGGALQAK
34248	KLGGALQAK
5437	ELAGIGILTV
5486	KLGGALQAK
34496	KLGGALQAK
23009	RAKFKQLL
14844	RAKFKQLL
25079	KLGGALQAK
35832	KLGGALQAK
27120	RAKFKQLL
5984	GILGFVFTL
29927	GILGFVFTL
36214	KLGGALQAK
34056	KLGGALQAK
34037	KLGGALQAK
34092	KLGGALQAK
7072	KLGGALQAK
25263	RAKFKQLL
2371	KLGGALQAK
24652	RAKFKQLL
34447	KLGGALQAK
36152	KLGGALQAK
668	ELAGIGILTV
175	ELAGIGILTV
18075	AVFDRKSDAK
14250	KLGGALQAK
32332	GILGFVFTL
35647	KLGGALQAK
5080	IVTDFSVIK
2296	KLGGALQAK
32883	GILGFVFTL
23849	RAKFKQLL
25285	KLGGALQAK
7256	KLGGALQAK
6036	GILGFVFTL
35404	KLGGALQAK
34722	KLGGALQAK
30431	GILGFVFTL
35578	KLGGALQAK
26046	KLGGALQAK
26492	GLCTLVAML
35334	KLGGALQAK
35816	KLGGALQAK
34464	KLGGALQAK
35068	KLGGALQAK
35353	KLGGALQAK
5121	GILGFVFTL
34790	KLGGALQAK
7227	ELAGIGILTV
7353	KLGGALQAK
35888	KLGGALQAK
34734	KLGGALQAK
5240	GLCTLVAML
34162	KLGGALQAK
34407	KLGGALQAK
144	KLGGALQAK
31970	GILGFVFTL
23213	KLGGALQAK
34870	KLGGALQAK
31928	GILGFVFTL
38434	KLGGALQAK
27968	RAKFKQLL
9	ELAGIGILTV
6771	GILGFVFTL
5221	KLGGALQAK
24326	RAKFKQLL
16943	GILGFVFTL
35406	KLGGALQAK
25100	KLGGALQAK
34651	KLGGALQAK
5021	KLGGALQAK
34571	KLGGALQAK
34249	KLGGALQAK
31375	GILGFVFTL
154	KLGGALQAK
26681	RAKFKQLL
7159	GILGFVFTL
34650	KLGGALQAK
13927	RAKFKQLL
49	GILGFVFTL
5074	KLGGALQAK
682	ELAGIGILTV
25090	GLCTLVAML
35341	KLGGALQAK
34299	KLGGALQAK
23889	GILGFVFTL
15325	KLGGALQAK
26127	RAKFKQLL
28723	KLGGALQAK
35782	KLGGALQAK
2231	KLGGALQAK
28835	KLGGALQAK
33516	GILGFVFTL
5118	KLGGALQAK
23162	RAKFKQLL
2381	ELAGIGILTV
35642	KLGGALQAK
17047	RAKFKQLL
34052	KLGGALQAK
38427	KLGGALQAK
23001	KLGGALQAK
33598	GILGFVFTL
5242	KLGGALQAK
34188	KLGGALQAK
34	IVTDFSVIK
59	RAKFKQLL
34606	KLGGALQAK
5273	KLGGALQAK
5041	KLGGALQAK
5094	GILGFVFTL
32631	GILGFVFTL
33547	GILGFVFTL
5608	GILGFVFTL
23000	RAKFKQLL
19550	RAKFKQLL
31655	GILGFVFTL
26240	KLGGALQAK
6548	KLGGALQAK
8104	RAKFKQLL
5051	KLGGALQAK
35427	KLGGALQAK
35258	KLGGALQAK
2237	ELAGIGILTV
2461	ELAGIGILTV
34149	KLGGALQAK
14674	KLGGALQAK
6949	GILGFVFTL
30437	GILGFVFTL
25089	GLCTLVAML
13890	KLGGALQAK
7318	GILGFVFTL
36100	IVTDFSVIK
35916	KLGGALQAK
13891	RAKFKQLL
25701	KLGGALQAK
2618	IVTDFSVIK
22324	KLGGALQAK
23845	KLGGALQAK
24569	GILGFVFTL
10	ELAGIGILTV
6670	ELAGIGILTV
30706	GILGFVFTL
27100	RAKFKQLL
34621	KLGGALQAK
2459	RAKFKQLL
36131	AVFDRKSDAK
27096	AVFDRKSDAK
34083	KLGGALQAK
34125	KLGGALQAK
7068	GILGFVFTL
2398	KLGGALQAK
35934	KLGGALQAK
6687	GILGFVFTL
32270	GILGFVFTL
34558	KLGGALQAK
25288	GILGFVFTL
27085	RAKFKQLL
26418	GLCTLVAML
30385	GILGFVFTL
34959	KLGGALQAK
35975	KLGGALQAK
36243	KLGGALQAK
28475	KLGGALQAK
34654	KLGGALQAK
7200	GILGFVFTL
7239	ELAGIGILTV
15871	RAKFKQLL
5431	KLGGALQAK
14832	KLGGALQAK
25800	KLGGALQAK
5546	ELAGIGILTV
5084	RAKFKQLL
33514	GILGFVFTL
34226	KLGGALQAK
6550	KLGGALQAK
149	KLGGALQAK
7673	RAKFKQLL
36211	KLGGALQAK
34348	KLGGALQAK
26040	GILGFVFTL
36075	KLGGALQAK
27814	RAKFKQLL
36185	KLGGALQAK
5280	GILGFVFTL
35734	KLGGALQAK
28360	KLGGALQAK
28355	RAKFKQLL
34460	KLGGALQAK
35383	KLGGALQAK
2301	ELAGIGILTV
35547	KLGGALQAK
33478	RAKFKQLL
2562	KLGGALQAK
35857	KLGGALQAK
31553	GILGFVFTL
2460	KLGGALQAK
201	RAKFKQLL
6685	GILGFVFTL
14255	KLGGALQAK
35213	KLGGALQAK
35702	KLGGALQAK
18116	RAKFKQLL
34612	KLGGALQAK
35636	KLGGALQAK
35657	KLGGALQAK
4959	KLGGALQAK
31371	GILGFVFTL
5124	KLGGALQAK
186	KLGGALQAK
34802	KLGGALQAK
29947	GILGFVFTL
5657	GILGFVFTL
5320	KLGGALQAK
26524	IVTDFSVIK
35170	KLGGALQAK
24707	RAKFKQLL
34355	KLGGALQAK
35643	KLGGALQAK
30719	GILGFVFTL
35379	KLGGALQAK
31854	GILGFVFTL
31475	GILGFVFTL
5377	ELAGIGILTV
18055	GLCTLVAML
30982	GILGFVFTL
17050	KLGGALQAK
28731	RAKFKQLL
31192	GILGFVFTL
34190	KLGGALQAK
35877	KLGGALQAK
35411	KLGGALQAK
16000	KLGGALQAK
7659	GILGFVFTL
36140	KLGGALQAK
34010	KLGGALQAK
35751	KLGGALQAK
4931	ELAGIGILTV
35793	KLGGALQAK
23006	KLGGALQAK
33506	GILGFVFTL
33592	GILGFVFTL
35550	KLGGALQAK
35308	KLGGALQAK
35082	KLGGALQAK
23	KLGGALQAK
25326	RAKFKQLL
34470	KLGGALQAK
32247	KLGGALQAK
88	KLGGALQAK
34242	KLGGALQAK
4985	KLGGALQAK
15618	RAKFKQLL
28861	KLGGALQAK
34835	KLGGALQAK
2415	KLGGALQAK
34721	KLGGALQAK
34099	KLGGALQAK
35270	KLGGALQAK
35979	KLGGALQAK
26395	GLCTLVAML
34385	KLGGALQAK
25894	KLGGALQAK
22326	RAKFKQLL
30923	GILGFVFTL
2306	KLGGALQAK
20662	RAKFKQLL
24361	RAKFKQLL
34730	KLGGALQAK
34311	KLGGALQAK
19628	RAKFKQLL
35972	KLGGALQAK
6359	IVTDFSVIK
14646	KLGGALQAK
34930	KLGGALQAK
28754	RAKFKQLL
6606	GILGFVFTL
34592	KLGGALQAK
22322	KLGGALQAK
16962	RAKFKQLL
34310	KLGGALQAK
26501	GLCTLVAML
34952	KLGGALQAK
11940	RAKFKQLL
17043	RAKFKQLL
283	KLGGALQAK
24018	RAKFKQLL
34868	KLGGALQAK
35947	KLGGALQAK
34208	KLGGALQAK
2335	GILGFVFTL
2775	IVTDFSVIK
30413	GILGFVFTL
33909	GILGFVFTL
36129	KLGGALQAK
5557	KLGGALQAK
3	GILGFVFTL
23138	RAKFKQLL
36322	IVTDFSVIK
34873	KLGGALQAK
35728	KLGGALQAK
15329	RAKFKQLL
35823	ELAGIGILTV
34993	KLGGALQAK
38435	KLGGALQAK
27875	RAKFKQLL
2525	AVFDRKSDAK
31447	GILGFVFTL
34929	KLGGALQAK
24347	GILGFVFTL
5230	KLGGALQAK
17953	RAKFKQLL
5091	KLGGALQAK
34087	KLGGALQAK
24333	KLGGALQAK
24352	RAKFKQLL
34797	KLGGALQAK
24812	RAKFKQLL
38428	IVTDFSVIK
35505	KLGGALQAK
35459	KLGGALQAK
34275	KLGGALQAK
35132	KLGGALQAK
5603	GILGFVFTL
35672	KLGGALQAK
31850	GILGFVFTL
4938	KLGGALQAK
4936	GILGFVFTL
5258	ELAGIGILTV
7238	KLGGALQAK
16697	RAKFKQLL
4966	KLGGALQAK
6358	GILGFVFTL
35796	KLGGALQAK
115	KLGGALQAK
35324	KLGGALQAK
35239	KLGGALQAK
34897	KLGGALQAK
35218	KLGGALQAK
31077	GILGFVFTL
11985	RAKFKQLL
5032	KLGGALQAK
6362	GILGFVFTL
28714	KLGGALQAK
32402	GILGFVFTL
4970	KLGGALQAK
35557	KLGGALQAK
27119	RAKFKQLL
35845	KLGGALQAK
702	ELAGIGILTV
34218	KLGGALQAK
5241	ELAGIGILTV
34984	KLGGALQAK
24349	IVTDFSVIK
34905	KLGGALQAK
2255	RAKFKQLL
18210	RAKFKQLL
35144	KLGGALQAK
4950	AVFDRKSDAK
22310	RAKFKQLL
31622	GILGFVFTL
34801	KLGGALQAK
27069	KLGGALQAK
7211	GILGFVFTL
23345	RAKFKQLL
24360	RAKFKQLL
35646	KLGGALQAK
139	GILGFVFTL
21873	RAKFKQLL
6751	GILGFVFTL
34560	KLGGALQAK
35400	KLGGALQAK
34239	KLGGALQAK
18059	KLGGALQAK
36270	KLGGALQAK
5441	KLGGALQAK
35328	KLGGALQAK
34826	KLGGALQAK
34427	KLGGALQAK
34361	KLGGALQAK
33206	RAKFKQLL
34368	KLGGALQAK
35902	KLGGALQAK
5404	RAKFKQLL
3582	IVTDFSVIK
34121	KLGGALQAK
31941	GILGFVFTL
35592	KLGGALQAK
28577	KLGGALQAK
2421	KLGGALQAK
14075	RAKFKQLL
7230	RAKFKQLL
36174	KLGGALQAK
5622	GILGFVFTL
9790	RAKFKQLL
2226	RAKFKQLL
7076	GILGFVFTL
7358	RAKFKQLL
35078	KLGGALQAK
16975	RAKFKQLL
30289	GILGFVFTL
6331	GILGFVFTL
35943	KLGGALQAK
33840	GILGFVFTL
29	KLGGALQAK
18701	RAKFKQLL
24289	RAKFKQLL
623	KLGGALQAK
4945	KLGGALQAK
25104	KLGGALQAK
7699	RAKFKQLL
34655	KLGGALQAK
30520	GILGFVFTL
26502	ELAGIGILTV
2539	KLGGALQAK
25912	KLGGALQAK
17	IVTDFSVIK
15997	RAKFKQLL
34702	KLGGALQAK
28857	AVFDRKSDAK
14334	GILGFVFTL
34114	KLGGALQAK
23003	KLGGALQAK
587	ELAGIGILTV
10497	GILGFVFTL
35640	KLGGALQAK
6245	GILGFVFTL
5564	GILGFVFTL
100	KLGGALQAK
6381	GILGFVFTL
31435	GILGFVFTL
16960	RAKFKQLL
27521	RAKFKQLL
27818	RAKFKQLL
30391	GILGFVFTL
35810	KLGGALQAK
7269	KLGGALQAK
5023	GILGFVFTL
6807	GILGFVFTL
141	AVFDRKSDAK
35944	KLGGALQAK
15156	RAKFKQLL
36326	KLGGALQAK
25750	GILGFVFTL
35878	KLGGALQAK
35593	KLGGALQAK
23834	KLGGALQAK
2462	KLGGALQAK
593	KLGGALQAK
35890	KLGGALQAK
35288	KLGGALQAK
33556	GILGFVFTL
32602	GILGFVFTL
31503	IVTDFSVIK
36124	KLGGALQAK
7693	KLGGALQAK
33470	GILGFVFTL
11437	RAKFKQLL
14631	KLGGALQAK
14190	RAKFKQLL
35157	KLGGALQAK
4164	IVTDFSVIK
4937	KLGGALQAK
28416	KLGGALQAK
5109	KLGGALQAK
21357	RAKFKQLL
5089	KLGGALQAK
31364	GILGFVFTL
33900	GILGFVFTL
35880	KLGGALQAK
4932	KLGGALQAK
7442	RAKFKQLL
5252	KLGGALQAK
8188	GILGFVFTL
2268	KLGGALQAK
7687	RAKFKQLL
35645	KLGGALQAK
19439	RAKFKQLL
654	KLGGALQAK
31681	GILGFVFTL
35122	KLGGALQAK
28865	KLGGALQAK
34710	KLGGALQAK
34047	KLGGALQAK
5563	GILGFVFTL
2529	KLGGALQAK
35725	KLGGALQAK
28418	KLGGALQAK
31376	GILGFVFTL
6680	GILGFVFTL
35457	KLGGALQAK
34602	KLGGALQAK
34768	KLGGALQAK
36251	KLGGALQAK
26551	KLGGALQAK
35745	KLGGALQAK
15314	KLGGALQAK
35616	KLGGALQAK
15986	RAKFKQLL
31384	GILGFVFTL
9154	RAKFKQLL
32413	RAKFKQLL
34117	KLGGALQAK
31924	GILGFVFTL
25399	KLGGALQAK
31776	GILGFVFTL
34309	KLGGALQAK
5223	GILGFVFTL
34040	KLGGALQAK
35828	KLGGALQAK
5777	GILGFVFTL
33391	GILGFVFTL
23221	KLGGALQAK
28362	GILGFVFTL
51	GILGFVFTL
35858	KLGGALQAK
35083	KLGGALQAK
33988	KLGGALQAK
5421	KLGGALQAK
16765	RAKFKQLL
5246	KLGGALQAK
6604	KLGGALQAK
11463	RAKFKQLL
36327	KLGGALQAK
7679	RAKFKQLL
35622	KLGGALQAK
5534	KLGGALQAK
35714	KLGGALQAK
15571	KLGGALQAK
34714	KLGGALQAK
18087	KLGGALQAK
4934	KLGGALQAK
35445	KLGGALQAK
34838	KLGGALQAK
7062	GILGFVFTL
29968	KLGGALQAK
7175	KLGGALQAK
33868	GILGFVFTL
15317	KLGGALQAK
367	KLGGALQAK
56	RAKFKQLL
34600	KLGGALQAK
34180	KLGGALQAK
5428	KLGGALQAK
28719	RAKFKQLL
5497	KLGGALQAK
18064	GLCTLVAML
34582	KLGGALQAK
7328	KLGGALQAK
34733	KLGGALQAK
28301	KLGGALQAK
34995	KLGGALQAK
5102	KLGGALQAK
34898	KLGGALQAK
34353	KLGGALQAK
35619	AVFDRKSDAK
32854	GILGFVFTL
35584	KLGGALQAK
34923	KLGGALQAK
1655	AVFDRKSDAK
35980	KLGGALQAK
7666	RAKFKQLL
2232	ELAGIGILTV
5175	KLGGALQAK
27084	KLGGALQAK
33390	GILGFVFTL
5879	GILGFVFTL
5505	KLGGALQAK
6240	GILGFVFTL
5416	KLGGALQAK
24292	KLGGALQAK
25074	RAKFKQLL
35654	KLGGALQAK
28363	KLGGALQAK
34148	KLGGALQAK
145	RAKFKQLL
35316	KLGGALQAK
34951	KLGGALQAK
35064	KLGGALQAK
14246	IVTDFSVIK
34617	KLGGALQAK
34252	KLGGALQAK
27964	GLCTLVAML
34411	KLGGALQAK
35441	KLGGALQAK
34340	KLGGALQAK
2469	KLGGALQAK
13925	GILGFVFTL
2410	KLGGALQAK
25809	KLGGALQAK
35940	KLGGALQAK
29936	GILGFVFTL
13817	RAKFKQLL
5122	KLGGALQAK
29708	GILGFVFTL
35521	KLGGALQAK
34339	KLGGALQAK
35783	KLGGALQAK
36241	IVTDFSVIK
24788	KLGGALQAK
35461	KLGGALQAK
26220	GLCTLVAML
25808	RAKFKQLL
35022	KLGGALQAK
34263	KLGGALQAK
35921	KLGGALQAK
23234	KLGGALQAK
26549	KLGGALQAK
5598	GILGFVFTL
35650	KLGGALQAK
666	KLGGALQAK
24695	KLGGALQAK
26817	RAKFKQLL
5549	GILGFVFTL
33521	GILGFVFTL
5440	KLGGALQAK
3521	IVTDFSVIK
672	KLGGALQAK
32000	RAKFKQLL
34262	KLGGALQAK
14272	RAKFKQLL
25002	RAKFKQLL
35329	KLGGALQAK
32385	GILGFVFTL
35571	KLGGALQAK
35142	AVFDRKSDAK
14270	RAKFKQLL
34937	KLGGALQAK
24295	KLGGALQAK
28356	RAKFKQLL
33515	GILGFVFTL
35197	KLGGALQAK
34384	KLGGALQAK
2556	AVFDRKSDAK
35410	KLGGALQAK
3897	IVTDFSVIK
31619	GILGFVFTL
35601	KLGGALQAK
14166	RAKFKQLL
34769	KLGGALQAK
7071	GILGFVFTL
25721	GILGFVFTL
18341	RAKFKQLL
7315	GILGFVFTL
13822	RAKFKQLL
2445	RAKFKQLL
35718	KLGGALQAK
26559	RAKFKQLL
14679	KLGGALQAK
28825	GILGFVFTL
11838	RAKFKQLL
4951	KLGGALQAK
35254	AVFDRKSDAK
35701	KLGGALQAK
34383	KLGGALQAK
513	IVTDFSVIK
6322	GILGFVFTL
7665	RAKFKQLL
24509	RAKFKQLL
35617	KLGGALQAK
5817	GILGFVFTL
34334	KLGGALQAK
36059	KLGGALQAK
26145	KLGGALQAK
284	KLGGALQAK
26554	RAKFKQLL
6559	AVFDRKSDAK
27094	KLGGALQAK
34006	KLGGALQAK
34285	KLGGALQAK
34705	KLGGALQAK
35180	KLGGALQAK
5065	KLGGALQAK
35193	KLGGALQAK
36146	KLGGALQAK
2451	KLGGALQAK
35361	KLGGALQAK
24308	ELAGIGILTV
33503	GILGFVFTL
34027	KLGGALQAK
2574	KLGGALQAK
142	KLGGALQAK
24338	RAKFKQLL
2467	KLGGALQAK
6350	GILGFVFTL
34839	KLGGALQAK
34611	KLGGALQAK
5028	KLGGALQAK
2252	RAKFKQLL
34127	KLGGALQAK
26153	GILGFVFTL
127	KLGGALQAK
5530	KLGGALQAK
34231	KLGGALQAK
30475	GILGFVFTL
7691	RAKFKQLL
17967	KLGGALQAK
3038	IVTDFSVIK
35598	KLGGALQAK
23230	RAKFKQLL
14623	RAKFKQLL
46	IVTDFSVIK
34265	KLGGALQAK
30778	GILGFVFTL
34586	KLGGALQAK
117	IVTDFSVIK
36331	KLGGALQAK
33502	GILGFVFTL
110	KLGGALQAK
6839	GILGFVFTL
35151	KLGGALQAK
28599	RAKFKQLL
22989	KLGGALQAK
15942	RAKFKQLL
26557	GLCTLVAML
25405	KLGGALQAK
36089	KLGGALQAK
2298	IVTDFSVIK
19532	RAKFKQLL
25919	RAKFKQLL
5960	GILGFVFTL
29910	GILGFVFTL
34490	KLGGALQAK
670	ELAGIGILTV
7370	GILGFVFTL
17861	KLGGALQAK
35620	KLGGALQAK
33911	RAKFKQLL
31852	GILGFVFTL
15316	RAKFKQLL
36125	KLGGALQAK
4155	IVTDFSVIK
36145	KLGGALQAK
23177	RAKFKQLL
225	AVFDRKSDAK
52	AVFDRKSDAK
34970	KLGGALQAK
34038	KLGGALQAK
13269	RAKFKQLL
35998	AVFDRKSDAK
33497	GILGFVFTL
24306	GILGFVFTL
25908	RAKFKQLL
25267	KLGGALQAK
17889	KLGGALQAK
28679	KLGGALQAK
34295	KLGGALQAK
25382	GLCTLVAML
35343	KLGGALQAK
28572	GILGFVFTL
4929	KLGGALQAK
31143	GILGFVFTL
13393	RAKFKQLL
639	GILGFVFTL
28419	KLGGALQAK
5055	KLGGALQAK
7327	KLGGALQAK
24987	KLGGALQAK
24698	RAKFKQLL
28306	KLGGALQAK
34338	KLGGALQAK
35189	KLGGALQAK
34090	KLGGALQAK
25699	GILGFVFTL
34514	KLGGALQAK
34576	KLGGALQAK
35015	KLGGALQAK
2465	KLGGALQAK
170	ELAGIGILTV
36094	IVTDFSVIK
31628	GILGFVFTL
5797	GILGFVFTL
35573	KLGGALQAK
35727	KLGGALQAK
7692	KLGGALQAK
7160	GILGFVFTL
7172	KLGGALQAK
34767	KLGGALQAK
20062	RAKFKQLL
28417	KLGGALQAK
36068	IVTDFSVIK
28704	RAKFKQLL
27721	RAKFKQLL
36233	IVTDFSVIK
34369	KLGGALQAK
31405	GILGFVFTL
15304	RAKFKQLL
2376	ELAGIGILTV
16526	RAKFKQLL
31651	GILGFVFTL
34437	KLGGALQAK
28370	KLGGALQAK
25081	AVFDRKSDAK
35215	KLGGALQAK
24671	RAKFKQLL
638	KLGGALQAK
32195	GILGFVFTL
35591	KLGGALQAK
30503	GILGFVFTL
2281	GILGFVFTL
29782	GILGFVFTL
35808	KLGGALQAK
34168	KLGGALQAK
36240	IVTDFSVIK
36210	KLGGALQAK
35739	KLGGALQAK
32040	GILGFVFTL
14641	KLGGALQAK
26484	GLCTLVAML
34169	KLGGALQAK
29649	GILGFVFTL
15299	ELAGIGILTV
35128	KLGGALQAK
34585	KLGGALQAK
33571	GILGFVFTL
34662	KLGGALQAK
17976	KLGGALQAK
34474	KLGGALQAK
34680	ELAGIGILTV
35098	KLGGALQAK
6748	GILGFVFTL
34273	KLGGALQAK
15117	RAKFKQLL
36396	IVTDFSVIK
35780	KLGGALQAK
36225	IVTDFSVIK
2278	GILGFVFTL
35634	KLGGALQAK
15296	ELAGIGILTV
208	RAKFKQLL
25709	RAKFKQLL
5188	KLGGALQAK
28676	KLGGALQAK
23017	IVTDFSVIK
35641	KLGGALQAK
26490	RAKFKQLL
26494	KLGGALQAK
35340	KLGGALQAK
34435	KLGGALQAK
3316	IVTDFSVIK
2276	KLGGALQAK
24593	RAKFKQLL
34247	KLGGALQAK
36217	IVTDFSVIK
7070	KLGGALQAK
34550	KLGGALQAK
35100	KLGGALQAK
24	GILGFVFTL
2505	KLGGALQAK
35181	KLGGALQAK
35084	KLGGALQAK
34202	KLGGALQAK
35811	KLGGALQAK
4953	KLGGALQAK
8581	RAKFKQLL
35214	KLGGALQAK
5654	GILGFVFTL
23205	KLGGALQAK
4957	RAKFKQLL
36189	KLGGALQAK
28409	AVFDRKSDAK
38420	IVTDFSVIK
34932	KLGGALQAK
18001	KLGGALQAK
31889	GILGFVFTL
35080	KLGGALQAK
25676	RAKFKQLL
34425	KLGGALQAK
23002	KLGGALQAK
35296	KLGGALQAK
33854	GILGFVFTL
7680	RAKFKQLL
31942	GILGFVFTL
35597	KLGGALQAK
2565	KLGGALQAK
34296	KLGGALQAK
5802	GILGFVFTL
31124	GILGFVFTL
99	KLGGALQAK
35721	KLGGALQAK
2317	GLCTLVAML
7294	GILGFVFTL
35659	KLGGALQAK
3198	IVTDFSVIK
35891	ELAGIGILTV
15071	RAKFKQLL
32360	GILGFVFTL
24913	GLCTLVAML
26739	RAKFKQLL
2307	KLGGALQAK
35954	KLGGALQAK
25111	GILGFVFTL
34725	KLGGALQAK
30892	GILGFVFTL
34130	KLGGALQAK
5539	ELAGIGILTV
34649	KLGGALQAK
23217	KLGGALQAK
5387	KLGGALQAK
5107	GILGFVFTL
32396	GILGFVFTL
36295	KLGGALQAK
25887	KLGGALQAK
24989	KLGGALQAK
35152	KLGGALQAK
25298	RAKFKQLL
32537	GILGFVFTL
2286	KLGGALQAK
26535	GLCTLVAML
26548	KLGGALQAK
30493	GILGFVFTL
