442	CVV VVN VNE NEN ENN NND NDM DMR MRF	CAS ASG SGD GDE DEN ENT NTG TGE GEL ELF LFF	YLQPRTFLL
207	CAL ALS LSE SES ESM SME MEY EYG YGN GNK NKL KLV LVF	CAS AST STR TRG RGA GAE AEG EGG GGS GSY SYN YNS NSP SPL PLH LHF	TTDPSFLGRY
174	CGT GTQ TQS QSS SSN SND NDY DYK YKL KLS LSF	CAS ASR SRT RTA TAG AGN GNE NEQ EQY QYF	TTDPSFLGRY
353	CAA AAS ASV SVI VIW IWG WGS GSS SSA SAS ASK SKI KII IIF	CAS ASS SSY SYS YSS SSR SRR RRV RVY VYT YTG TGE GEL ELF LFF	TTDPSFLGRY
491	CVV VVN VNN NNN NNN NND NDM DMR MRF	CAS ASN SNE NEE EEN ENT NTG TGE GEL ELF LFF	YLQPRTFLL
335	CAR ARG RGG GGA GAT ATN TNK NKL KLI LIF	CSA SAR ARI RIL ILA LAG AGD GDT DTG TGE GEL ELF LFF	TTDPSFLGRY
21	CAV AVR VRD RDW DWD WDQ DQF QFY FYF	CAS ASR SRG RGG GGV GVG VGA GAN ANN NNE NEQ EQF QFF	LTDEMIAQY
121	CAV AVK VKD KDY DYG YGG GGS GSQ SQG QGN GNL NLI LIF	CAS ASS SSQ SQD QDL DLG LGS GSN SNQ NQP QPQ PQH QHF	LTDEMIAQY
42	CAS ASA SAG AGG GGG GGN GNK NKL KLT LTF	CAS ASR SRE REG EGR GRA RAY AYN YNE NEQ EQF QFF	LTDEMIAQY
187	CAM AMR MRA RAT ATG TGG GGF GFK FKT KTI TIF	CAS ASS SSL SLT LTQ TQG QGL GLN LNT NTE TEA EAF AFF	TTDPSFLGRY
277	CAV AVP VPG PGR GRG RGY GYQ YQK QKV KVT VTF	CAS ASS SSE SEW EWG WGA GAT ATE TEA EAF AFF	TTDPSFLGRY
257	CAG AGQ GQL QLG LGT GTG TGN GNQ NQF QFY FYF	CAS ASS SSL SLS LSS SSP SPQ PQE QET ETQ TQY QYF	TTDPSFLGRY
590	CAL ALT LTY TYS YSG SGG GGY GYN YNK NKL KLI LIF	CAS ASS SSV SVG VGG GGS GSE SEK EKN KNT NTE TEA EAF AFF	YLQPRTFLL
577	CAL ALY LYN YNT NTD TDK DKL KLI LIF	CAI AIS ISG SGR GRQ RQG QGD GDT DTG TGE GEL ELF LFF	YLQPRTFLL
424	CAR ARM RMD MDS DSN SNY NYQ YQL QLI LIW	CAS ASS SSV SVK VKP KPD PDS DSP SPA PAE AEA EAF AFF	YLQPRTFLL
127	CAM AMR MRS RSN SNY NYQ YQL QLI LIW	CAS ASS SSL SLS LSQ SQG QGS GSQ SQY QYF	LTDEMIAQY
407	CAF AFG FGD GDT DTG TGR GRR RRA RAL ALT LTF	CAS ASS SSI SIS ISG SGF GFD FDG DGY GYT YTF	YLQPRTFLL
397	CAV AVT VTN TNS NSN SNY NYQ YQL QLI LIW	CAS ASR SRL RLG LGT GTG TGE GEV EVG VGE GEL ELF LFF	YLQPRTFLL
159	CAM AMS MST STG TGN GNN NNA NAR ARL RLM LMF	CAS AST STD TDG DGG GGF GFG FGY GYT YTF	TTDPSFLGRY
149	CAA AAS ASV SVG VGN GNN NNA NAR ARL RLM LMF	CAS ASS SSY SYM YMG MGE GEG EGE GEQ EQF QFF	TTDPSFLGRY
560	CAG AGL GLN LND NDY DYK YKL KLS LSF	CAS AST STG TGA GAD ADT DTQ TQY QYF	YLQPRTFLL
261	CVV VVN VNP NPL PLG LGS GSG SGG GGY GYN YNK NKL KLI LIF	CAS ASS SSS SSS SSA SAE AES ESS SSY SYN YNE NEQ EQF QFF	TTDPSFLGRY
522	CAT ATP TPG PGG GGQ GQK QKL KLV LVF	CAS AST STL TLR LRD RDR DRG RGN GNQ NQP QPQ PQH QHF	YLQPRTFLL
300	CAM AMR MRE REP EPR PRS RSN SND NDY DYK YKL KLS LSF	CAS ASS SSL SLT LTQ TQG QGF GFT FTE TEA EAF AFF	TTDPSFLGRY
500	CVV VVN VNR NRR RRD RDD DDM DMR MRF	CSA SAH AHR HRD RDQ DQN QNT NTG TGE GEL ELF LFF	YLQPRTFLL
134	CAV AVL VLG LGV GVY VYN YNQ NQG QGG GGK GKL KLI LIF	CAS ASS SSF SFP FPL PLG LGG GGY GYG YGY GYT YTF	TTDPSFLGRY
131	CAV AVR VRG RGG GGS GSG SGT GTY TYK YKY KYI YIF	CAS ASS SSM SMP MPN PNA NAN ANT NTG TGE GEL ELF LFF	LTDEMIAQY
550	CAA AAR ARE REG EGT GTG TGN GNQ NQF QFY FYF	CAS ASS SSL SLG LGP GPE PEA EAF AFF	YLQPRTFLL
58	CAG AGL GLN LNY NYG YGG GGS GSQ SQG QGN GNL NLI LIF	CAS ASS SSP SPR PRD RDR DRV RVN VNT NTG TGE GEL ELF LFF	LTDEMIAQY
276	CAV AVP VPS PSY SYN YNT NTD TDK DKL KLI LIF	CAS ASS SSH SHD HDG DGY GYQ YQP QPQ PQH QHF	TTDPSFLGRY
548	CVV VVN VNN NNA NAD ADK DKL KLI LIF	CSA SAR ARD RDS DSM SMA MAQ AQN QNT NTG TGE GEL ELF LFF	YLQPRTFLL
177	CAM AMR MRD RDA DAG AGG GGG GGA GAD ADG DGL GLT LTF	CAI AIG IGT GTG TGP GPM PMN MNT NTE TEA EAF AFF	TTDPSFLGRY
274	CAA AAV AVG VGG GGY GYQ YQK QKV KVT VTF	CAS ASS SSY SYR YRG RGS GSS SSL SLS LSS SSY SYE YEQ EQY QYF	TTDPSFLGRY
194	CAT ATG TGG GGD GDS DSG SGA GAG AGS GSY SYQ YQL QLT LTF	CAS ASS SSY SYS YST STT TTG TGR GRY RYE YEQ EQF QFF	TTDPSFLGRY
481	CAA AAS ASG SGG GGG GGG GGG GGA GAD ADG DGL GLT LTF	CAS ASS SSY SYG YGN GNQ NQP QPQ PQH QHF	YLQPRTFLL
394	CVV VVN VNR NRY RYD YDG DGL GLT LTF	CSA SAG AGE GER ERN RNT NTG TGE GEL ELF LFF	YLQPRTFLL
366	CAT ATD TDG DGG GGY GYK YKL KLS LSF	CAS ASS SSF SFA FAG AGT GTA TAD ADY DYN YNS NSP SPL PLH LHF	TTDPSFLGRY
528	CAA AAS ASN SNS NSQ SQE QET ETS TSG SGS GSR SRL RLT LTF	CAS AST STN TNW NWG WGL GLR LRQ RQP QPQ PQH QHF	YLQPRTFLL
546	CAV AVS VSG SGG GGG GGA GAD ADG DGL GLT LTF	CAS ASS SSV SVG VGA GAG AGS GSN SNQ NQP QPQ PQH QHF	YLQPRTFLL
338	CAV AVR VRS RSS SSG SGG GGS GSY SYI YIP IPT PTF	CAS ASS SSL SLK LKV KVD VDG DGY GYN YNE NEQ EQF QFF	TTDPSFLGRY
232	CAA AAS ASA SAG AGP GPI PIG IGF GFG FGN GNV NVL VLH LHC	CAS ASS SSP SPG PGQ GQR QRS RSY SYN YNE NEQ EQF QFF	TTDPSFLGRY
268	CGT GTG TGL GLA LAY AYN YNN NND NDM DMR MRF	CAS ASS SSR SRP RPE PEG EGE GEQ EQY QYF	TTDPSFLGRY
137	CAM AMR MRD RDT DTG TGR GRR RRA RAL ALT LTF	CAS ASS SSL SLV LVG VGG GGA GAG AGE GEQ EQY QYF	TTDPSFLGRY
331	CAV AVP VPF PFS FSG SGG GGY GYN YNK NKL KLI LIF	CAT ATS TSR SRA RAG AGQ GQG QGH GHE HEQ EQY QYF	TTDPSFLGRY
462	CAA AAI AIN IND NDY DYK YKL KLS LSF	CAS ASS SSG SGS GSP SPG PGT GTG TGD GDY DYG YGY GYT YTF	YLQPRTFLL
157	CAA AAG AGA GAG AGT GTA TAS ASK SKL KLT LTF	CAS ASS SSS SSD SDL DLG LGG GGG GGT GTD TDT DTQ TQY QYF	TTDPSFLGRY
19	CAA AAE AEA EAA AAG AGN GNK NKL KLT LTF	CAS ASN SNF NFG FGL GLP LPF PFG FGN GNE NEQ EQF QFF	LTDEMIAQY
502	CAA AAI AIG IGA GAD ADG DGL GLT LTF	CAI AIS ISE SES ESV SVR VRN RNS NSN SNQ NQP QPQ PQH QHF	YLQPRTFLL
553	CAG AGN GNQ NQG QGG GGK GKL KLI LIF	CSA SAR ARD RDR DRS RSS SSY SYE YEQ EQY QYF	YLQPRTFLL
447	CAC ACN CNA NAG AGN GNM NML MLT LTF	CAS ASR SRT RTD TDG DGL GLA LAG AGY GYN YNE NEQ EQF QFF	YLQPRTFLL
254	CVV VVS VSD SDQ DQE QEG EGA GAQ AQK QKL KLV LVF	CAS ASS SSL SLI LIL ILM LMG MGT GTS TSG SGG GGE GEQ EQF QFF	TTDPSFLGRY
294	CAV AVV VVP VPT PTF TFG FGG GGS GSY SYI YIP IPT PTF	CSV SVE VEG EGT GTE TES ESY SYE YEQ EQY QYF	TTDPSFLGRY
330	CAA AAS ASV SVG VGV GVN VNF NFN FNK NKF KFY FYF	CAS ASR SRY RYP YPS PSG SGG GGY GYT YTF	TTDPSFLGRY
198	CAV AVA VAP APS PSL SLG LGF GFG FGN GNV NVL VLH LHC	CAS AST STK TKG KGG GGT GTD TDT DTQ TQY QYF	TTDPSFLGRY
334	CIL ILR LRG RGG GGG GGG GGT GTS TSY SYG YGK GKL KLT LTF	CAS ASS SSD SDQ DQG QGA GAN ANY NYE YEQ EQY QYF	TTDPSFLGRY
206	CAA AAS ASS SSG SGN GNT NTG TGK GKL KLI LIF	CAS ASW SWT WTD TDS DSQ SQG QGE GET ETQ TQY QYF	TTDPSFLGRY
404	CAV AVS VSR SRS RSR SRG RGG GGF GFG FGN GNV NVL VLH LHC	CSA SAR ARD RDP DPW PWQ WQV QVN VNT NTG TGE GEL ELF LFF	YLQPRTFLL
507	CAG AGG GGS GSQ SQG QGN GNL NLI LIF	CAS ASS SSY SYP YPW PWD WDS DSQ SQS QSS SSY SYN YNE NEQ EQF QFF	YLQPRTFLL
35	CAA AAN ANS NSG SGY GYA YAL ALN LNF	CAS ASS SSL SLA LAL ALA LAG AGR GRN RNY NYN YNE NEQ EQF QFF	LTDEMIAQY
465	CAM AMR MRE REG EGN GNN NNY NYG YGQ GQN QNF NFV FVF	CAS ASQ SQR QRG RGG GGR GRE REE EET ETQ TQY QYF	YLQPRTFLL
247	CAM AMR MRE REG EGS GSG SGG GGF GFG FGN GNV NVL VLH LHC	CSV SVL VLT LTT TTG TGP GPG PGQ GQP QPQ PQH QHF	TTDPSFLGRY
508	CVV VVN VNR NRN RNN NND NDM DMR MRF	CAT ATQ TQS QSD SDP DPN PNT NTG TGE GEL ELF LFF	YLQPRTFLL
22	CAL ALS LSN SNA NAG AGG GGT GTS TSY SYG YGK GKL KLT LTF	CAS ASS SSV SVI VIQ IQG QGA GAA AAG AGE GEL ELF LFF	LTDEMIAQY
518	CAG AGQ GQR QRG RGK GKL KLI LIF	CSA SAR ARI RIA IAR ARI RIN INA NAY AYE YEQ EQY QYF	YLQPRTFLL
307	CAT ATG TGF GFS FSG SGG GGY GYN YNK NKL KLI LIF	CAS ASS SSQ SQY QYR YRE RET ETS TSD SDT DTQ TQY QYF	TTDPSFLGRY
6	CAA AAN ANS NSG SGY GYA YAL ALN LNF	CAS ASS SSL SLA LAL ALA LAG AGI GIR IRY RYN YNE NEQ EQF QFF	LTDEMIAQY
70	CAL ALS LSP SPP PPG PGS GSR SRL RLT LTF	CAS ASV SVD VDR DRD RDW DWT WTW TWG WGT GTE TEA EAF AFF	LTDEMIAQY
583	CAV AVR VRD RDS DSN SNY NYQ YQL QLI LIW	CAS ASS SSP SPG PGA GAP APG PGQ GQG QGS GSY SYE YEQ EQY QYF	YLQPRTFLL
139	CAL ALS LSA SAG AGN GNQ NQF QFY FYF	CAS ASS SSD SDR DRT RTS TSQ SQE QET ETQ TQY QYF	TTDPSFLGRY
278	CAA AAP APP PPY PYS YSG SGA GAG AGS GSY SYQ YQL QLT LTF	CAI AIR IRE RER ERQ RQF QFC FCR CRY RYF	TTDPSFLGRY
88	CAF AFM FMR MRG RGD GDG DGQ GQK QKL KLL LLF	CAS ASS SSL SLA LAI AIG IGD GDK DKV KVE VEQ EQY QYF	LTDEMIAQY
562	CVV VVN VNR NRY RYD YDD DDM DMR MRF	CSA SAL ALR LRD RDK DKN KNT NTG TGE GEL ELF LFF	YLQPRTFLL
541	CAV AVR VRD RDR DRG RGS GSQ SQG QGN GNL NLI LIF	CAS ASS SSP SPD PDR DRG RGG GGG GGY GYT YTF	YLQPRTFLL
138	CAS ASP SPN PNY NYG YGN GNM NML MLT LTF	CAS ASK SKQ KQG QGW GWS WSN SNQ NQP QPQ PQH QHF	TTDPSFLGRY
348	CAL ALP LPA PAY AYT YTD TDK DKL KLI LIF	CAS ASR SRI RIR IRG RGG GGP GPG PGT GTD TDT DTQ TQY QYF	TTDPSFLGRY
584	CVV VVN VNK NKM KMD MDD DDM DMR MRF	CSA SAR ART RTD TDH DHN HNT NTG TGE GEL ELF LFF	YLQPRTFLL
523	CVV VVN VNN NNN NNN NND NDM DMR MRF	CAG AGQ GQG QGM GMN MNT NTG TGE GEL ELF LFF	YLQPRTFLL
41	CAV AVN VNV NVG VGG GGG GGS GSN SNY NYK YKL KLT LTF	CSV SVG VGT GTG TGW GWP WPY PYE YEQ EQY QYF	LTDEMIAQY
422	CAA AAS ASK SKG KGT GTG TGF GFQ FQK QKL KLV LVF	CAS ASS SSH SHP HPS PSE SEG EGS GSR SRK RKK KKY KYE YEQ EQY QYF	YLQPRTFLL
552	CVV VVN VNN NNN NNN NND NDM DMR MRF	CAI AIE IED EDL DLN LNT NTG TGE GEL ELF LFF	YLQPRTFLL
104	CAT ATP TPR PRS RSG SGG GGS GSY SYI YIP IPT PTF	CAI AIS ISE SEE EEH EHT HTG TGE GEY EYQ YQP QPQ PQH QHF	LTDEMIAQY
103	CAH AHA HAG AGG GGT GTS TSY SYG YGK GKL KLT LTF	CAS ASR SRS RSG SGT GTG TGT GTY TYE YEQ EQY QYF	LTDEMIAQY
111	CAG AGG GGH GHT HTP TPL PLV LVF	CAS ASS SSL SLT LTD TDL DLY LYG YGY GYT YTF	LTDEMIAQY
359	CAL ALS LSE SEA EAL ALG LGA GAA AAG AGN GNK NKL KLT LTF	CAS ASS SSW SWT WTE TEG EGA GAY AYE YEQ EQY QYF	TTDPSFLGRY
558	CAL ALG LGG GGS GSN SND NDY DYK YKL KLS LSF	CAS ASS SSL SLA LAG AGG GGF GFT FTG TGE GEL ELF LFF	YLQPRTFLL
530	CVV VVN VNK NKE KEN ENN NNL NLF LFF	CAW AWG WGS GSM SMN MNT NTG TGE GEL ELF LFF	YLQPRTFLL
263	CAP APH PHR HRR RRE REA EAG AGG GGS GSY SYI YIP IPT PTF	CAS ASS SSV SVS VSY SYG YGY GYT YTF	TTDPSFLGRY
133	CAL ALV LVP VPN PNA NAR ARL RLM LMF	CAS AST STD TDR DRW RWA WAG AGD GDT DTQ TQY QYF	TTDPSFLGRY
475	CGG GGN GNR NRD RDD DDK DKI KII IIF	CAS ASS SSP SPD PDI DIE IEQ EQY QYF	YLQPRTFLL
72	CAV AVG VGG GGG GGA GAD ADG DGL GLT LTF	CAS ASV SVN VNP NPT PTG TGA GAK AKN KNI NIQ IQY QYF	LTDEMIAQY
336	CAA AAS ASA SAE AEG EGN GNT NTG TGK GKL KLI LIF	CAS ASS SSD SDP DPG PGA GAR ARV RVW VWE WEQ EQY QYF	TTDPSFLGRY
82	CAV AVR VRG RGG GGQ GQK QKL KLL LLF	CAR ART RTG TGQ GQV QVK VKA KAK AKN KNI NIQ IQY QYF	LTDEMIAQY
343	CAV AVD VDI DIR IRN RNS NSG SGY GYA YAL ALN LNF	CAS ASS SSW SWT WTQ TQG QGA GAG AGY GYT YTF	TTDPSFLGRY
242	CAV AVL VLG LGG GGG GGG GGA GAD ADG DGL GLT LTF	CAS ASS SSV SVY VYE YEL ELS LSL SLP LPG PGA GAA AAQ AQY QYF	TTDPSFLGRY
464	CVV VVN VNS NSA SAD ADK DKL KLI LIF	CAS ASS SSP SPE PEI EIK IKA KAF AFF	YLQPRTFLL
226	CAV AVP VPT PTD TDS DSW SWG WGK GKL KLQ LQF	CAS ASS SSE SEI EII IIS ISG SGN GNY NYG YGY GYT YTF	TTDPSFLGRY
13	CAV AVN VNS NSG SGG GGS GSN SNY NYK YKL KLT LTF	CSV SVH VHQ HQG QGW GWP WPY PYE YEQ EQY QYF	LTDEMIAQY
545	CAQ AQD QDG DGQ GQN QNF NFV FVF	CAS ASS SSP SPS PSP SPK PKR KRG RGA GAY AYE YEQ EQY QYF	YLQPRTFLL
230	CAP APP PPD PDS DSS SSY SYK YKL KLI LIF	CAS ASS SSL SLQ LQG QGV GVS VSY SYE YEQ EQY QYF	TTDPSFLGRY
65	CAV AVR VRG RGG GGS GSG SGT GTY TYK YKY KYI YIF	CAS ASS SSP SPT PTV TVS VSN SNT NTG TGE GEL ELF LFF	LTDEMIAQY
381	CAL ALN LNT NTG TGN GNQ NQF QFY FYF	CAS ASS SSI SIS ISH SHS HST STD TDT DTQ TQY QYF	TTDPSFLGRY
128	CAV AVR VRG RGG GGD GDM DMR MRF	CAS AST STN TNR NRG RGG GGI GIT ITY TYE YEQ EQY QYF	LTDEMIAQY
270	CAL ALN LNN NNA NAG AGN GNM NML MLT LTF	CAS ASE SEE EEG EGY GYS YSN SNQ NQP QPQ PQH QHF	TTDPSFLGRY
582	CAP APN PNA NAG AGG GGT GTS TSY SYG YGK GKL KLT LTF	CAS ASS SSV SVA VAY AYR YRG RGN GNE NEQ EQF QFF	YLQPRTFLL
298	CAA AAV AVG VGP GPT PTG TGT GTA TAS ASK SKL KLT LTF	CAS ASS SSW SWT WTS TSG SGS GSY SYE YEQ EQY QYF	TTDPSFLGRY
557	CVV VVN VND NDG DGN GND NDM DMR MRF	CAS ASS SSD SDL DLD LDT DTG TGE GEL ELF LFF	YLQPRTFLL
386	CAV AVR VRG RGT GTG TGR GRR RRA RAL ALT LTF	CSA SAG AGG GGT GTG TGI GIY IYG YGS GSY SYE YEQ EQY QYF	YLQPRTFLL
466	CVV VVN VNR NRE RED EDM DML MLT LTF	CAW AWT WTR TRD RDR DRN RNT NTG TGE GEL ELF LFF	YLQPRTFLL
405	CVV VVN VNQ NQA QAD ADK DKL KLS LSF	CAS ASS SSP SPD PDI DIE IEA EAF AFF	YLQPRTFLL
540	CAA AAS ASV SVG VGS GSN SNN NNN NND NDM DMR MRF	CAS ASS SSP SPT PTG TGE GEP EPN PNY NYG YGY GYT YTF	YLQPRTFLL
284	CAL ALS LSG SGA GAG AGN GNQ NQF QFY FYF	CAS ASS SSS SSR SRG RGP GPH PHG HGD GDE DEQ EQF QFF	TTDPSFLGRY
362	CVV VVN VNP NPV PVT VTG TGN GNT NTP TPL PLV LVF	CAS ASR SRW RWT WTD TDG DGI GIM IMN MNT NTE TEA EAF AFF	TTDPSFLGRY
423	CVV VVN VNG NGG GGD GDK DKI KII IIF	CAS ASS SSL SLD LDI DIE IEA EAF AFF	YLQPRTFLL
214	CAA AAS ASE SEG EGN GNQ NQF QFY FYF	CAS ASS SSQ SQE QEG EGQ GQQ QQW QWG WGR GRD RDG DGY GYT YTF	TTDPSFLGRY
361	CAV AVV VVF VFS FSG SGG GGY GYN YNK NKL KLI LIF	CAS ASS SSQ SQS QSR SRD RDR DRV RVD VDF	TTDPSFLGRY
352	CAM AMS MSH SHS HSG SGA GAG AGS GSY SYQ YQL QLT LTF	CAS ASS SSL SLW LWG WGA GAH AHT HTE TEA EAF AFF	TTDPSFLGRY
310	CLV LVG VGD GDI DIP IPP PPM PMK MKL KLI LIF	CAS ASS SSP SPG PGT GTS TSN SNT NTG TGE GEL ELF LFF	TTDPSFLGRY
3	CAV AVP VPG PGN GNN NND NDM DMR MRF	CAS ASS SSN SNP NPG PGP GPW PWG WGS GSP SPL PLH LHF	LTDEMIAQY
47	CAA AAR ARE REI EIG IGN GNQ NQF QFY FYF	CAR ARR RRG RGD GDR DRA RAE AEQ EQY QYF	LTDEMIAQY
59	CAG AGR GRT RTN TNA NAG AGK GKS KST STF	CAW AWS WST STG TGG GGT GTW TWT WTG TGE GEL ELF LFF	LTDEMIAQY
164	CAV AVR VRS RSN SNF NFG FGN GNE NEK EKL KLT LTF	CAS ASS SSL SLI LIL ILA LAG AGL GLN LNQ NQP QPQ PQH QHF	TTDPSFLGRY
217	CAM AMR MRD RDW DWA WAL ALT LTG TGG GGG GGN GNK NKL KLT LTF	CAS ASA SAL ALA LAQ AQA QAY AYE YEQ EQY QYF	TTDPSFLGRY
513	CVV VVN VNG NGA GAD ADK DKL KLI LIF	CAS ASS SSL SLD LDI DIE IEA EAF AFF	YLQPRTFLL
116	CAV AVR VRY RYR YRG RGS GST STL TLG LGR GRL RLY LYF	CAS ASS SSR SRG RGT GTS TSG SGR GRG RGI GIN INE NEQ EQF QFF	LTDEMIAQY
430	CAA AAS ASI SIK IKA KAG AGS GSA SAR ARQ RQL QLT LTF	CAS ASS SSL SLD LDI DIE IEQ EQY QYF	YLQPRTFLL
445	CVV VVN VND NDL DLD LDK DKL KLI LIF	CAS ASS SSP SPE PED EDT DTQ TQY QYF	YLQPRTFLL
515	CVV VVT VTG TGG GGG GGN GNK NKL KLT LTF	CAS ASS SSQ SQD QDI DIL ILA LAR ARY RYN YNE NEQ EQF QFF	YLQPRTFLL
56	CAG AGN GNA NAG AGN GNM NML MLT LTF	CAS AST STG TGP GPG PGG GGL GLA LAA AAG AGE GEQ EQY QYF	LTDEMIAQY
411	CAV AVN VNG NGL GLG LGM GMG MGG GGG GGA GAD ADG DGL GLT LTF	CAS ASS SSP SPD PDI DIE IEA EAF AFF	YLQPRTFLL
211	CAA AAR ARR RRW RWA WAI AIG IGA GAG AGK GKS KST STF	CAS ASS SSD SDR DRA RAG AGT GTD TDT DTQ TQY QYF	TTDPSFLGRY
357	CAP APF PFS FSG SGG GGY GYQ YQK QKV KVT VTF	CAT ATW TWD WDS DSD SDT DTG TGE GEL ELF LFF	TTDPSFLGRY
86	CGR GRG RGA GAQ AQK QKL KLV LVF	CAS ASS SSE SEY EYL YLG LGE GEL ELF LFF	LTDEMIAQY
511	CVV VVN VNR NRD RDD DDK DKI KII IIF	CAS ASS SSH SHR HRN RNT NTL TLE LEA EAF AFF	YLQPRTFLL
578	CAM AMR MRG RGV GVS VSG SGF GFG FGN GNE NEK EKL KLT LTF	CSA SAR ARS RSA SAA AAS AST STD TDT DTQ TQY QYF	YLQPRTFLL
471	CAA AAS ASG SGM GMD MDT DTG TGR GRR RRA RAL ALT LTF	CAS ASS SST STR TRT RTE TEG EGT GTE TEA EAF AFF	YLQPRTFLL
119	CAE AEI EIP IPS PSG SGN GNT NTP TPL PLV LVF	CAS ASS SSL SLG LGT GTK TKN KNI NIQ IQY QYF	LTDEMIAQY
107	CAL ALT LTN TNA NAG AGG GGT GTS TSY SYG YGK GKL KLT LTF	CAS ASS SSL SLG LGQ GQP QPA PAG AGE GEQ EQF QFF	LTDEMIAQY
251	CAM AMS MSA SAP APE PEY EYS YSS SSA SAS ASK SKI KII IIF	CAS ASS SSW SWT WTS TSG SGS GSY SYE YEQ EQY QYF	TTDPSFLGRY
332	CAL ALD LDV DVS VSG SGS GSA SAR ARQ RQL QLT LTF	CSA SAR ARD RDG DGD GDS DSI SIS ISY SYN YNE NEQ EQF QFF	TTDPSFLGRY
272	CAV AVN VNS NSG SGG GGY GYQ YQK QKV KVT VTF	CAS ASS SSF SFE FEN ENT NTG TGE GEL ELF LFF	TTDPSFLGRY
525	CAT ATD TDD DDR DRG RGA GAQ AQK QKL KLV LVF	CSA SAS ASG SGG GGS GSY SYG YGS GSY SYN YNE NEQ EQF QFF	YLQPRTFLL
444	CAA AAF AFF FFK FKT KTQ TQG QGG GGS GSE SEK EKL KLV LVF	CAS ASS SSP SPH PHP HPS PSD SDT DTQ TQY QYF	YLQPRTFLL
432	CAA AAM AMI MIY IYS YSG SGA GAG AGS GSY SYQ YQL QLT LTF	CAS ASS SSQ SQA QAQ AQA QAG AGN GNT NTI TIY IYF	YLQPRTFLL
235	CIV IVR VRV RVG VGG GGD GDS DSW SWG WGK GKL KLQ LQF	CAS ASS SSS SSL SLN LNT NTE TEA EAF AFF	TTDPSFLGRY
440	CVV VVN VNN NNN NNN NND NDM DMR MRF	CAS ASG SGE GEA EAN ANT NTG TGE GEL ELF LFF	YLQPRTFLL
191	CAL ALS LSD SDQ DQR QRA RAA AAG AGN GNK NKL KLT LTF	CAS ASG SGL GLA LAD ADT DTD TDT DTQ TQY QYF	TTDPSFLGRY
563	CVV VVN VNA NAP APS PSG SGN GNT NTP TPL PLV LVF	CSA SAR ARG RGE GEV EVE VEM EMN MNT NTG TGE GEL ELF LFF	YLQPRTFLL
586	CAV AVP VPH PHP HPS PSN SNF NFG FGN GNE NEK EKL KLT LTF	CAS ASS SSI SIL ILA LAG AGT GTY TYN YNE NEQ EQF QFF	YLQPRTFLL
373	CAV AVS VSG SGY GYG YGN GNK NKL KLV LVF	CAS ASS SSS SSS SSG SGP GPV PVN VNE NEQ EQF QFF	TTDPSFLGRY
32	CAL ALR LRI RIY IYN YNQ NQG QGG GGK GKL KLI LIF	CAS ASS SSV SVG VGL GLA LAG AGV GVY VYS YSY SYN YNE NEQ EQF QFF	LTDEMIAQY
267	CAT ATD TDP DPT PTL TLN LNT NTG TGN GNQ NQF QFY FYF	CSV SVR VRG RGR GRT RTH THN HNE NEQ EQF QFF	TTDPSFLGRY
122	CAV AVQ VQG QGG GGA GAL ALI LIG IGG GGA GAT ATN TNK NKL KLI LIF	CAS ASS SSL SLG LGG GGN GNQ NQP QPQ PQH QHF	LTDEMIAQY
123	CAV AVV VVR VRS RSG SGT GTY TYK YKY KYI YIF	CAS ASS SSL SLT LTG TGT GTG TGA GAL ALY LYE YEQ EQY QYF	LTDEMIAQY
401	CVV VVK VKN KNR NRD RDD DDK DKI KII IIF	CAS ASS SSQ SQK QKA KAA AAQ AQG QGV GVS VSS SSY SYE YEQ EQY QYF	YLQPRTFLL
20	CAA AAS ASG SGG GGA GAQ AQK QKL KLV LVF	CAS ASS SSK SKL KLV LVA VAN ANT NTG TGE GEL ELF LFF	LTDEMIAQY
44	CAF AFM FMK MKP KPK PKN KNY NYG YGG GGS GSQ SQG QGN GNL NLI LIF	CAS ASS SSS SSR SRQ RQG QGP GPK PKE KEY EYG YGY GYT YTF	LTDEMIAQY
196	CAV AVT VTD TDS DSN SNY NYQ YQL QLI LIW	CAS ASR SRP RPP PPG PGA GAD ADT DTE TEA EAF AFF	TTDPSFLGRY
67	CAV AVG VGA GAY AYN YNQ NQG QGG GGK GKL KLI LIF	CAS ASS SSL SLP LPG PGA GAR ARS RSG SGA GAN ANV NVL VLT LTF	LTDEMIAQY
90	CAM AMR MRE REG EGP GPG PGA GAG AGS GSY SYQ YQL QLT LTF	CAS ASR SRS RSG SGQ GQR QRN RNT NTE TEA EAF AFF	LTDEMIAQY
454	CVV VVN VNN NNN NNN NND NDM DMR MRF	CAT ATQ TQD QDT DTN TNT NTG TGE GEL ELF LFF	YLQPRTFLL
315	CAL ALS LSD SDY DYS YSS SSG SGG GGS GSY SYI YIP IPT PTF	CAS ASS SST STA TAR ARL RLG LGD GDT DTG TGE GEL ELF LFF	TTDPSFLGRY
264	CAL ALP LPL PLG LGE GED EDK DKI KII IIF	CAS ASS SSL SLS LSS SSP SPF PFW FWE WEQ EQF QFF	TTDPSFLGRY
337	CAV AVA VAG AGR GRN RNT NTG TGR GRR RRA RAL ALT LTF	CAS ASS SSQ SQD QDG DGI GIA IAG AGY GYN YNE NEQ EQF QFF	TTDPSFLGRY
223	CAM AMD MDP DPL PLT LTG TGG GGG GGN GNK NKL KLT LTF	CAS ASS SSQ SQG QGQ GQG QGP GPP PPY PYE YEQ EQY QYF	TTDPSFLGRY
17	CIV IVR VRV RVF VFR FRK RKK KKG KGQ GQN QNF NFV FVF	CAS ASS SSL SLA LAH AHQ HQT QTY TYE YEQ EQY QYF	LTDEMIAQY
5	CAA AAN ANT NTG TGN GNQ NQF QFY FYF	CAS ASS SSL SLA LAV AVN VNT NTE TEA EAF AFF	LTDEMIAQY
498	CAA AAS ASG SGL GLK LKM KMD MDS DSS SSY SYK YKL KLI LIF	CAS ASS SSS SST STP TPN PNR NRG RGL GLA LAV AVG VGQ GQY QYF	YLQPRTFLL
275	CAA AAL ALN LNT NTG TGN GNQ NQF QFY FYF	CAS ASS SSL SLA LAG AGN GNE NEQ EQY QYF	TTDPSFLGRY
151	CAV AVR VRD RDN DNR NRD RDD DDY DYK YKL KLS LSF	CAW AWG WGG GGS GST STG TGD GDN DNS NSP SPL PLH LHF	TTDPSFLGRY
488	CAV AVS VSW SWG WGN GNT NTD TDK DKL KLI LIF	CAS ASS SSE SEF EFP FPG PGP GPS PSD SDG DGY GYT YTF	YLQPRTFLL
564	CAA AAY AYS YSG SGG GGG GGA GAD ADG DGL GLT LTF	CAC ACT CTG TGR GRG RGG GGN GNG NGY GYT YTF	YLQPRTFLL
385	CAL ALS LSE SEA EAD ADR DRD RDD DDK DKI KII IIF	CAS AST STW TWG WGT GTD TDY DYN YNE NEQ EQF QFF	TTDPSFLGRY
505	CAA AAS ASL SLN LNN NNF NFN FNK NKF KFY FYF	CAS ASS SSH SHR HRN RNT NTL TLE LEA EAF AFF	YLQPRTFLL
571	CVN VNM NMD MDS DSN SNY NYQ YQL QLI LIW	CSA SAR ARG RGS GSS SSQ SQW QWE WET ETQ TQY QYF	YLQPRTFLL
244	CLV LVG VGD GDT DTG TGT GTG TGG GGF GFK FKT KTI TIF	CAS AST STS TSG SGG GGT GTQ TQH QHF	TTDPSFLGRY
347	CAM AMR MRG RGG GGA GAG AGS GSY SYQ YQL QLT LTF	CAT ATT TTG TGG GGP GPE PEE EEK EKL KLF LFF	TTDPSFLGRY
249	CAE AEW EWT WTG TGG GGY GYQ YQK QKV KVT VTF	CAS ASG SGF GFD FDA DAG AGQ GQG QGS GSY SYE YEQ EQY QYF	TTDPSFLGRY
356	CAL ALN LNA NAG AGN GNM NML MLT LTF	CAS AST STT TTG TGT GTG TGY GYA YAE AEA EAF AFF	TTDPSFLGRY
55	CVV VVN VNA NAR ARG RGY GYD YDK DKV KVI VIF	CAS ASS SSP SPS PST STG TGK GKV KVS VST STE TEA EAF AFF	LTDEMIAQY
49	CAF AFM FMK MKL KLY LYN YNF NFN FNK NKF KFY FYF	CAS ASS SSG SGP GPL PLA LAG AGR GRR RRT RTD TDT DTQ TQY QYF	LTDEMIAQY
243	CAA AAS ASI SIG IGY GYS YST STL TLT LTF	CSV SVR VRL RLA LAG AGG GGS GSG SGE GET ETQ TQY QYF	TTDPSFLGRY
504	CVV VVN VND NDG DGN GNK NKL KLV LVF	CAS ASQ SQE QEL ELD LDT DTG TGE GEL ELF LFF	YLQPRTFLL
434	CAF AFA FAR ARN RNT NTG TGG GGF GFK FKT KTI TIF	CAS ASS SSM SMG MGA GAI AIS ISE SEA EAF AFF	YLQPRTFLL
53	CAV AVN VNM NMQ MQS QSN SND NDY DYK YKL KLS LSF	CSV SVG VGK GKG KGW GWP WPY PYE YEQ EQY QYF	LTDEMIAQY
102	CAV AVR VRG RGG GGS GSG SGT GTY TYK YKY KYI YIF	CAS ASM SMV MVR VRH RHA HAN ANT NTG TGE GEL ELF LFF	LTDEMIAQY
158	CAF AFS FSS SSG SGN GNT NTP TPL PLV LVF	CAS ASS SSQ SQE QED EDR DRW RWV WVI VIG IGE GEL ELF LFF	TTDPSFLGRY
110	CAV AVN VNT NTG TGN GNQ NQF QFY FYF	CAS ASR SRW RWA WAP APG PGE GEL ELF LFF	LTDEMIAQY
290	CAA AAS ASR SRS RSG SGN GNE NEK EKL KLT LTF	CAS ASS SSL SLV LVT VTG TGE GEQ EQY QYF	TTDPSFLGRY
193	CIV IVR VRA RAL ALL LLG LGG GGY GYQ YQK QKV KVT VTF	CSA SAR ARD RDR DRT RTS TSG SGT GTY TYE YEQ EQY QYF	TTDPSFLGRY
69	CAM AMR MRS RSN SNY NYQ YQL QLI LIW	CAS ASS SSE SEA EAQ AQG QGP GPQ PQH QHF	LTDEMIAQY
437	CVV VVN VNR NRN RNN NND NDM DMR MRF	CAT ATQ TQD QDG DGN GNT NTG TGE GEL ELF LFF	YLQPRTFLL
43	CAA AAL ALF LFT FTG TGG GGG GGN GNK NKL KLT LTF	CAS ASS SSL SLG LGI GIG IGT GTQ TQP QPQ PQH QHF	LTDEMIAQY
439	CVV VVN VNI NID IDT DTD TDK DKL KLI LIF	CAS ASP SPD PDA DAN ANT NTG TGE GEL ELF LFF	YLQPRTFLL
216	CAM AMR MRV RVW VWG WGN GNN NNN NND NDM DMR MRF	CAS ASS SSS SSR SRG RGR GRT RTS TSS SSY SYE YEQ EQY QYF	TTDPSFLGRY
449	CAV AVR VRD RDL DLN LNM NMD MDT DTG TGR GRR RRA RAL ALT LTF	CAS ASS SSL SLG LGG GGE GEG EGK GKT KTQ TQY QYF	YLQPRTFLL
329	CAV AVP VPN PNF NFG FGN GNE NEK EKL KLT LTF	CAS ASG SGL GLG LGS GSS SSY SYE YEQ EQY QYF	TTDPSFLGRY
358	CAL ALS LST STS TSQ SQG QGN GNL NLI LIF	CAS ASA SAA AAR ARQ RQG QGS GSD SDE DEQ EQY QYF	TTDPSFLGRY
495	CVV VVN VNS NSD SDT DTD TDK DKL KLI LIF	CAS ASG SGG GGT GTN TNT NTG TGE GEL ELF LFF	YLQPRTFLL
210	CAM AMI MIQ IQY QYN YNN NNN NND NDM DMR MRF	CAS ASS SSI SIE IES ESG SGQ GQL QLW LWE WEL ELF LFF	TTDPSFLGRY
568	CAA AAS ASE SEG EGG GGG GGS GST STL TLG LGR GRL RLY LYF	CAS ASS SSE SES EST STG TGY GYG YGY GYT YTF	YLQPRTFLL
239	CAG AGQ GQS QSN SNQ NQF QFY FYF	CAS ASS SSF SFG FGD GDQ DQP QPQ PQH QHF	TTDPSFLGRY
480	CAF AFF FFP FPR PRS RSS SST STL TLG LGR GRL RLY LYF	CAT ATL TLG LGT GTS TSG SGH GHN HNE NEQ EQF QFF	YLQPRTFLL
409	CAL ALR LRP RPS PSE SET ETS TSG SGS GSR SRL RLT LTF	CAS ASS SSL SLG LGA GAS ASS SSY SYN YNE NEQ EQF QFF	YLQPRTFLL
400	CAV AVN VNE NEE EED EDK DKI KII IIF	CAL ALG LGS GSA SAN ANT NTG TGE GEL ELF LFF	YLQPRTFLL
269	CAL ALS LSG SGT GTG TGN GNQ NQF QFY FYF	CAS ASG SGQ GQG QGF GFY FYE YEQ EQY QYF	TTDPSFLGRY
587	CVV VVN VNN NNP NPD PDS DSG SGY GYA YAL ALN LNF	CAS ASS SSP SPL PLG LGG GGG GGN GNT NTG TGE GEL ELF LFF	YLQPRTFLL
399	CAV AVQ VQD QDL DLG LGT GTS TSG SGS GSR SRL RLT LTF	CAS ASS SSA SAR ART RTG TGE GEL ELF LFF	YLQPRTFLL
302	CAV AVK VKL KLK LKR KRR RRG RGQ GQN QNF NFV FVF	CAS ASS SSL SLG LGG GGG GGG GGG GGT GTQ TQP QPQ PQH QHF	TTDPSFLGRY
527	CAF AFG FGP GPS PSF SFN FNN NND NDM DMR MRF	CAS ASS SSL SLR LRL RLT LTD TDR DRA RAT ATY TYE YEQ EQY QYF	YLQPRTFLL
165	CAL ALM LMT MTG TGN GNQ NQF QFY FYF	CAS ASS SSP SPG PGF GFP FPE PEQ EQF QFF	TTDPSFLGRY
520	CAL ALS LSG SGL GLI LIQ IQG QGG GGS GSE SEK EKL KLV LVF	CAS ASS SSL SLG LGI GIA IAK AKN KNI NIQ IQY QYF	YLQPRTFLL
355	CVV VVG VGT GTG TGF GFQ FQK QKL KLV LVF	CAS ASS SSF SFV FVS VSE SEE EEH EHN HNG NGY GYT YTF	TTDPSFLGRY
572	CVV VVN VNK NKE KED EDD DDM DMR MRF	CAT ATL TLT LTD TDA DAN ANT NTG TGE GEL ELF LFF	YLQPRTFLL
529	CAE AEK EKR KRS RSS SSG SGD GDK DKL KLT LTF	CAS ASS SSL SLD LDI DIK IKA KAF AFF	YLQPRTFLL
271	CAE AEV EVN VNG NGG GGS GSQ SQG QGN GNL NLI LIF	CAS ASS SSP SPK PKT KTG TGR GRH RHQ HQE QET ETQ TQY QYF	TTDPSFLGRY
91	CAV AVS VSP SPS PSE SEG EGT GTY TYK YKY KYI YIF	CAS ASS SSL SLD LDD DDG DGD GDR DRW RWG WGY GYT YTF	LTDEMIAQY
120	CAM AMR MRD RDN DNY NYQ YQL QLI LIW	CAS ASS SSE SEA EAQ AQG QGP GPQ PQY QYF	LTDEMIAQY
54	CAI AIR IRN RNN NNY NYQ YQL QLI LIW	CAS ASS SSG SGG GGN GNT NTI TIY IYF	LTDEMIAQY
142	CAM AME MET ETG TGN GNQ NQF QFY FYF	CAS ASD SDS DSG SGY GYT YTE TEA EAF AFF	TTDPSFLGRY
99	CAV AVS VSL SLL LLN LNS NSG SGG GGS GSN SNY NYK YKL KLT LTF	CSV SVG VGQ GQG QGW GWP WPY PYE YEQ EQY QYF	LTDEMIAQY
579	CAV AVG VGS GSA SAK AKG KGS GST STG TGA GAN ANN NNL NLF LFF	CAS ASR SRT RTG TGQ GQG QGA GAT ATQ TQY QYF	YLQPRTFLL
360	CAL ALS LSE SEA EAQ AQY QYN YNN NND NDM DMR MRF	CAS ASR SRP RPA PAP APG PGT GTV TVT VTY TYG YGY GYT YTF	TTDPSFLGRY
118	CAV AVR VRG RGG GGS GSG SGT GTY TYK YKY KYI YIF	CAS ASS SSL SLP LPR PRA RAN ANT NTG TGE GEL ELF LFF	LTDEMIAQY
368	CAG AGP GPK PKN KNT NTG TGN GNQ NQF QFY FYF	CAS ASS SSL SLD LDH DHP HPW PWG WGS GSP SPL PLH LHF	TTDPSFLGRY
147	CLV LVG VGD GDP DPR PRG RGG GGY GYN YNK NKL KLI LIF	CAS ASK SKG KGG GGQ GQE QET ETQ TQY QYF	TTDPSFLGRY
188	CAF AFK FKG KGG GGT GTS TSY SYG YGK GKL KLT LTF	CAS ASS SSG SGL GLA LAG AGT GTA TAG AGE GET ETQ TQY QYF	TTDPSFLGRY
479	CAG AGG GGD GDN DNF NFN FNK NKF KFY FYF	CAS ASS SSP SPR PRT RTA TAT ATY TYE YEQ EQY QYF	YLQPRTFLL
154	CAR ARK RKG KGG GGS GST STD TDK DKL KLI LIF	CAS ASS SSL SLG LGG GGG GGL GLN LNY NYG YGY GYT YTF	TTDPSFLGRY
166	CAA AAN ANR NRN RNN NNN NNA NAR ARL RLM LMF	CAS ASS SSF SFA FAA AAG AGS GSY SYN YNE NEQ EQF QFF	TTDPSFLGRY
135	CAP APA PAV AVY VYN YNF NFN FNK NKF KFY FYF	CAS ASS SSL SLD LDN DNS NSP SPL PLH LHF	TTDPSFLGRY
345	CAT ATD TDA DAN ANY NYG YGQ GQN QNF NFV FVF	CAS ASS SSP SPR PRD RDW DWY WYN YNE NEQ EQF QFF	TTDPSFLGRY
106	CAL ALR LRH RHG HGG GGA GAT ATN TNK NKL KLI LIF	CAS ASS SSL SLE LEG EGI GIG IGG GGY GYT YTF	LTDEMIAQY
173	CAA AAS ASD SDG DGF GFG FGN GNE NEK EKL KLT LTF	CAS ASS SSA SAG AGD GDS DSD SDG DGY GYT YTF	TTDPSFLGRY
289	CAG AGQ GQP QPA PAG AGT GTA TAL ALI LIF	CAS ASS SSF SFR FRT RTS TSG SGN GNE NEQ EQY QYF	TTDPSFLGRY
458	CAV AVN VNG NGL GLS LSG SGG GGG GGA GAD ADG DGL GLT LTF	CAS ASS SSP SPD PDI DIE IEA EAF AFF	YLQPRTFLL
340	CAT ATD TDG DGD GDS DSG SGY GYA YAL ALN LNF	CAT ATL TLS LSG SGD GDI DIY IYN YNE NEQ EQF QFF	TTDPSFLGRY
201	CAL ALM LMG MGS GSQ SQG QGN GNL NLI LIF	CAS ASS SSL SLD LDS DSP SPY PYE YEQ EQY QYF	TTDPSFLGRY
266	CAV AVA VAT ATD TDS DSW SWG WGK GKL KLQ LQF	CAS ASS SSQ SQQ QQN QNQ NQP QPQ PQH QHF	TTDPSFLGRY
526	CAV AVI VIG IGG GGS GSQ SQG QGN GNL NLI LIF	CAI AIE IED EDR DRN RNT NTG TGE GEL ELF LFF	YLQPRTFLL
197	CAA AAS ASG SGG GGF GFG FGN GNE NEK EKL KLT LTF	CAS ASS SSA SAG AGD GDY DYG YGY GYT YTF	TTDPSFLGRY
12	CAL ALS LSD SDP DPR PRG RGG GGS GSE SEK EKL KLV LVF	CAS ASS SSQ SQD QDV DVG VGQ GQG QGV GVL VLY LYG YGY GYT YTF	LTDEMIAQY
265	CAM AMR MRE REF EFS FSN SND NDY DYK YKL KLS LSF	CAS ASS SSL SLR LRD RDS DSG SGD GDT DTQ TQY QYF	TTDPSFLGRY
342	CVL VLR LRD RDA DAG AGN GNM NML MLT LTF	CAS ASS SSR SRD RDR DRG RGE GEY EYN YNE NEQ EQF QFF	TTDPSFLGRY
538	CAV AVE VEV EVY VYS YSG SGG GGG GGA GAD ADG DGL GLT LTF	CAW AWS WSG SGF GFA FAN ANT NTG TGE GEL ELF LFF	YLQPRTFLL
459	CAV AVR VRP RPW PWG WGN GNQ NQF QFY FYF	CSA SAS ASD SDR DRR RRD RDE DEQ EQF QFF	YLQPRTFLL
96	CAV AVR VRP RPG PGT GTY TYK YKY KYI YIF	CAS ASS SSY SYR YRL RLA LAG AGG GGV GVP VPH PHN HNE NEQ EQF QFF	LTDEMIAQY
50	CAA AAS ASL SLD LDS DSS SSA SAS ASK SKI KII IIF	CAS ASS SSG SGT GTV TVT VTS TSS SSS SST STD TDT DTQ TQY QYF	LTDEMIAQY
415	CAV AVT VTR TRR RRD RDN DNT NTD TDK DKL KLI LIF	CAS ASR SRR RRK RKI KIY IYE YEQ EQY QYF	YLQPRTFLL
16	CAV AVN VND NDA DAG AGG GGT GTS TSY SYG YGK GKL KLT LTF	CAS ASS SSL SLG LGG GGP GPG PGT GTG TGY GYE YEQ EQY QYF	LTDEMIAQY
510	CAA AAM AMN MNY NYG YGG GGS GSQ SQG QGN GNL NLI LIF	CAS ASS SSY SYR YRG RGT GTG TGL GLN LNE NEQ EQF QFF	YLQPRTFLL
457	CVV VVN VNG NGN GNT NTD TDK DKL KLI LIF	CAS ASN SNE NEQ EQN QNS NSN SNE NEQ EQF QFF	YLQPRTFLL
202	CAG AGG GGA GAD ADK DKL KLI LIF	CAS ASS SSL SLR LRQ RQG QGA GAD ADT DTQ TQY QYF	TTDPSFLGRY
581	CAV AVR VRP RPF PFL FLL LLS LSG SGG GGY GYN YNK NKL KLI LIF	CAS ASS SSL SLA LAS AST STD TDT DTQ TQY QYF	YLQPRTFLL
227	CVV VVN VNA NAP APR PRF RFW FWT WTG TGG GGY GYQ YQK QKV KVT VTF	CAS ASS SSL SLS LSA SAP APK PKP KPF PFY FYN YNS NSP SPL PLH LHF	TTDPSFLGRY
81	CAV AVR VRD RDE DED EDD DDK DKI KII IIF	CAS ASS SSL SLP LPG PGR GRG RGE GET ETQ TQY QYF	LTDEMIAQY
117	CAM AMR MRE REA EAD ADS DSS SSG SGS GSA SAR ARQ RQL QLT LTF	CAS ASS SSP SPQ PQV QVG VGV GVA VAN ANE NEK EKL KLF LFF	LTDEMIAQY
218	CAV AVR VRS RSR SRG RGN GNN NNR NRL RLA LAF	CAS ASS SSP SPS PSG SGS GSL SLE LEQ EQY QYF	TTDPSFLGRY
33	CAV AVS VSH SHS HSG SGG GGS GSN SNY NYK YKL KLT LTF	CAS ASS SSH SHF HFV FVL VLG LGP GPR PRG RGG GGE GET ETQ TQY QYF	LTDEMIAQY
328	CAV AVS VSA SAI AIS ISN SNF NFG FGN GNE NEK EKL KLT LTF	CAS ASS SSV SVG VGF GFP FPG PGE GEL ELF LFF	TTDPSFLGRY
324	CAL ALS LSG SGT GTG TGN GNQ NQF QFY FYF	CAS ASS SSL SLS LSG SGP GPL PLE LET ETQ TQY QYF	TTDPSFLGRY
241	CAV AVR VRD RDR DRM RMN MNR NRD RDD DDK DKI KII IIF	CAS ASS SSL SLT LTD TDS DST STD TDT DTQ TQY QYF	TTDPSFLGRY
204	CAM AMS MSA SAR ARS RSG SGY GYS YST STL TLT LTF	CAS ASS SSL SLL LLP LPE PEQ EQE QET ETQ TQY QYF	TTDPSFLGRY
78	CAN ANG NGE GEG EGS GSQ SQG QGN GNL NLI LIF	CAW AWS WSV SVG VGQ GQG QGA GAR ARE REQ EQY QYF	LTDEMIAQY
486	CVV VVN VNM NME MED EDK DKL KLV LVF	CAS ASL SLR LRQ RQN QNS NSG SGE GEQ EQF QFF	YLQPRTFLL
392	CAV AVS VSD SDS DSN SNY NYQ YQL QLI LIW	CAS ASS SSD SDS DSD SDG DGT GTT TTD TDT DTQ TQY QYF	YLQPRTFLL
417	CVV VVN VNE NEA EAD ADK DKL KLI LIF	CAS ASS SSE SEQ EQN QNT NTG TGE GEL ELF LFF	YLQPRTFLL
160	CRG RGN GNK NKL KLV LVF	CAS ASS SSP SPT PTH THS HST STD TDT DTQ TQY QYF	TTDPSFLGRY
512	CAL ALS LSG SGG GGS GSS SSN SNT NTG TGK GKL KLI LIF	CAS ASS SSQ SQD QDH DHY HYY YYN YNE NEQ EQF QFF	YLQPRTFLL
484	CAV AVG VGL GLT LTW TWG WGK GKL KLQ LQF	CSA SAR ARD RDG DGG GGT GTD TDT DTQ TQY QYF	YLQPRTFLL
45	CAV AVR VRG RGS GSP SPG PGT GTY TYK YKY KYI YIF	CAS ASL SLN LNR NRA RAA AAN ANT NTG TGE GEL ELF LFF	LTDEMIAQY
26	CAY AYR YRS RSS SSN SNY NYQ YQL QLI LIW	CAS ASS SSL SLV LVP VPQ PQG QGP GPN PNY NYG YGY GYT YTF	LTDEMIAQY
472	CAV AVS VSD SDR DRN RNT NTN TNA NAG AGK GKS KST STF	CAS ASS SSE SEQ EQV QVT VTG TGD GDN DNE NEQ EQF QFF	YLQPRTFLL
393	CVV VVN VNR NRD RDD DDK DKI KII IIF	CAS ASI SIV IVR VRN RNS NSL SLE LEA EAF AFF	YLQPRTFLL
285	CAL ALG LGG GGS GSQ SQG QGN GNL NLI LIF	CAS ASS SSP SPR PRS RSG SGF GFD FDE DEQ EQY QYF	TTDPSFLGRY
195	CIP IPD PDY DYG YGG GGS GSQ SQG QGN GNL NLI LIF	CAS ASY SYS YSG SGT GTV TVN VNS NSP SPL PLH LHF	TTDPSFLGRY
413	CVV VVN VNK NKE KED EDD DDM DMR MRF	CAS AST STE TET ETN TNT NTG TGE GEL ELF LFF	YLQPRTFLL
94	CAK AKY KYN YNF NFN FNK NKF KFY FYF	CAS ASG SGE GED EDS DSL SLV LVY VYG YGY GYT YTF	LTDEMIAQY
87	CAG AGP GPR PRN RNA NAG AGN GNM NML MLT LTF	CSV SVR VRG RGT GTL TLD LDS DSY SYN YNE NEQ EQF QFF	LTDEMIAQY
363	CAL ALD LDV DVI VIT ITG TGG GGG GGN GNK NKL KLT LTF	CAS ASS SSL SLR LRV RVA VAG AGE GEQ EQF QFF	TTDPSFLGRY
565	CAL ALS LSN SND NDY DYK YKL KLS LSF	CAS ASS SSL SLA LAS ASS SST STA TAY AYG YGY GYT YTF	YLQPRTFLL
31	CAV AVR VRD RDG DGG GGF GFG FGN GNV NVL VLH LHC	CAS ASS SSY SYD YDN DNG NGG GGN GNT NTG TGE GEL ELF LFF	LTDEMIAQY
236	CIL ILP LPL PLL LLG LGG GGT GTS TSY SYG YGK GKL KLT LTF	CAS ASS SSL SLG LGQ GQA QAY AYE YEQ EQY QYF	TTDPSFLGRY
282	CAA AAT ATP TPG PGS GSN SNY NYK YKL KLT LTF	CAS ASS SSF SFT FTP TPG PGG GGQ GQE QET ETQ TQY QYF	TTDPSFLGRY
304	CGP GPG PGG GGY GYN YNK NKL KLI LIF	CSV SVE VEG EGD GDL DLS LSG SGD GDE DEQ EQF QFF	TTDPSFLGRY
9	CAV AVR VRG RGG GGS GSG SGT GTY TYK YKY KYI YIF	CAS ASI SIN INR NRA RAA AAN ANT NTG TGE GEL ELF LFF	LTDEMIAQY
351	CAV AVP VPA PAG AGT GTA TAL ALI LIF	CAS AST STQ TQD QDS DSY SYG YGY GYT YTF	TTDPSFLGRY
71	CGA GAD ADT DTA TAI AIQ IQG QGA GAQ AQK QKL KLV LVF	CAS ASS SSY SYL YLQ LQG QGT GTQ TQE QET ETQ TQY QYF	LTDEMIAQY
382	CAL ALH LHD HDY DYK YKL KLS LSF	CAS ASS SSL SLS LSA SAG AGL GLD LDE DEQ EQF QFF	TTDPSFLGRY
395	CVV VVN VNT NTG TGL GLT LTG TGG GGG GGN GNK NKL KLT LTF	CAE AEQ EQD QDM DMN MNT NTG TGE GEL ELF LFF	YLQPRTFLL
209	CAF AFP FPN PNR NRA RAG AGG GGT GTS TSY SYG YGK GKL KLT LTF	CAS ASS SSL SLE LEW EWL WLG LGT GTT TTW TWD WDE DEQ EQF QFF	TTDPSFLGRY
503	CVV VVN VNN NNN NNN NND NDM DMR MRF	CAT ATQ TQD QDQ DQN QNT NTG TGE GEL ELF LFF	YLQPRTFLL
419	CAV AVN VNR NRD RDD DDK DKI KII IIF	CAS ASS SSL SLD LDI DIE IEA EAF AFF	YLQPRTFLL
29	CVV VVN VNI NIG IGS GST STL TLT LTF	CAS ASS SST STG TGG GGR GRG RGE GEQ EQF QFF	LTDEMIAQY
215	CAV AVH VHS HSG SGY GYS YST STL TLT LTF	CAS ASS SSE SED EDH DHR HRV RVT VTG TGN GNT NTI TIY IYF	TTDPSFLGRY
296	CAV AVP VPS PSF SFG FGN GNE NEK EKL KLT LTF	CAS ASS SSA SAF AFF FFE FES ESG SGE GEL ELF LFF	TTDPSFLGRY
574	CAT ATE TEE EET ETS TSG SGS GSR SRL RLT LTF	CAS ASS SSL SLE LEA EAG AGD GDY DYN YNE NEQ EQF QFF	YLQPRTFLL
38	CVF VFY FYQ YQG QGG GGK GKL KLI LIF	CAS ASR SRD RDE DEG EGR GRG RGR GRY RYG YGA GAN ANV NVL VLT LTF	LTDEMIAQY
450	CVV VVN VNG NGL GLI LIN INN NNA NAG AGN GNM NML MLT LTF	CAT ATQ TQG QGM GMN MNT NTG TGE GEL ELF LFF	YLQPRTFLL
455	CVV VVN VNS NSF SFD FDK DKL KLI LIF	CAS ASS SSL SLE LEI EIE IEQ EQY QYF	YLQPRTFLL
51	CAT ATD TDY DYR YRG RGG GGQ GQK QKL KLL LLF	CAW AWT WTR TRR RRD RDG DGG GGE GEL ELF LFF	LTDEMIAQY
317	CAV AVD VDP DPS PSN SNS NSG SGY GYA YAL ALN LNF	CAS ASS SSL SLT LTQ TQG QGG GGV GVL VLF LFF	TTDPSFLGRY
468	CAG AGL GLN LNY NYG YGG GGS GSQ SQG QGN GNL NLI LIF	CAS ASS SSL SLS LSL SLS LSQ SQG QGS GSF SFG FGY GYT YTF	YLQPRTFLL
473	CVV VVN VNR NRV RVD VDG DGY GYA YAL ALN LNF	CAW AWE WED EDR DRN RNT NTG TGE GEL ELF LFF	YLQPRTFLL
326	CAL ALS LSE SED EDG DGT GTG TGG GGF GFK FKT KTI TIF	CAS ASE SER ERR RRG RGL GLS LSG SGY GYT YTF	TTDPSFLGRY
418	CVV VVN VNR NRA RAD ADK DKL KLV LVF	CAS ASS SSD SDA DAN ANT NTG TGE GEL ELF LFF	YLQPRTFLL
240	CAL ALS LSG SGN GNT NTD TDK DKL KLI LIF	CAS ASS SSL SLA LAG AGG GGI GIV IVD VDE DEQ EQF QFF	TTDPSFLGRY
496	CAV AVN VNT NTG TGF GFQ FQK QKL KLV LVF	CAS ASS SSL SLY LYG YGG GGY GYE YEQ EQY QYF	YLQPRTFLL
354	CLP LPK PKY KYN YNT NTD TDK DKL KLI LIF	CAS ASS SSI SIS ISH SHS HST STD TDT DTQ TQY QYF	TTDPSFLGRY
428	CAV AVN VNS NSA SAD ADK DKL KLI LIF	CAS ASS SSR SRD RDI DIE IEA EAF AFF	YLQPRTFLL
501	CVV VVN VND NDR DRD RDR DRL RLM LMF	CAS ASQ SQD QDR DRN RNT NTG TGE GEL ELF LFF	YLQPRTFLL
311	CGA GAN ANG NGA GAN ANN NNL NLF LFF	CAS ASS SSS SST STS TSG SGV GVT VTD TDT DTQ TQY QYF	TTDPSFLGRY
535	CAV AVN VNG NGF GFS FSG SGG GGY GYN YNK NKL KLI LIF	CAS ASS SSP SPG PGE GEA EAR ARG RGE GEQ EQF QFF	YLQPRTFLL
280	CAM AMS MSL SLG LGS GSF SFG FGN GNV NVL VLH LHC	CAS ASN SNP NPG PGG GGV GVE VET ETQ TQY QYF	TTDPSFLGRY
580	CIV IVR VRS RSD SDY DYK YKL KLS LSF	CAS ASS SSL SLP LPG PGY GYY YYG YGY GYT YTF	YLQPRTFLL
10	CAG AGR GRS RSN SNA NAG AGK GKS KST STF	CAW AWS WSV SVG VGG GGS GSW SWV WVG VGE GEL ELF LFF	LTDEMIAQY
410	CAM AMR MRE RET ETN TNF NFG FGN GNE NEK EKL KLT LTF	CAS ASS SSR SRN RNR NRY RYT YTD TDT DTQ TQY QYF	YLQPRTFLL
144	CAV AVQ VQR QRP RPP PPT PTD TDS DSW SWG WGK GKL KLQ LQF	CAS ASS SSL SLS LSL SLI LIY IYE YEQ EQY QYF	TTDPSFLGRY
295	CAM AMR MRE REP EPW PWL WLL LLT LTG TGG GGG GGN GNK NKL KLT LTF	CAS ASS SSL SLA LAG AGA GAS ASS SSY SYN YNE NEQ EQF QFF	TTDPSFLGRY
483	CAV AVS VSF SFQ FQT QTG TGA GAN ANN NNL NLF LFF	CAS ASR SRE REE EET ETG TGI GIR IRF RFY FYE YEQ EQY QYF	YLQPRTFLL
287	CAA AAS ASI SIG IGL GLN LNT NTG TGN GNQ NQF QFY FYF	CAS ASS SSF SFT FTG TGN GND NDD DDY DYE YEQ EQY QYF	TTDPSFLGRY
438	CAV AVT VTP TPL PLY LYG YGG GGS GSQ SQG QGN GNL NLI LIF	CAS ASS SSL SLV LVG VGT GTS TSG SGR GRP RPA PAG AGD GDE DEQ EQF QFF	YLQPRTFLL
52	CAP APG PGT GTG TGR GRR RRA RAL ALT LTF	CAS ASS SSK SKE KEA EAG AGG GGP GPS PSG SGE GEL ELF LFF	LTDEMIAQY
555	CAG AGE GEA EAG AGT GTA TAL ALI LIF	CAS ASS SSI SIL ILA LAG AGG GGG GGT GTD TDT DTQ TQY QYF	YLQPRTFLL
185	CAM AMR MRE REG EGL GLG LGS GSG SGG GGS GSN SNY NYK YKL KLT LTF	CAS ASS SSL SLT LTA TAP APT PTD TDT DTQ TQY QYF	TTDPSFLGRY
101	CAA AAS ASN SNQ NQA QAG AGT GTA TAL ALI LIF	CAS ASI SIG IGM GMY MYR YRN RNE NEQ EQF QFF	LTDEMIAQY
113	CAV AVR VRD RDI DIS ISD SDG DGQ GQK QKL KLL LLF	CAS ASS SSP SPL PLS LSY SYE YEQ EQY QYF	LTDEMIAQY
183	CAV AVD VDT DTG TGR GRR RRA RAL ALT LTF	CAS ASS SSS SSD SDP DPS PSS SSD SDY DYE YEQ EQY QYF	TTDPSFLGRY
279	CAV AVR VRD RDR DRW RWD WDD DDY DYK YKL KLS LSF	CAC ACA CAG AGF GFL FLH LHH HHT HTG TGE GEL ELF LFF	TTDPSFLGRY
179	CAM AMS MSR SRN RND NDY DYK YKL KLS LSF	CAS ASS SSA SAF AFR FRG RGE GEG EGE GEK EKL KLF LFF	TTDPSFLGRY
297	CAV AVA VAP APL PLR LRA RAD ADG DGQ GQK QKL KLL LLF	CAS ASS SSL SLD LDQ DQD QDR DRA RAY AYT YTG TGE GEL ELF LFF	TTDPSFLGRY
377	CAE AEA EAA AAP APT PTG TGT GTA TAS ASK SKL KLT LTF	CAS ASS SSF SFT FTS TSG SGS GSY SYE YEQ EQY QYF	TTDPSFLGRY
414	CVV VVN VNA NAP APS PSG SGN GNT NTP TPL PLV LVF	CSA SAR ARD RDL DLG LGA GAQ AQN QNT NTG TGE GEL ELF LFF	YLQPRTFLL
388	CAG AGD GDG DGN GNF NFG FGN GNE NEK EKL KLT LTF	CAS ASS SSQ SQD QDP DPG PGR GRG RGS GSP SPL PLH LHF	YLQPRTFLL
259	CAV AVL VLS LSG SGN GNT NTG TGK GKL KLI LIF	CAS ASS SSL SLD LDG DGY GYT YTG TGE GEL ELF LFF	TTDPSFLGRY
429	CAT ATA TAS ASG SGG GGG GGA GAD ADG DGL GLT LTF	CAS ASS SSL SLV LVS VSP SPG PGF GFG FGT GTE TEA EAF AFF	YLQPRTFLL
380	CAV AVE VER ERN RNA NAG AGN GNM NML MLT LTF	CAS ASS SSP SPL PLS LSG SGL GLK LKE KEY EYF	TTDPSFLGRY
73	CAT ATN TNT NTG TGN GNQ NQF QFY FYF	CAS ASS SSE SEA EAA AAN ANQ NQP QPQ PQH QHF	LTDEMIAQY
554	CVV VVN VNA NAG AGD GDK DKL KLT LTF	CAS ASS SSP SPD PDI DIE IEQ EQF QFF	YLQPRTFLL
163	CAE AES ESL SLG LGG GGY GYS YST STL TLT LTF	CAS AST STD TDS DSD SDT DTQ TQY QYF	TTDPSFLGRY
467	CAA AAS ASY SYD YDS DSG SGA GAG AGS GSY SYQ YQL QLT LTF	CAS ASS SSD SDL DLK LKG KGS GST STD TDT DTQ TQY QYF	YLQPRTFLL
250	CAV AVF VFS FSG SGN GNT NTG TGK GKL KLI LIF	CSV SVE VEQ EQG QGT GTY TYE YEQ EQY QYF	TTDPSFLGRY
0	CAV AVD VDI DIR IRA RAG AGN GNM NML MLT LTF	CAS ASS SSL SLA LAG AGY GYE YEQ EQY QYF	LTDEMIAQY
150	CVG VGT GTP TPD PDY DYQ YQL QLI LIW	CAS ASR SRL RLQ LQG QGA GAG AGT GTE TEA EAF AFF	TTDPSFLGRY
258	CAV AVR VRV RVP VPS PSG SGA GAG AGS GSY SYQ YQL QLT LTF	CAS ASR SRE RET ETG TGR GRA RAA AAG AGN GNT NTI TIY IYF	TTDPSFLGRY
406	CGA GAE AET ETS TSG SGS GSR SRL RLT LTF	CAS ASS SSL SLA LAE AEG EGP GPR PRY RYG YGY GYT YTF	YLQPRTFLL
489	CAV AVG VGD GDN DNF NFN FNK NKF KFY FYF	CAS ASS SSR SRT RTS TSA SAK AKL KLG LGE GEQ EQY QYF	YLQPRTFLL
80	CAT ATD TDG DGN GNN NNN NNA NAG AGN GNM NML MLT LTF	CAS ASS SSV SVA VAG AGS GSS SSY SYE YEQ EQY QYF	LTDEMIAQY
378	CAA AAN ANR NRL RLG LGG GGT GTS TSY SYG YGK GKL KLT LTF	CAS ASS SSE SEG EGL GLV LVY VYE YEQ EQY QYF	TTDPSFLGRY
431	CVV VVN VNR NRD RDN DND NDM DMR MRF	CAS ASQ SQI QIL ILN LNT NTG TGE GEL ELF LFF	YLQPRTFLL
533	CAV AVK VKD KDK DKL KLI LIF	CAS ASS SSL SLT LTS TSG SGS GSE SEQ EQF QFF	YLQPRTFLL
156	CAV AVG VGL GLN LNT NTG TGT GTA TAS ASK SKL KLT LTF	CAS ASS SSW SWT WTS TSG SGS GSH SHE HEQ EQY QYF	TTDPSFLGRY
531	CAT ATR TRN RNT NTD TDK DKL KLI LIF	CAS ASS SSF SFG FGR GRG RGG GGS GSQ SQP QPQ PQH QHF	YLQPRTFLL
169	CAG AGQ GQE QET ETG TGN GNQ NQF QFY FYF	CAS ASS SST STS TSS SSP SPQ PQE QET ETQ TQY QYF	TTDPSFLGRY
494	CVV VVN VNR NRG RGD GDK DKL KLV LVF	CAS ASD SDD DDP DPN PNT NTG TGE GEL ELF LFF	YLQPRTFLL
181	CAQ AQS QSN SNY NYK YKL KLT LTF	CAS ASS SST STR TRA RAT ATN TNE NEK EKL KLF LFF	TTDPSFLGRY
532	CVV VVN VNQ NQV QVP VPG PGY GYA YAL ALN LNF	CSV SVE VEK EKD KDR DRN RNT NTG TGE GEL ELF LFF	YLQPRTFLL
350	CAL ALS LSG SGP GPT PTG TGT GTA TAS ASK SKL KLT LTF	CAS ASS SSW SWT WTS TSG SGS GSY SYE YEQ EQY QYF	TTDPSFLGRY
125	CAV AVK VKK KKI KIG IGA GAG AGN GNM NML MLT LTF	CAS ASS SSL SLG LGD GDS DSY SYN YNE NEQ EQF QFF	LTDEMIAQY
293	CAL ALG LGG GGS GSQ SQG QGN GNL NLI LIF	CAS ASS SSY SYR YRD RDG DGG GGD GDE DEQ EQY QYF	TTDPSFLGRY
514	CVV VVN VNQ NQA QAD ADK DKL KLI LIF	CAT ATG TGL GLA LAN ANT NTG TGE GEL ELF LFF	YLQPRTFLL
14	CAF AFM FMK MKT KTG TGA GAN ANS NSK SKL KLT LTF	CAI AIS ISG SGP GPE PET ETN TNQ NQP QPQ PQH QHF	LTDEMIAQY
485	CVV VVG VGT GTG TGG GGG GGN GNK NKL KLT LTF	CSA SAN ANR NRA RAG AGK GKN KNI NIQ IQY QYF	YLQPRTFLL
314	CAP APS PSK SKG KGG GGY GYN YNK NKL KLI LIF	CAI AIY IYG YGG GGP GPD PDG DGA GAN ANT NTG TGE GEL ELF LFF	TTDPSFLGRY
325	CAV AVS VSL SLG LGN GNR NRL RLA LAF	CAS ASG SGI GIA IAG AGP GPT PTD TDT DTQ TQY QYF	TTDPSFLGRY
374	CAL ALI LIL ILP LPY PYS YSG SGG GGG GGA GAD ADG DGL GLT LTF	CSA SAR ARD RDP DPG PGT GTG TGA GAY AYY YYG YGY GYT YTF	TTDPSFLGRY
435	CAA AAR ARD RDF DFG FGT GTY TYK YKY KYI YIF	CSA SAY AYD YDR DRG RGV GVS VSS SSN SNQ NQP QPQ PQH QHF	YLQPRTFLL
286	CAL ALG LGG GGS GSQ SQG QGN GNL NLI LIF	CAS ASS SSF SFR FRD RDG DGG GGD GDT DTQ TQY QYF	TTDPSFLGRY
92	CAA AAR ARG RGP GPS PSG SGY GYS YST STL TLT LTF	CAI AIS ISE SEP EPG PGS GSN SNT NTE TEA EAF AFF	LTDEMIAQY
383	CAV AVW VWD WDN DNQ NQG QGG GGK GKL KLI LIF	CSV SVE VED EDR DRN RNS NSY SYE YEQ EQY QYF	TTDPSFLGRY
146	CAM AMR MRG RGY GYG YGG GGS GSQ SQG QGN GNL NLI LIF	CAS ASS SSQ SQE QEW EWR WRE REF EFL FLR LRE REQ EQF QFF	TTDPSFLGRY
172	CAL ALS LSG SGY GYT YTG TGG GGG GGN GNK NKL KLT LTF	CAS ASS SSP SPR PRD RDH DHQ HQE QET ETQ TQY QYF	TTDPSFLGRY
260	CAV AVP VPN PNF NFG FGN GNE NEK EKL KLT LTF	CAS ASS SSL SLS LSG SGL GLG LGE GET ETQ TQY QYF	TTDPSFLGRY
213	CVV VVN VNM NMD MDS DSN SNY NYQ YQL QLI LIW	CAS ASS SSL SLQ LQR QRE REY EYP YPY PYE YEQ EQY QYF	TTDPSFLGRY
303	CAL ALS LSA SAG AGR GRR RRA RAL ALT LTF	CAS ASS SSL SLY LYE YES ESH SHN HNE NEQ EQF QFF	TTDPSFLGRY
97	CAV AVR VRP RPR PRG RGE GEW EWR WRS RSG SGT GTY TYK YKY KYI YIF	CAS ASS SSA SAG AGE GEA EAG AGE GEL ELF LFF	LTDEMIAQY
8	CAE AEN ENI NIF IFS FSG SGG GGY GYN YNK NKL KLI LIF	CAS ASS SSD SDT DTQ TQG QGS GSQ SQP QPQ PQH QHF	LTDEMIAQY
561	CAG AGA GAC ACG CGN GNQ NQF QFY FYF	CAS ASS SSP SPT PTP TPS PSG SGQ GQG QGT GTA TAD ADT DTQ TQY QYF	YLQPRTFLL
543	CAL ALS LSV SVG VGT GTG TGA GAN ANN NNL NLF LFF	CAS ASS SSI SIS ISG SGS GSG SGS GSD SDT DTQ TQY QYF	YLQPRTFLL
79	CAV AVP VPS PSG SGY GYA YAL ALN LNF	CAT ATT TTE TEQ EQG QGS GSL SLI LIE IEQ EQY QYF	LTDEMIAQY
403	CAV AVN VNM NMD MDD DDK DKI KII IIF	CAS ASS SSP SPD PDI DIE IEA EAF AFF	YLQPRTFLL
7	CAL ALR LRI RIY IYN YNQ NQG QGG GGK GKL KLI LIF	CAS ASS SSL SLG LGL GLA LAG AGG GGA GAS ASY SYN YNE NEQ EQF QFF	LTDEMIAQY
461	CVV VVN VNE NEA EAD ADK DKL KLI LIF	CSA SAR ARD RDG DGV GVA VAH AHN HNT NTG TGE GEL ELF LFF	YLQPRTFLL
37	CAS ASD SDN DNA NAG AGN GNN NNR NRK RKL KLI LIW	CAT ATR TRG RGE GEG EGA GAQ AQY QYS YSP SPL PLH LHF	LTDEMIAQY
63	CIV IVP VPR PRG RGG GGA GAD ADG DGL GLT LTF	CAS ASS SSP SPG PGI GIP IPN PNY NYG YGY GYT YTF	LTDEMIAQY
222	CLL LLG LGF GFG FGN GNV NVL VLH LHC	CAS ASS SSD SDR DRD RDS DSQ SQQ QQP QPQ PQH QHF	TTDPSFLGRY
62	CAV AVR VRH RHR HRG RGG GGQ GQK QKL KLL LLF	CAS ASS SSP SPS PSG SGS GSF SFE FEQ EQF QFF	LTDEMIAQY
559	CAV AVN VNT NTL TLM LMY MYS YSG SGG GGG GGA GAD ADG DGL GLT LTF	CAS ASS SSP SPD PDI DIE IEA EAF AFF	YLQPRTFLL
308	CGT GTG TGG GGS GSD SDS DSW SWG WGK GKL KLQ LQF	CAS ASS SSF SFS FSL SLR LRG RGR GRE REP EPQ PQH QHF	TTDPSFLGRY
534	CLV LVG VGE GEN ENF NFN FNK NKF KFY FYF	CAS ASS SSL SLG LGQ GQS QSL SLE LEQ EQY QYF	YLQPRTFLL
171	CAS ASG SGG GGS GSQ SQG QGN GNL NLI LIF	CAS ASS SSS SSR SRA RAA AAS AST STD TDT DTQ TQY QYF	TTDPSFLGRY
369	CAL ALS LSA SAN ANQ NQA QAG AGT GTA TAL ALI LIF	CAS ASS SSL SLR LRS RSG SGL GLD LDT DTQ TQY QYF	TTDPSFLGRY
221	CAE AES ESK SKS KSG SGY GYN YNK NKL KLI LIF	CAS ASS SSL SLV LVP VPG PGH GHN HNE NEQ EQF QFF	TTDPSFLGRY
539	CIP IPI PIS ISG SGG GGY GYN YNK NKL KLI LIF	CAS ASS SSQ SQE QEG EGV GVG VGQ GQG QGW GWS WSP SPL PLH LHF	YLQPRTFLL
60	CAV AVR VRV RVD VDS DSN SNY NYQ YQL QLI LIW	CAS ASS SSF SFT FTG TGR GRR RRE RET ETQ TQY QYF	LTDEMIAQY
225	CAM AMS MSA SAI AIE IET ETS TSG SGS GSR SRL RLT LTF	CAS ASS SSV SVA VAY AYE YEQ EQY QYF	TTDPSFLGRY
364	CLV LVG VGD GDW DWG WGN GNY NYG YGQ GQN QNF NFV FVF	CSG SGK GKP KPR PRG RGG GGA GAI AIY IYE YEQ EQY QYF	TTDPSFLGRY
34	CVA VAR ARM RMD MDS DSS SSY SYK YKL KLI LIF	CAS ASS SSD SDS DSG SGF GFG FGY GYG YGY GYT YTF	LTDEMIAQY
1	CGT GTE TEL ELR LRG RGK GKL KLI LIF	CAS ASS SSL SLG LGF GFP FPN PNQ NQP QPQ PQH QHF	LTDEMIAQY
30	CAA AAN ANT NTG TGN GNQ NQF QFY FYF	CAS ASS SSF SFA FAV AVN VNT NTE TEA EAF AFF	LTDEMIAQY
470	CGT GTE TER ERE REA EAQ AQG QGG GGS GSE SEK EKL KLV LVF	CAS ASR SRG RGR GRQ RQG QGR GRW RWS WSS SSG SGA GAN ANV NVL VLT LTF	YLQPRTFLL
443	CAV AVR VRS RSS SSG SGG GGS GSY SYI YIP IPT PTF	CAS ASS SST STR TRD RDS DSN SNQ NQP QPQ PQH QHF	YLQPRTFLL
27	CAG AGR GRL RLL LLI LIY IYG YGQ GQN QNF NFV FVF	CAT ATG TGL GLG LGF GFD FDY DYG YGY GYT YTF	LTDEMIAQY
460	CVV VVN VNR NRR RRD RDD DDM DMR MRF	CAS AST STE TEG EGN GNT NTG TGE GEL ELF LFF	YLQPRTFLL
589	CAG AGQ GQL QLR LRG RGG GGS GSE SEK EKL KLV LVF	CSA SAS AST STD TDR DRE REL ELN LNE NEQ EQY QYF	YLQPRTFLL
130	CAG AGA GAL ALG LGG GGA GAG AGS GSY SYQ YQL QLT LTF	CSV SVL VLT LTG TGW GWP WPY PYE YEQ EQY QYF	LTDEMIAQY
25	CAA AAL ALG LGN GNQ NQF QFY FYF	CAS ASS SSL SLG LGA GAG AGT GTY TYE YEQ EQY QYF	LTDEMIAQY
167	CAG AGH GHP HPD PDN DNT NTD TDK DKL KLI LIF	CSV SVV VVV VVI VIS ISA SAD ADT DTQ TQY QYF	TTDPSFLGRY
175	CAG AGL GLI LIG IGF GFG FGN GNV NVL VLH LHC	CSV SVA VAS ASS SSE SEA EAF AFF	TTDPSFLGRY
456	CVV VVN VNW NWQ WQY QYG YGN GNK NKL KLV LVF	CAG AGQ GQD QDS DSN SNT NTG TGE GEL ELF LFF	YLQPRTFLL
492	CVP VPR PRD RDT DTG TGR GRR RRA RAL ALT LTF	CAS ASS SSS SSI SIY IYG YGT GTS TSY SYE YEQ EQY QYF	YLQPRTFLL
23	CAV AVD VDL DLS LSG SGS GSA SAR ARQ RQL QLT LTF	CSA SAR ARG RGD GDR DRG RGE GEG EGY GYE YEQ EQY QYF	LTDEMIAQY
448	CVV VVN VNK NKE KED EDR DRL RLM LMF	CAF AFG FGQ GQQ QQN QNT NTG TGE GEL ELF LFF	YLQPRTFLL
192	CAL ALG LGG GGS GSQ SQG QGN GNL NLI LIF	CAS ASS SSL SLR LRS RSG SGQ GQD QDE DEQ EQF QFF	TTDPSFLGRY
252	CAD ADL DLN LNS NSG SGY GYS YST STL TLT LTF	CAS ASI SID IDD DDS DSL SLE LEN ENY NYG YGY GYT YTF	TTDPSFLGRY
517	CVV VVN VNE NEY EYD YDD DDM DMR MRF	CSA SAR ARD RDA DAA AAG AGQ GQN QNT NTG TGE GEL ELF LFF	YLQPRTFLL
155	CAA AAS ASE SEG EGN GNT NTG TGF GFQ FQK QKL KLV LVF	CAS ASS SSL SLP LPT PTG TGE GET ETQ TQY QYF	TTDPSFLGRY
170	CAA AAG AGP GPG PGG GGA GAD ADG DGL GLT LTF	CAS ASS SSP SPQ PQG QGV GVT VTQ TQY QYF	TTDPSFLGRY
585	CAV AVR VRV RVS VSG SGG GGY GYN YNK NKL KLI LIF	CAI AIS ISG SGD GDP DPT PTG TGV GVN VNN NNE NEQ EQF QFF	YLQPRTFLL
575	CAL ALS LSG SGT GTS TSY SYD YDK DKV KVI VIF	CAS ASS SSV SVG VGY GYR YRN RNT NTE TEA EAF AFF	YLQPRTFLL
233	CAV AVW VWD WDN DNQ NQG QGG GGK GKL KLI LIF	CSV SVE VEE EEA EAG AGS GSY SYE YEQ EQY QYF	TTDPSFLGRY
132	CAA AAS ASA SAF AFI FIS ISN SNT NTG TGK GKL KLI LIF	CAS ASS SSD SDD DDG DGT GTG TGI GIE IET ETQ TQY QYF	TTDPSFLGRY
537	CVV VVS VSD SDT DTN TNN NNA NAG AGN GNM NML MLT LTF	CAS ASK SKE KER ERG RGY GYY YYN YNE NEQ EQF QFF	YLQPRTFLL
168	CAL ALS LSD SDN DNQ NQG QGN GNL NLI LIF	CAS ASS SSY SYP YPR PRR RRS RSS SSS SSY SYN YNE NEQ EQF QFF	TTDPSFLGRY
105	CAT ATD TDR DRA RAQ AQK QKL KLV LVF	CAS ASS SSY SYW YWG WGG GGT GTD TDT DTQ TQY QYF	LTDEMIAQY
