442	YLQPRTFLL
207	TTDPSFLGRY
174	TTDPSFLGRY
353	TTDPSFLGRY
491	YLQPRTFLL
335	TTDPSFLGRY
21	LTDEMIAQY
121	LTDEMIAQY
42	LTDEMIAQY
187	TTDPSFLGRY
277	TTDPSFLGRY
257	TTDPSFLGRY
590	YLQPRTFLL
577	YLQPRTFLL
424	YLQPRTFLL
127	LTDEMIAQY
407	YLQPRTFLL
397	YLQPRTFLL
159	TTDPSFLGRY
149	TTDPSFLGRY
560	YLQPRTFLL
261	TTDPSFLGRY
522	YLQPRTFLL
300	TTDPSFLGRY
500	YLQPRTFLL
134	TTDPSFLGRY
131	LTDEMIAQY
550	YLQPRTFLL
58	LTDEMIAQY
276	TTDPSFLGRY
548	YLQPRTFLL
177	TTDPSFLGRY
274	TTDPSFLGRY
194	TTDPSFLGRY
481	YLQPRTFLL
394	YLQPRTFLL
366	TTDPSFLGRY
528	YLQPRTFLL
546	YLQPRTFLL
338	TTDPSFLGRY
232	TTDPSFLGRY
268	TTDPSFLGRY
137	TTDPSFLGRY
331	TTDPSFLGRY
462	YLQPRTFLL
157	TTDPSFLGRY
19	LTDEMIAQY
502	YLQPRTFLL
553	YLQPRTFLL
447	YLQPRTFLL
254	TTDPSFLGRY
294	TTDPSFLGRY
330	TTDPSFLGRY
198	TTDPSFLGRY
334	TTDPSFLGRY
206	TTDPSFLGRY
404	YLQPRTFLL
507	YLQPRTFLL
35	LTDEMIAQY
465	YLQPRTFLL
247	TTDPSFLGRY
508	YLQPRTFLL
22	LTDEMIAQY
518	YLQPRTFLL
307	TTDPSFLGRY
6	LTDEMIAQY
70	LTDEMIAQY
583	YLQPRTFLL
139	TTDPSFLGRY
278	TTDPSFLGRY
88	LTDEMIAQY
562	YLQPRTFLL
541	YLQPRTFLL
138	TTDPSFLGRY
348	TTDPSFLGRY
584	YLQPRTFLL
523	YLQPRTFLL
41	LTDEMIAQY
422	YLQPRTFLL
552	YLQPRTFLL
104	LTDEMIAQY
103	LTDEMIAQY
111	LTDEMIAQY
359	TTDPSFLGRY
558	YLQPRTFLL
530	YLQPRTFLL
263	TTDPSFLGRY
133	TTDPSFLGRY
475	YLQPRTFLL
72	LTDEMIAQY
336	TTDPSFLGRY
82	LTDEMIAQY
343	TTDPSFLGRY
242	TTDPSFLGRY
464	YLQPRTFLL
226	TTDPSFLGRY
13	LTDEMIAQY
545	YLQPRTFLL
230	TTDPSFLGRY
65	LTDEMIAQY
381	TTDPSFLGRY
128	LTDEMIAQY
270	TTDPSFLGRY
582	YLQPRTFLL
298	TTDPSFLGRY
557	YLQPRTFLL
386	YLQPRTFLL
466	YLQPRTFLL
405	YLQPRTFLL
540	YLQPRTFLL
284	TTDPSFLGRY
362	TTDPSFLGRY
423	YLQPRTFLL
214	TTDPSFLGRY
361	TTDPSFLGRY
352	TTDPSFLGRY
310	TTDPSFLGRY
3	LTDEMIAQY
47	LTDEMIAQY
59	LTDEMIAQY
164	TTDPSFLGRY
217	TTDPSFLGRY
513	YLQPRTFLL
116	LTDEMIAQY
430	YLQPRTFLL
445	YLQPRTFLL
515	YLQPRTFLL
56	LTDEMIAQY
411	YLQPRTFLL
211	TTDPSFLGRY
357	TTDPSFLGRY
86	LTDEMIAQY
511	YLQPRTFLL
578	YLQPRTFLL
471	YLQPRTFLL
119	LTDEMIAQY
107	LTDEMIAQY
251	TTDPSFLGRY
332	TTDPSFLGRY
272	TTDPSFLGRY
525	YLQPRTFLL
444	YLQPRTFLL
432	YLQPRTFLL
235	TTDPSFLGRY
440	YLQPRTFLL
191	TTDPSFLGRY
563	YLQPRTFLL
586	YLQPRTFLL
373	TTDPSFLGRY
32	LTDEMIAQY
267	TTDPSFLGRY
122	LTDEMIAQY
123	LTDEMIAQY
401	YLQPRTFLL
20	LTDEMIAQY
44	LTDEMIAQY
196	TTDPSFLGRY
67	LTDEMIAQY
90	LTDEMIAQY
454	YLQPRTFLL
315	TTDPSFLGRY
264	TTDPSFLGRY
337	TTDPSFLGRY
223	TTDPSFLGRY
17	LTDEMIAQY
5	LTDEMIAQY
498	YLQPRTFLL
275	TTDPSFLGRY
151	TTDPSFLGRY
488	YLQPRTFLL
564	YLQPRTFLL
385	TTDPSFLGRY
505	YLQPRTFLL
571	YLQPRTFLL
244	TTDPSFLGRY
347	TTDPSFLGRY
249	TTDPSFLGRY
356	TTDPSFLGRY
55	LTDEMIAQY
49	LTDEMIAQY
243	TTDPSFLGRY
504	YLQPRTFLL
434	YLQPRTFLL
53	LTDEMIAQY
102	LTDEMIAQY
158	TTDPSFLGRY
110	LTDEMIAQY
290	TTDPSFLGRY
193	TTDPSFLGRY
69	LTDEMIAQY
437	YLQPRTFLL
43	LTDEMIAQY
439	YLQPRTFLL
216	TTDPSFLGRY
449	YLQPRTFLL
329	TTDPSFLGRY
358	TTDPSFLGRY
495	YLQPRTFLL
210	TTDPSFLGRY
568	YLQPRTFLL
239	TTDPSFLGRY
480	YLQPRTFLL
409	YLQPRTFLL
400	YLQPRTFLL
269	TTDPSFLGRY
587	YLQPRTFLL
399	YLQPRTFLL
302	TTDPSFLGRY
527	YLQPRTFLL
165	TTDPSFLGRY
520	YLQPRTFLL
355	TTDPSFLGRY
572	YLQPRTFLL
529	YLQPRTFLL
271	TTDPSFLGRY
91	LTDEMIAQY
120	LTDEMIAQY
54	LTDEMIAQY
142	TTDPSFLGRY
99	LTDEMIAQY
579	YLQPRTFLL
360	TTDPSFLGRY
118	LTDEMIAQY
368	TTDPSFLGRY
147	TTDPSFLGRY
188	TTDPSFLGRY
479	YLQPRTFLL
154	TTDPSFLGRY
166	TTDPSFLGRY
135	TTDPSFLGRY
345	TTDPSFLGRY
106	LTDEMIAQY
173	TTDPSFLGRY
289	TTDPSFLGRY
458	YLQPRTFLL
340	TTDPSFLGRY
201	TTDPSFLGRY
266	TTDPSFLGRY
526	YLQPRTFLL
197	TTDPSFLGRY
12	LTDEMIAQY
265	TTDPSFLGRY
342	TTDPSFLGRY
538	YLQPRTFLL
459	YLQPRTFLL
96	LTDEMIAQY
50	LTDEMIAQY
415	YLQPRTFLL
16	LTDEMIAQY
510	YLQPRTFLL
457	YLQPRTFLL
202	TTDPSFLGRY
581	YLQPRTFLL
227	TTDPSFLGRY
81	LTDEMIAQY
117	LTDEMIAQY
218	TTDPSFLGRY
33	LTDEMIAQY
328	TTDPSFLGRY
324	TTDPSFLGRY
241	TTDPSFLGRY
204	TTDPSFLGRY
78	LTDEMIAQY
486	YLQPRTFLL
392	YLQPRTFLL
417	YLQPRTFLL
160	TTDPSFLGRY
512	YLQPRTFLL
484	YLQPRTFLL
45	LTDEMIAQY
26	LTDEMIAQY
472	YLQPRTFLL
393	YLQPRTFLL
285	TTDPSFLGRY
195	TTDPSFLGRY
413	YLQPRTFLL
94	LTDEMIAQY
87	LTDEMIAQY
363	TTDPSFLGRY
565	YLQPRTFLL
31	LTDEMIAQY
236	TTDPSFLGRY
282	TTDPSFLGRY
304	TTDPSFLGRY
9	LTDEMIAQY
351	TTDPSFLGRY
71	LTDEMIAQY
382	TTDPSFLGRY
395	YLQPRTFLL
209	TTDPSFLGRY
503	YLQPRTFLL
419	YLQPRTFLL
29	LTDEMIAQY
215	TTDPSFLGRY
296	TTDPSFLGRY
574	YLQPRTFLL
38	LTDEMIAQY
450	YLQPRTFLL
455	YLQPRTFLL
51	LTDEMIAQY
317	TTDPSFLGRY
468	YLQPRTFLL
473	YLQPRTFLL
326	TTDPSFLGRY
418	YLQPRTFLL
240	TTDPSFLGRY
496	YLQPRTFLL
354	TTDPSFLGRY
428	YLQPRTFLL
501	YLQPRTFLL
311	TTDPSFLGRY
535	YLQPRTFLL
280	TTDPSFLGRY
580	YLQPRTFLL
10	LTDEMIAQY
410	YLQPRTFLL
144	TTDPSFLGRY
295	TTDPSFLGRY
483	YLQPRTFLL
287	TTDPSFLGRY
438	YLQPRTFLL
52	LTDEMIAQY
555	YLQPRTFLL
185	TTDPSFLGRY
101	LTDEMIAQY
113	LTDEMIAQY
183	TTDPSFLGRY
279	TTDPSFLGRY
179	TTDPSFLGRY
297	TTDPSFLGRY
377	TTDPSFLGRY
414	YLQPRTFLL
388	YLQPRTFLL
259	TTDPSFLGRY
429	YLQPRTFLL
380	TTDPSFLGRY
73	LTDEMIAQY
554	YLQPRTFLL
163	TTDPSFLGRY
467	YLQPRTFLL
250	TTDPSFLGRY
0	LTDEMIAQY
150	TTDPSFLGRY
258	TTDPSFLGRY
406	YLQPRTFLL
489	YLQPRTFLL
80	LTDEMIAQY
378	TTDPSFLGRY
431	YLQPRTFLL
533	YLQPRTFLL
156	TTDPSFLGRY
531	YLQPRTFLL
169	TTDPSFLGRY
494	YLQPRTFLL
181	TTDPSFLGRY
532	YLQPRTFLL
350	TTDPSFLGRY
125	LTDEMIAQY
293	TTDPSFLGRY
514	YLQPRTFLL
14	LTDEMIAQY
485	YLQPRTFLL
314	TTDPSFLGRY
325	TTDPSFLGRY
374	TTDPSFLGRY
435	YLQPRTFLL
286	TTDPSFLGRY
92	LTDEMIAQY
383	TTDPSFLGRY
146	TTDPSFLGRY
172	TTDPSFLGRY
260	TTDPSFLGRY
213	TTDPSFLGRY
303	TTDPSFLGRY
97	LTDEMIAQY
8	LTDEMIAQY
561	YLQPRTFLL
543	YLQPRTFLL
79	LTDEMIAQY
403	YLQPRTFLL
7	LTDEMIAQY
461	YLQPRTFLL
37	LTDEMIAQY
63	LTDEMIAQY
222	TTDPSFLGRY
62	LTDEMIAQY
559	YLQPRTFLL
308	TTDPSFLGRY
534	YLQPRTFLL
171	TTDPSFLGRY
369	TTDPSFLGRY
221	TTDPSFLGRY
539	YLQPRTFLL
60	LTDEMIAQY
225	TTDPSFLGRY
364	TTDPSFLGRY
34	LTDEMIAQY
1	LTDEMIAQY
30	LTDEMIAQY
470	YLQPRTFLL
443	YLQPRTFLL
27	LTDEMIAQY
460	YLQPRTFLL
589	YLQPRTFLL
130	LTDEMIAQY
25	LTDEMIAQY
167	TTDPSFLGRY
175	TTDPSFLGRY
456	YLQPRTFLL
492	YLQPRTFLL
23	LTDEMIAQY
448	YLQPRTFLL
192	TTDPSFLGRY
252	TTDPSFLGRY
517	YLQPRTFLL
155	TTDPSFLGRY
170	TTDPSFLGRY
585	YLQPRTFLL
575	YLQPRTFLL
233	TTDPSFLGRY
132	TTDPSFLGRY
537	YLQPRTFLL
168	TTDPSFLGRY
105	LTDEMIAQY
